I have the share object needed for xrootd!

Connection test failed.  Disabling xrootd....
/d/grid13/hjesse/MC/gluex_MCwrapper/set_gluexenv.sh
pwd=/d/grid13/hjesse/MC


Detected bash shell
Run 30274 does not have a beam_on_current.  Defaulting to beam_current.
rcdb
Job started:  Thu Jun 18 19:04:39 EDT 2020
Simulating the Experiment:  gluex
ccdbsqlite path:  no_sqlite mysql://ccdb_user@hallddb.jlab.org/ccdb
rcdbsqlite path:  no_sqlite mysql://rcdb@hallddb.jlab.org/rcdb
Producing file number: 4
Containing:  10000/10000 events
Running location: ./
Output location: /d/grid13/hjesse/MC/
Environment file:  /d/grid13/hjesse/MC/gluex_MCwrapper/set_gluexenv.sh
Analysis Environment file:  no_Analysis_env
Context: variation=mc
Reconstruction calibtime: notime
Run Number: 30274
Electron beam current to use: .16114600000000000000 uA
Electron beam energy to use: 11.613 GeV
Radiator Thickness to use: 30e-6 m
Collimator Diameter: 50 m
Photon Energy between 3 and 11.6 GeV
Polarization Angle: -1.0 degrees
Coherent Peak position: 0
----------------------------------------------
Run generation step? 1  Will be cleaned? 1
Flux Hist to use:  cobrems  :  unset
Polarization to use:  0  :  unset
Using genr8 with config: /d/grid13/hjesse/MC/Xi_1320.input
----------------------------------------------
Run geant step? 1  Will be cleaned? 1
Using geant4
Custom Gcontrol? 0
Background to use: None
Random trigger background to use: none
BGRATE will be set to: rcdb GHz (if applicable)
Run mcsmear? 1  Will be cleaned? 1
----------------------------------------------
Run reconstruction? 1  Will be cleaned? 0
With additional plugins: file:/d/grid13/hjesse/MC/hd_root_xim13.config
==============================================


=======SOFTWARE USED=======
MCwrapper version v2.5.1
MCwrapper location /d/grid13/hjesse/MC/gluex_MCwrapper
LDPRELOAD:  /usr/lib64/libXrdPosixPreload.so
Streaming via xrootd? 0 Event Count: -1
BC /usr/bin/bc
python /usr/bin/python
/d/grid13/gluex/gluex_top/halld_sim/halld_sim-4.5.0/Linux_CentOS7-x86_64-gcc4.8.5/bin/genr8
/d/grid13/gluex/gluex_top/hdgeant4/hdgeant4-2.4.0/bin/Linux-g++/hdgeant4
/d/grid13/gluex/gluex_top/halld_sim/halld_sim-4.5.0/Linux_CentOS7-x86_64-gcc4.8.5/bin/mcsmear
/d/grid13/gluex/gluex_top/halld_recon/halld_recon-4.5.0/Linux_CentOS7-x86_64-gcc4.8.5/bin/hd_root


gathering jana config file
input file found
configuring genr8
Xi_1320.input
RUNNING GENR8
Setting random number seed to: 1592905426

BeamProperties: Parsing config file genr8_030274_004_beam.conf

Initialization for coherent bremsstralung calculation
 electron beam energy: 11.613 GeV
 primary coherent edge: 0 GeV
Wrote event 1000Wrote event 2000Wrote event 3000Wrote event 4000Wrote event 5000Wrote event 6000Wrote event 7000Wrote event 8000Wrote event 9000Wrote event 10000Wrote 10000 events to genr8_030274_004.hddm
RUNNING GEANT4
removing Beam Photon background from geant simulation

*************************************************************
 Geant4 version Name: geant4-10-02-patch-02 [MT]   (17-June-2016)
  << in Multi-threaded mode >> 
                      Copyright : Geant4 Collaboration
                      Reference : NIM A 506 (2003), 250-303
                            WWW : http://cern.ch/geant4
*************************************************************

JANA >>Created JCalibration object of type: JCalibrationCCDB
JANA >>Generated via: JCalibration using CCDB for MySQL and SQLite databases
JANA >>Run:30274
JANA >>URL: mysql://ccdb_user@hallddb.jlab.org/ccdb
JANA >>context: variation=mc
JANA >>comment: Variation for simulations with data conditions
JANA >>WARNING: Unable to open "/tmp/jana/resources/info.xml" (not necessarily a problem)
JANA >>Reading Magnetic field map from Magnets/Solenoid/solenoid_1350A_poisson_20160222 ...
JANA >>Downloading https://halldweb.jlab.org/resources/Magnets/Solenoid/solenoid_1350A_poisson_20160222 ...
curl --insecure https://halldweb.jlab.org/resources/Magnets/Solenoid/solenoid_1350A_poisson_20160222 -o /tmp/jana/resources/Magnets/Solenoid/solenoid_1350A_poisson_20160222
 Nx=221 Ny=1 Nz=701 )  at 0x3d1a1b0
JANA >>154921 entries found (Downloading https://halldweb.jlab.org/resources/Magnets/Solenoid/finemeshes/solenoid_1350A_poisson_20160222 ...
curl --insecure https://halldweb.jlab.org/resources/Magnets/Solenoid/finemeshes/solenoid_1350A_poisson_20160222 -o /tmp/jana/resources/Magnets/Solenoid/finemeshes/solenoid_1350A_poisson_20160222
Reading fine-mesh B-field data from /tmp/jana/resources/Magnets/Solenoid/finemeshes/solenoid_1350A_poisson_20160222
 rmin: 0 rmax: 88.5 dr: 0.1 zmin: 0 zmax: 600 dz: 0.1
 Number of points in z = 6000
 Number of points in r = 885
In G4HelixMixedStepper: Choosing Stepper for small steps. Choice is G4ClassicalRK4
JANA >>Creating DGeometry:
JANA >>  Run requested:30274  found:30274
JANA >>  Run validity range: 30274-30274
JANA >>  URL="ccdb:///GEOMETRY/main_HDDS.xml"  context="default"
JANA >>  Type="JGeometryXML"
JANA >>Found 25 material maps in calib. DB
JANA >>Read in 25 material maps for run 30274 containing 76153 grid points total
JANA >>
JANA >>Reading Pair Spectrometer Magnetic field map from Magnets/PairSpectrometer/PS_1.8T_20150513_test ...
JANA >>Downloading https://halldweb.jlab.org/resources/Magnets/PairSpectrometer/PS_1.8T_20150513_test ...
curl --insecure https://halldweb.jlab.org/resources/Magnets/PairSpectrometer/PS_1.8T_20150513_test -o /tmp/jana/resources/Magnets/PairSpectrometer/PS_1.8T_20150513_test
 Nx=40 Ny=1 Nz=121 )  at 0x3ebcae0

--- G4ParticleDefinition ---
 Particle Name : B+
 PDG particle code : 521 [PDG anti-particle code: -521]
 Mass [GeV/c2] : 5.27926     Width : 4.018e-13
 Lifetime [nsec] : 0.001638
 Charge [e]: 1
 Spin : 0/2
 Parity : -1
 Charge conjugation : 0
 Isospin : (I,Iz): (1/2 , 1/2 ) 
 GParity : 0
 Quark contents     (d,u,s,c,b,t) : 0, 1, 0, 0, 0, 0
 AntiQuark contents               : 0, 0, 0, 0, 1, 0
 Lepton number : 0 Baryon number : 0
 Particle type : meson [B]
Decay Table is not defined !!

--- G4ParticleDefinition ---
 Particle Name : B-
 PDG particle code : -521 [PDG anti-particle code: 521]
 Mass [GeV/c2] : 5.27926     Width : 4.018e-13
 Lifetime [nsec] : 0.001638
 Charge [e]: -1
 Spin : 0/2
 Parity : -1
 Charge conjugation : 0
 Isospin : (I,Iz): (1/2 , -1/2 ) 
 GParity : 0
 Quark contents     (d,u,s,c,b,t) : 0, 0, 0, 0, 1, 0
 AntiQuark contents               : 0, 1, 0, 0, 0, 0
 Lepton number : 0 Baryon number : 0
 Particle type : meson [B]
Decay Table is not defined !!

--- G4ParticleDefinition ---
 Particle Name : B0
 PDG particle code : 511 [PDG anti-particle code: -511]
 Mass [GeV/c2] : 5.27958     Width : 4.333e-13
 Lifetime [nsec] : 0.001519
 Charge [e]: 0
 Spin : 0/2
 Parity : -1
 Charge conjugation : 0
 Isospin : (I,Iz): (1/2 , -1/2 ) 
 GParity : 0
 Quark contents     (d,u,s,c,b,t) : 1, 0, 0, 0, 0, 0
 AntiQuark contents               : 0, 0, 0, 0, 1, 0
 Lepton number : 0 Baryon number : 0
 Particle type : meson [B]
Decay Table is not defined !!

--- G4ParticleDefinition ---
 Particle Name : Bc+
 PDG particle code : 541 [PDG anti-particle code: -541]
 Mass [GeV/c2] : 6.2756     Width : 1.46e-12
 Lifetime [nsec] : 0.000452
 Charge [e]: 1
 Spin : 0/2
 Parity : -1
 Charge conjugation : 0
 Isospin : (I,Iz): (0/2 , 0/2 ) 
 GParity : 0
 Quark contents     (d,u,s,c,b,t) : 0, 0, 0, 1, 0, 0
 AntiQuark contents               : 0, 0, 0, 0, 1, 0
 Lepton number : 0 Baryon number : 0
 Particle type : meson [Bc]
Decay Table is not defined !!

--- G4ParticleDefinition ---
 Particle Name : Bc-
 PDG particle code : -541 [PDG anti-particle code: 541]
 Mass [GeV/c2] : 6.2756     Width : 1.46e-12
 Lifetime [nsec] : 0.000452
 Charge [e]: -1
 Spin : 0/2
 Parity : -1
 Charge conjugation : 0
 Isospin : (I,Iz): (0/2 , 0/2 ) 
 GParity : 0
 Quark contents     (d,u,s,c,b,t) : 0, 0, 0, 0, 1, 0
 AntiQuark contents               : 0, 0, 0, 1, 0, 0
 Lepton number : 0 Baryon number : 0
 Particle type : meson [Bc]
Decay Table is not defined !!

--- G4ParticleDefinition ---
 Particle Name : Bs0
 PDG particle code : 531 [PDG anti-particle code: -531]
 Mass [GeV/c2] : 5.36677     Width : 4.353e-13
 Lifetime [nsec] : 0.001512
 Charge [e]: 0
 Spin : 0/2
 Parity : -1
 Charge conjugation : 0
 Isospin : (I,Iz): (0/2 , 0/2 ) 
 GParity : 0
 Quark contents     (d,u,s,c,b,t) : 0, 0, 1, 0, 0, 0
 AntiQuark contents               : 0, 0, 0, 0, 1, 0
 Lepton number : 0 Baryon number : 0
 Particle type : meson [Bs]
Decay Table is not defined !!

--- G4ParticleDefinition ---
 Particle Name : D+
 PDG particle code : 411 [PDG anti-particle code: -411]
 Mass [GeV/c2] : 1.86962     Width : 6.33e-13
 Lifetime [nsec] : 0.00104
 Charge [e]: 1
 Spin : 0/2
 Parity : -1
 Charge conjugation : 0
 Isospin : (I,Iz): (1/2 , 1/2 ) 
 GParity : 0
 Quark contents     (d,u,s,c,b,t) : 0, 0, 0, 1, 0, 0
 AntiQuark contents               : 1, 0, 0, 0, 0, 0
 Lepton number : 0 Baryon number : 0
 Particle type : meson [D]
Decay Table is not defined !!

--- G4ParticleDefinition ---
 Particle Name : D-
 PDG particle code : -411 [PDG anti-particle code: 411]
 Mass [GeV/c2] : 1.86962     Width : 6.33e-13
 Lifetime [nsec] : 0.00104
 Charge [e]: -1
 Spin : 0/2
 Parity : -1
 Charge conjugation : 0
 Isospin : (I,Iz): (1/2 , -1/2 ) 
 GParity : 0
 Quark contents     (d,u,s,c,b,t) : 1, 0, 0, 0, 0, 0
 AntiQuark contents               : 0, 0, 0, 1, 0, 0
 Lepton number : 0 Baryon number : 0
 Particle type : meson [D]
Decay Table is not defined !!

--- G4ParticleDefinition ---
 Particle Name : D0
 PDG particle code : 421 [PDG anti-particle code: -421]
 Mass [GeV/c2] : 1.86484     Width : 1.605e-12
 Lifetime [nsec] : 0.0004101
 Charge [e]: 0
 Spin : 0/2
 Parity : -1
 Charge conjugation : 0
 Isospin : (I,Iz): (1/2 , -1/2 ) 
 GParity : 0
 Quark contents     (d,u,s,c,b,t) : 0, 0, 0, 1, 0, 0
 AntiQuark contents               : 0, 1, 0, 0, 0, 0
 Lepton number : 0 Baryon number : 0
 Particle type : meson [D]
Decay Table is not defined !!

--- G4ParticleDefinition ---
 Particle Name : Ds+
 PDG particle code : 431 [PDG anti-particle code: -431]
 Mass [GeV/c2] : 1.9683     Width : 1.317e-12
 Lifetime [nsec] : 0.0005
 Charge [e]: 1
 Spin : 0/2
 Parity : -1
 Charge conjugation : 0
 Isospin : (I,Iz): (0/2 , 0/2 ) 
 GParity : 0
 Quark contents     (d,u,s,c,b,t) : 0, 0, 0, 1, 0, 0
 AntiQuark contents               : 0, 0, 1, 0, 0, 0
 Lepton number : 0 Baryon number : 0
 Particle type : meson [Ds]
Decay Table is not defined !!

--- G4ParticleDefinition ---
 Particle Name : Ds-
 PDG particle code : -431 [PDG anti-particle code: 431]
 Mass [GeV/c2] : 1.9683     Width : 1.317e-12
 Lifetime [nsec] : 0.0005
 Charge [e]: -1
 Spin : 0/2
 Parity : -1
 Charge conjugation : 0
 Isospin : (I,Iz): (0/2 , 0/2 ) 
 GParity : 0
 Quark contents     (d,u,s,c,b,t) : 0, 0, 1, 0, 0, 0
 AntiQuark contents               : 0, 0, 0, 1, 0, 0
 Lepton number : 0 Baryon number : 0
 Particle type : meson [Ds]
Decay Table is not defined !!

--- G4ParticleDefinition ---
 Particle Name : GenericIon
 PDG particle code : 0 [PDG anti-particle code: 0]
 Mass [GeV/c2] : 0.938272     Width : 0
 Lifetime [nsec] : -1
 Charge [e]: 1
 Spin : 1/2
 Parity : 1
 Charge conjugation : 0
 Isospin : (I,Iz): (1/2 , 1/2 ) 
 GParity : 0
 Quark contents     (d,u,s,c,b,t) : 0, 0, 0, 0, 0, 0
 AntiQuark contents               : 0, 0, 0, 0, 0, 0
 Lepton number : 0 Baryon number : 1
 Particle type : nucleus [generic]
 Atomic Number : 1  Atomic Mass : 1
 Stable : stable

--- G4ParticleDefinition ---
 Particle Name : He3
 PDG particle code : 1000020030 [PDG anti-particle code: -1000020030]
 Mass [GeV/c2] : 2.80839     Width : 0
 Lifetime [nsec] : -1
 Charge [e]: 2
 Spin : 1/2
 Parity : 1
 Charge conjugation : 0
 Isospin : (I,Iz): (0/2 , 0/2 ) 
 GParity : 0
 MagneticMoment [MeV/T] : -6.70723e-14
 Quark contents     (d,u,s,c,b,t) : 5, 4, 0, 0, 0, 0
 AntiQuark contents               : 0, 0, 0, 0, 0, 0
 Lepton number : 0 Baryon number : 3
 Particle type : nucleus [static]
 Atomic Number : 2  Atomic Mass : 3
 Stable : stable

--- G4ParticleDefinition ---
 Particle Name : J/psi
 PDG particle code : 443 [PDG anti-particle code: 443]
 Mass [GeV/c2] : 3.09692     Width : 9.29e-05
 Lifetime [nsec] : 0
 Charge [e]: 0
 Spin : 2/2
 Parity : -1
 Charge conjugation : -1
 Isospin : (I,Iz): (0/2 , 0/2 ) 
 GParity : -1
 Quark contents     (d,u,s,c,b,t) : 0, 0, 0, 1, 0, 0
 AntiQuark contents               : 0, 0, 0, 1, 0, 0
 Lepton number : 0 Baryon number : 0
 Particle type : meson [J/psi]
Decay Table is not defined !!

--- G4ParticleDefinition ---
 Particle Name : N(1440)+
 PDG particle code : 12212 [PDG anti-particle code: -12212]
 Mass [GeV/c2] : 1.43     Width : 0.35
 Lifetime [nsec] : 0
 Charge [e]: 1
 Spin : 1/2
 Parity : 1
 Charge conjugation : 0
 Isospin : (I,Iz): (1/2 , 1/2 ) 
 GParity : 0
 Quark contents     (d,u,s,c,b,t) : 1, 2, 0, 0, 0, 0
 AntiQuark contents               : 0, 0, 0, 0, 0, 0
 Lepton number : 0 Baryon number : 1
 Particle type : baryon [N(1440)]
 ShortLived : ON
G4DecayTable:  N(1440)+
0:  BR:  0.35  [Phase Space]   :   proton pi0
1:  BR:  0.35  [Phase Space]   :   neutron pi+
2:  BR:  0.125  [Phase Space]   :   delta++ pi-
3:  BR:  0.0833333  [Phase Space]   :   delta+ pi0
4:  BR:  0.0416667  [Phase Space]   :   delta0 pi+
5:  BR:  0.025  [Phase Space]   :   proton pi+ pi-
6:  BR:  0.025  [Phase Space]   :   proton pi0 pi0


--- G4ParticleDefinition ---
 Particle Name : N(1440)0
 PDG particle code : 12112 [PDG anti-particle code: -12112]
 Mass [GeV/c2] : 1.43     Width : 0.35
 Lifetime [nsec] : 0
 Charge [e]: 0
 Spin : 1/2
 Parity : 1
 Charge conjugation : 0
 Isospin : (I,Iz): (1/2 , -1/2 ) 
 GParity : 0
 Quark contents     (d,u,s,c,b,t) : 2, 1, 0, 0, 0, 0
 AntiQuark contents               : 0, 0, 0, 0, 0, 0
 Lepton number : 0 Baryon number : 1
 Particle type : baryon [N(1440)]
 ShortLived : ON
G4DecayTable:  N(1440)0
0:  BR:  0.35  [Phase Space]   :   neutron pi0
1:  BR:  0.35  [Phase Space]   :   proton pi-
2:  BR:  0.125  [Phase Space]   :   delta- pi+
3:  BR:  0.0833333  [Phase Space]   :   delta0 pi0
4:  BR:  0.0416667  [Phase Space]   :   delta+ pi-
5:  BR:  0.025  [Phase Space]   :   neutron pi+ pi-
6:  BR:  0.025  [Phase Space]   :   neutron pi0 pi0


--- G4ParticleDefinition ---
 Particle Name : N(1520)+
 PDG particle code : 2124 [PDG anti-particle code: -2124]
 Mass [GeV/c2] : 1.515     Width : 0.115
 Lifetime [nsec] : 0
 Charge [e]: 1
 Spin : 3/2
 Parity : -1
 Charge conjugation : 0
 Isospin : (I,Iz): (1/2 , 1/2 ) 
 GParity : 0
 Quark contents     (d,u,s,c,b,t) : 1, 2, 0, 0, 0, 0
 AntiQuark contents               : 0, 0, 0, 0, 0, 0
 Lepton number : 0 Baryon number : 1
 Particle type : baryon [N(1520)]
 ShortLived : ON
G4DecayTable:  N(1520)+
0:  BR:  0.3  [Phase Space]   :   proton pi0
1:  BR:  0.3  [Phase Space]   :   neutron pi+
2:  BR:  0.125  [Phase Space]   :   delta++ pi-
3:  BR:  0.0833333  [Phase Space]   :   delta+ pi0
4:  BR:  0.075  [Phase Space]   :   proton pi+ pi-
5:  BR:  0.075  [Phase Space]   :   proton pi0 pi0
6:  BR:  0.0416667  [Phase Space]   :   delta0 pi+


--- G4ParticleDefinition ---
 Particle Name : N(1520)0
 PDG particle code : 1214 [PDG anti-particle code: -1214]
 Mass [GeV/c2] : 1.515     Width : 0.115
 Lifetime [nsec] : 0
 Charge [e]: 0
 Spin : 3/2
 Parity : -1
 Charge conjugation : 0
 Isospin : (I,Iz): (1/2 , -1/2 ) 
 GParity : 0
 Quark contents     (d,u,s,c,b,t) : 2, 1, 0, 0, 0, 0
 AntiQuark contents               : 0, 0, 0, 0, 0, 0
 Lepton number : 0 Baryon number : 1
 Particle type : baryon [N(1520)]
 ShortLived : ON
G4DecayTable:  N(1520)0
0:  BR:  0.3  [Phase Space]   :   neutron pi0
1:  BR:  0.3  [Phase Space]   :   proton pi-
2:  BR:  0.125  [Phase Space]   :   delta- pi+
3:  BR:  0.0833333  [Phase Space]   :   delta0 pi0
4:  BR:  0.075  [Phase Space]   :   neutron pi+ pi-
5:  BR:  0.075  [Phase Space]   :   neutron pi0 pi0
6:  BR:  0.0416667  [Phase Space]   :   delta+ pi-


--- G4ParticleDefinition ---
 Particle Name : N(1535)+
 PDG particle code : 22212 [PDG anti-particle code: -22212]
 Mass [GeV/c2] : 1.535     Width : 0.15
 Lifetime [nsec] : 0
 Charge [e]: 1
 Spin : 1/2
 Parity : -1
 Charge conjugation : 0
 Isospin : (I,Iz): (1/2 , 1/2 ) 
 GParity : 0
 Quark contents     (d,u,s,c,b,t) : 1, 2, 0, 0, 0, 0
 AntiQuark contents               : 0, 0, 0, 0, 0, 0
 Lepton number : 0 Baryon number : 1
 Particle type : baryon [N(1535)]
 ShortLived : ON
G4DecayTable:  N(1535)+
0:  BR:  0.35  [Phase Space]   :   proton eta
1:  BR:  0.275  [Phase Space]   :   proton pi0
2:  BR:  0.275  [Phase Space]   :   neutron pi+
3:  BR:  0.025  [Phase Space]   :   proton pi+ pi-
4:  BR:  0.025  [Phase Space]   :   proton pi0 pi0
5:  BR:  0.025  [Phase Space]   :   N(1440)+ pi0
6:  BR:  0.025  [Phase Space]   :   N(1440)0 pi+
7:  BR:  0.001  [Phase Space]   :   proton gamma


--- G4ParticleDefinition ---
 Particle Name : N(1535)0
 PDG particle code : 22112 [PDG anti-particle code: -22112]
 Mass [GeV/c2] : 1.535     Width : 0.15
 Lifetime [nsec] : 0
 Charge [e]: 0
 Spin : 1/2
 Parity : -1
 Charge conjugation : 0
 Isospin : (I,Iz): (1/2 , -1/2 ) 
 GParity : 0
 Quark contents     (d,u,s,c,b,t) : 2, 1, 0, 0, 0, 0
 AntiQuark contents               : 0, 0, 0, 0, 0, 0
 Lepton number : 0 Baryon number : 1
 Particle type : baryon [N(1535)]
 ShortLived : ON
G4DecayTable:  N(1535)0
0:  BR:  0.35  [Phase Space]   :   neutron eta
1:  BR:  0.275  [Phase Space]   :   neutron pi0
2:  BR:  0.275  [Phase Space]   :   proton pi-
3:  BR:  0.025  [Phase Space]   :   neutron pi+ pi-
4:  BR:  0.025  [Phase Space]   :   neutron pi0 pi0
5:  BR:  0.025  [Phase Space]   :   N(1440)0 pi0
6:  BR:  0.025  [Phase Space]   :   N(1440)+ pi-
7:  BR:  0.001  [Phase Space]   :   neutron gamma


--- G4ParticleDefinition ---
 Particle Name : N(1650)+
 PDG particle code : 32212 [PDG anti-particle code: -32212]
 Mass [GeV/c2] : 1.655     Width : 0.14
 Lifetime [nsec] : 0
 Charge [e]: 1
 Spin : 1/2
 Parity : -1
 Charge conjugation : 0
 Isospin : (I,Iz): (1/2 , 1/2 ) 
 GParity : 0
 Quark contents     (d,u,s,c,b,t) : 1, 2, 0, 0, 0, 0
 AntiQuark contents               : 0, 0, 0, 0, 0, 0
 Lepton number : 0 Baryon number : 1
 Particle type : baryon [N(1650)]
 ShortLived : ON
G4DecayTable:  N(1650)+
0:  BR:  0.325  [Phase Space]   :   proton pi0
1:  BR:  0.325  [Phase Space]   :   neutron pi+
2:  BR:  0.1  [Phase Space]   :   lambda kaon+
3:  BR:  0.05  [Phase Space]   :   proton eta
4:  BR:  0.05  [Phase Space]   :   delta++ pi-
5:  BR:  0.0333333  [Phase Space]   :   delta+ pi0
6:  BR:  0.025  [Phase Space]   :   proton pi+ pi-
7:  BR:  0.025  [Phase Space]   :   proton pi0 pi0
8:  BR:  0.025  [Phase Space]   :   N(1440)+ pi0
9:  BR:  0.025  [Phase Space]   :   N(1440)0 pi+
10:  BR:  0.0166667  [Phase Space]   :   delta0 pi+


--- G4ParticleDefinition ---
 Particle Name : N(1650)0
 PDG particle code : 32112 [PDG anti-particle code: -32112]
 Mass [GeV/c2] : 1.655     Width : 0.14
 Lifetime [nsec] : 0
 Charge [e]: 0
 Spin : 1/2
 Parity : -1
 Charge conjugation : 0
 Isospin : (I,Iz): (1/2 , -1/2 ) 
 GParity : 0
 Quark contents     (d,u,s,c,b,t) : 2, 1, 0, 0, 0, 0
 AntiQuark contents               : 0, 0, 0, 0, 0, 0
 Lepton number : 0 Baryon number : 1
 Particle type : baryon [N(1650)]
 ShortLived : ON
G4DecayTable:  N(1650)0
0:  BR:  0.325  [Phase Space]   :   neutron pi0
1:  BR:  0.325  [Phase Space]   :   proton pi-
2:  BR:  0.1  [Phase Space]   :   lambda kaon0
3:  BR:  0.05  [Phase Space]   :   neutron eta
4:  BR:  0.05  [Phase Space]   :   delta- pi+
5:  BR:  0.0333333  [Phase Space]   :   delta0 pi0
6:  BR:  0.025  [Phase Space]   :   neutron pi+ pi-
7:  BR:  0.025  [Phase Space]   :   neutron pi0 pi0
8:  BR:  0.025  [Phase Space]   :   N(1440)0 pi0
9:  BR:  0.025  [Phase Space]   :   N(1440)+ pi-
10:  BR:  0.0166667  [Phase Space]   :   delta+ pi-


--- G4ParticleDefinition ---
 Particle Name : N(1675)+
 PDG particle code : 2216 [PDG anti-particle code: -2216]
 Mass [GeV/c2] : 1.675     Width : 0.15
 Lifetime [nsec] : 0
 Charge [e]: 1
 Spin : 5/2
 Parity : -1
 Charge conjugation : 0
 Isospin : (I,Iz): (1/2 , 1/2 ) 
 GParity : 0
 Quark contents     (d,u,s,c,b,t) : 1, 2, 0, 0, 0, 0
 AntiQuark contents               : 0, 0, 0, 0, 0, 0
 Lepton number : 0 Baryon number : 1
 Particle type : baryon [N(1675)]
 ShortLived : ON
G4DecayTable:  N(1675)+
0:  BR:  0.275  [Phase Space]   :   delta++ pi-
1:  BR:  0.225  [Phase Space]   :   proton pi0
2:  BR:  0.225  [Phase Space]   :   neutron pi+
3:  BR:  0.183333  [Phase Space]   :   delta+ pi0
4:  BR:  0.0916667  [Phase Space]   :   delta0 pi+


--- G4ParticleDefinition ---
 Particle Name : N(1675)0
 PDG particle code : 2116 [PDG anti-particle code: -2116]
 Mass [GeV/c2] : 1.675     Width : 0.15
 Lifetime [nsec] : 0
 Charge [e]: 0
 Spin : 5/2
 Parity : -1
 Charge conjugation : 0
 Isospin : (I,Iz): (1/2 , -1/2 ) 
 GParity : 0
 Quark contents     (d,u,s,c,b,t) : 2, 1, 0, 0, 0, 0
 AntiQuark contents               : 0, 0, 0, 0, 0, 0
 Lepton number : 0 Baryon number : 1
 Particle type : baryon [N(1675)]
 ShortLived : ON
G4DecayTable:  N(1675)0
0:  BR:  0.275  [Phase Space]   :   delta- pi+
1:  BR:  0.225  [Phase Space]   :   neutron pi0
2:  BR:  0.225  [Phase Space]   :   proton pi-
3:  BR:  0.183333  [Phase Space]   :   delta0 pi0
4:  BR:  0.0916667  [Phase Space]   :   delta+ pi-


--- G4ParticleDefinition ---
 Particle Name : N(1680)+
 PDG particle code : 12216 [PDG anti-particle code: -12216]
 Mass [GeV/c2] : 1.685     Width : 0.13
 Lifetime [nsec] : 0
 Charge [e]: 1
 Spin : 5/2
 Parity : 1
 Charge conjugation : 0
 Isospin : (I,Iz): (1/2 , 1/2 ) 
 GParity : 0
 Quark contents     (d,u,s,c,b,t) : 1, 2, 0, 0, 0, 0
 AntiQuark contents               : 0, 0, 0, 0, 0, 0
 Lepton number : 0 Baryon number : 1
 Particle type : baryon [N(1680)]
 ShortLived : ON
G4DecayTable:  N(1680)+
0:  BR:  0.325  [Phase Space]   :   proton pi0
1:  BR:  0.325  [Phase Space]   :   neutron pi+
2:  BR:  0.1  [Phase Space]   :   proton pi+ pi-
3:  BR:  0.1  [Phase Space]   :   proton pi0 pi0
4:  BR:  0.075  [Phase Space]   :   delta++ pi-
5:  BR:  0.05  [Phase Space]   :   delta+ pi0
6:  BR:  0.025  [Phase Space]   :   delta0 pi+


--- G4ParticleDefinition ---
 Particle Name : N(1680)0
 PDG particle code : 12116 [PDG anti-particle code: -12116]
 Mass [GeV/c2] : 1.685     Width : 0.13
 Lifetime [nsec] : 0
 Charge [e]: 0
 Spin : 5/2
 Parity : 1
 Charge conjugation : 0
 Isospin : (I,Iz): (1/2 , -1/2 ) 
 GParity : 0
 Quark contents     (d,u,s,c,b,t) : 2, 1, 0, 0, 0, 0
 AntiQuark contents               : 0, 0, 0, 0, 0, 0
 Lepton number : 0 Baryon number : 1
 Particle type : baryon [N(1680)]
 ShortLived : ON
G4DecayTable:  N(1680)0
0:  BR:  0.325  [Phase Space]   :   neutron pi0
1:  BR:  0.325  [Phase Space]   :   proton pi-
2:  BR:  0.1  [Phase Space]   :   neutron pi+ pi-
3:  BR:  0.1  [Phase Space]   :   neutron pi0 pi0
4:  BR:  0.075  [Phase Space]   :   delta- pi+
5:  BR:  0.05  [Phase Space]   :   delta0 pi0
6:  BR:  0.025  [Phase Space]   :   delta+ pi-


--- G4ParticleDefinition ---
 Particle Name : N(1700)+
 PDG particle code : 22124 [PDG anti-particle code: -22124]
 Mass [GeV/c2] : 1.7     Width : 0.15
 Lifetime [nsec] : 0
 Charge [e]: 1
 Spin : 3/2
 Parity : -1
 Charge conjugation : 0
 Isospin : (I,Iz): (1/2 , 1/2 ) 
 GParity : 0
 Quark contents     (d,u,s,c,b,t) : 1, 2, 0, 0, 0, 0
 AntiQuark contents               : 0, 0, 0, 0, 0, 0
 Lepton number : 0 Baryon number : 1
 Particle type : baryon [N(1700)]
 ShortLived : ON
G4DecayTable:  N(1700)+
0:  BR:  0.225  [Phase Space]   :   proton pi+ pi-
1:  BR:  0.225  [Phase Space]   :   proton pi0 pi0
2:  BR:  0.175  [Phase Space]   :   delta++ pi-
3:  BR:  0.116667  [Phase Space]   :   delta+ pi0
4:  BR:  0.0583333  [Phase Space]   :   delta0 pi+
5:  BR:  0.05  [Phase Space]   :   proton pi0
6:  BR:  0.05  [Phase Space]   :   neutron pi+
7:  BR:  0.05  [Phase Space]   :   proton eta
8:  BR:  0.025  [Phase Space]   :   proton rho0
9:  BR:  0.025  [Phase Space]   :   neutron rho+


--- G4ParticleDefinition ---
 Particle Name : N(1700)0
 PDG particle code : 21214 [PDG anti-particle code: -21214]
 Mass [GeV/c2] : 1.7     Width : 0.15
 Lifetime [nsec] : 0
 Charge [e]: 0
 Spin : 3/2
 Parity : -1
 Charge conjugation : 0
 Isospin : (I,Iz): (1/2 , -1/2 ) 
 GParity : 0
 Quark contents     (d,u,s,c,b,t) : 2, 1, 0, 0, 0, 0
 AntiQuark contents               : 0, 0, 0, 0, 0, 0
 Lepton number : 0 Baryon number : 1
 Particle type : baryon [N(1700)]
 ShortLived : ON
G4DecayTable:  N(1700)0
0:  BR:  0.225  [Phase Space]   :   neutron pi+ pi-
1:  BR:  0.225  [Phase Space]   :   neutron pi0 pi0
2:  BR:  0.175  [Phase Space]   :   delta- pi+
3:  BR:  0.116667  [Phase Space]   :   delta0 pi0
4:  BR:  0.0583333  [Phase Space]   :   delta+ pi-
5:  BR:  0.05  [Phase Space]   :   neutron pi0
6:  BR:  0.05  [Phase Space]   :   proton pi-
7:  BR:  0.05  [Phase Space]   :   neutron eta
8:  BR:  0.025  [Phase Space]   :   neutron rho0
9:  BR:  0.025  [Phase Space]   :   proton rho-


--- G4ParticleDefinition ---
 Particle Name : N(1710)+
 PDG particle code : 42212 [PDG anti-particle code: -42212]
 Mass [GeV/c2] : 1.71     Width : 0.1
 Lifetime [nsec] : 0
 Charge [e]: 1
 Spin : 1/2
 Parity : 1
 Charge conjugation : 0
 Isospin : (I,Iz): (1/2 , 1/2 ) 
 GParity : 0
 Quark contents     (d,u,s,c,b,t) : 1, 2, 0, 0, 0, 0
 AntiQuark contents               : 0, 0, 0, 0, 0, 0
 Lepton number : 0 Baryon number : 1
 Particle type : baryon [N(1710)]
 ShortLived : ON
G4DecayTable:  N(1710)+
0:  BR:  0.2  [Phase Space]   :   proton eta
1:  BR:  0.1  [Phase Space]   :   proton pi+ pi-
2:  BR:  0.1  [Phase Space]   :   proton pi0 pi0
3:  BR:  0.1  [Phase Space]   :   delta++ pi-
4:  BR:  0.1  [Phase Space]   :   lambda kaon+
5:  BR:  0.075  [Phase Space]   :   proton pi0
6:  BR:  0.075  [Phase Space]   :   neutron pi+
7:  BR:  0.0666667  [Phase Space]   :   delta+ pi0
8:  BR:  0.05  [Phase Space]   :   N(1440)+ pi0
9:  BR:  0.05  [Phase Space]   :   N(1440)0 pi+
10:  BR:  0.0333333  [Phase Space]   :   delta0 pi+
11:  BR:  0.025  [Phase Space]   :   proton rho0
12:  BR:  0.025  [Phase Space]   :   neutron rho+


--- G4ParticleDefinition ---
 Particle Name : N(1710)0
 PDG particle code : 42112 [PDG anti-particle code: -42112]
 Mass [GeV/c2] : 1.71     Width : 0.1
 Lifetime [nsec] : 0
 Charge [e]: 0
 Spin : 1/2
 Parity : 1
 Charge conjugation : 0
 Isospin : (I,Iz): (1/2 , -1/2 ) 
 GParity : 0
 Quark contents     (d,u,s,c,b,t) : 2, 1, 0, 0, 0, 0
 AntiQuark contents               : 0, 0, 0, 0, 0, 0
 Lepton number : 0 Baryon number : 1
 Particle type : baryon [N(1710)]
 ShortLived : ON
G4DecayTable:  N(1710)0
0:  BR:  0.2  [Phase Space]   :   neutron eta
1:  BR:  0.1  [Phase Space]   :   neutron pi+ pi-
2:  BR:  0.1  [Phase Space]   :   neutron pi0 pi0
3:  BR:  0.1  [Phase Space]   :   delta- pi+
4:  BR:  0.1  [Phase Space]   :   lambda kaon0
5:  BR:  0.075  [Phase Space]   :   neutron pi0
6:  BR:  0.075  [Phase Space]   :   proton pi-
7:  BR:  0.0666667  [Phase Space]   :   delta0 pi0
8:  BR:  0.05  [Phase Space]   :   N(1440)0 pi0
9:  BR:  0.05  [Phase Space]   :   N(1440)+ pi-
10:  BR:  0.0333333  [Phase Space]   :   delta+ pi-
11:  BR:  0.025  [Phase Space]   :   neutron rho0
12:  BR:  0.025  [Phase Space]   :   proton rho-


--- G4ParticleDefinition ---
 Particle Name : N(1720)+
 PDG particle code : 32124 [PDG anti-particle code: -32124]
 Mass [GeV/c2] : 1.72     Width : 0.25
 Lifetime [nsec] : 0
 Charge [e]: 1
 Spin : 3/2
 Parity : 1
 Charge conjugation : 0
 Isospin : (I,Iz): (1/2 , 1/2 ) 
 GParity : 0
 Quark contents     (d,u,s,c,b,t) : 1, 2, 0, 0, 0, 0
 AntiQuark contents               : 0, 0, 0, 0, 0, 0
 Lepton number : 0 Baryon number : 1
 Particle type : baryon [N(1720)]
 ShortLived : ON
G4DecayTable:  N(1720)+
0:  BR:  0.225  [Phase Space]   :   proton pi+ pi-
1:  BR:  0.225  [Phase Space]   :   proton pi0 pi0
2:  BR:  0.125  [Phase Space]   :   proton rho0
3:  BR:  0.125  [Phase Space]   :   neutron rho+
4:  BR:  0.075  [Phase Space]   :   proton pi0
5:  BR:  0.075  [Phase Space]   :   neutron pi+
6:  BR:  0.05  [Phase Space]   :   delta++ pi-
7:  BR:  0.05  [Phase Space]   :   lambda kaon+
8:  BR:  0.0333333  [Phase Space]   :   delta+ pi0
9:  BR:  0.0166667  [Phase Space]   :   delta0 pi+


--- G4ParticleDefinition ---
 Particle Name : N(1720)0
 PDG particle code : 31214 [PDG anti-particle code: -31214]
 Mass [GeV/c2] : 1.72     Width : 0.25
 Lifetime [nsec] : 0
 Charge [e]: 0
 Spin : 3/2
 Parity : 1
 Charge conjugation : 0
 Isospin : (I,Iz): (1/2 , -1/2 ) 
 GParity : 0
 Quark contents     (d,u,s,c,b,t) : 2, 1, 0, 0, 0, 0
 AntiQuark contents               : 0, 0, 0, 0, 0, 0
 Lepton number : 0 Baryon number : 1
 Particle type : baryon [N(1720)]
 ShortLived : ON
G4DecayTable:  N(1720)0
0:  BR:  0.225  [Phase Space]   :   neutron pi+ pi-
1:  BR:  0.225  [Phase Space]   :   neutron pi0 pi0
2:  BR:  0.125  [Phase Space]   :   neutron rho0
3:  BR:  0.125  [Phase Space]   :   proton rho-
4:  BR:  0.075  [Phase Space]   :   neutron pi0
5:  BR:  0.075  [Phase Space]   :   proton pi-
6:  BR:  0.05  [Phase Space]   :   delta- pi+
7:  BR:  0.05  [Phase Space]   :   lambda kaon0
8:  BR:  0.0333333  [Phase Space]   :   delta0 pi0
9:  BR:  0.0166667  [Phase Space]   :   delta+ pi-


--- G4ParticleDefinition ---
 Particle Name : N(1900)+
 PDG particle code : 42124 [PDG anti-particle code: -42124]
 Mass [GeV/c2] : 1.9     Width : 0.5
 Lifetime [nsec] : 0
 Charge [e]: 1
 Spin : 3/2
 Parity : 1
 Charge conjugation : 0
 Isospin : (I,Iz): (1/2 , 1/2 ) 
 GParity : 0
 Quark contents     (d,u,s,c,b,t) : 1, 2, 0, 0, 0, 0
 AntiQuark contents               : 0, 0, 0, 0, 0, 0
 Lepton number : 0 Baryon number : 1
 Particle type : baryon [N(1900)]
 ShortLived : ON
G4DecayTable:  N(1900)+
0:  BR:  0.55  [Phase Space]   :   proton omega
1:  BR:  0.175  [Phase Space]   :   proton pi0
2:  BR:  0.175  [Phase Space]   :   neutron pi+
3:  BR:  0.025  [Phase Space]   :   proton rho0
4:  BR:  0.025  [Phase Space]   :   neutron rho+
5:  BR:  0.025  [Phase Space]   :   delta++ pi-
6:  BR:  0.0166667  [Phase Space]   :   delta+ pi0
7:  BR:  0.00833333  [Phase Space]   :   delta0 pi+


--- G4ParticleDefinition ---
 Particle Name : N(1900)0
 PDG particle code : 41214 [PDG anti-particle code: -41214]
 Mass [GeV/c2] : 1.9     Width : 0.5
 Lifetime [nsec] : 0
 Charge [e]: 0
 Spin : 3/2
 Parity : 1
 Charge conjugation : 0
 Isospin : (I,Iz): (1/2 , -1/2 ) 
 GParity : 0
 Quark contents     (d,u,s,c,b,t) : 2, 1, 0, 0, 0, 0
 AntiQuark contents               : 0, 0, 0, 0, 0, 0
 Lepton number : 0 Baryon number : 1
 Particle type : baryon [N(1900)]
 ShortLived : ON
G4DecayTable:  N(1900)0
0:  BR:  0.55  [Phase Space]   :   neutron omega
1:  BR:  0.175  [Phase Space]   :   neutron pi0
2:  BR:  0.175  [Phase Space]   :   proton pi-
3:  BR:  0.025  [Phase Space]   :   neutron rho0
4:  BR:  0.025  [Phase Space]   :   proton rho-
5:  BR:  0.025  [Phase Space]   :   delta- pi+
6:  BR:  0.0166667  [Phase Space]   :   delta0 pi0
7:  BR:  0.00833333  [Phase Space]   :   delta+ pi-


--- G4ParticleDefinition ---
 Particle Name : N(1990)+
 PDG particle code : 12218 [PDG anti-particle code: -12218]
 Mass [GeV/c2] : 1.95     Width : 0.555
 Lifetime [nsec] : 0
 Charge [e]: 1
 Spin : 7/2
 Parity : 1
 Charge conjugation : 0
 Isospin : (I,Iz): (1/2 , 1/2 ) 
 GParity : 0
 Quark contents     (d,u,s,c,b,t) : 1, 2, 0, 0, 0, 0
 AntiQuark contents               : 0, 0, 0, 0, 0, 0
 Lepton number : 0 Baryon number : 1
 Particle type : baryon [N(1990)]
 ShortLived : ON
G4DecayTable:  N(1990)+
0:  BR:  0.15  [Phase Space]   :   delta++ pi-
1:  BR:  0.125  [Phase Space]   :   proton pi+ pi-
2:  BR:  0.125  [Phase Space]   :   proton pi0 pi0
3:  BR:  0.1  [Phase Space]   :   lambda kaon+
4:  BR:  0.1  [Phase Space]   :   delta+ pi0
5:  BR:  0.075  [Phase Space]   :   proton rho0
6:  BR:  0.075  [Phase Space]   :   neutron rho+
7:  BR:  0.075  [Phase Space]   :   N(1440)+ pi0
8:  BR:  0.075  [Phase Space]   :   N(1440)0 pi+
9:  BR:  0.05  [Phase Space]   :   delta0 pi+
10:  BR:  0.025  [Phase Space]   :   proton pi0
11:  BR:  0.025  [Phase Space]   :   neutron pi+


--- G4ParticleDefinition ---
 Particle Name : N(1990)0
 PDG particle code : 12118 [PDG anti-particle code: -12118]
 Mass [GeV/c2] : 1.95     Width : 0.555
 Lifetime [nsec] : 0
 Charge [e]: 0
 Spin : 7/2
 Parity : 1
 Charge conjugation : 0
 Isospin : (I,Iz): (1/2 , -1/2 ) 
 GParity : 0
 Quark contents     (d,u,s,c,b,t) : 2, 1, 0, 0, 0, 0
 AntiQuark contents               : 0, 0, 0, 0, 0, 0
 Lepton number : 0 Baryon number : 1
 Particle type : baryon [N(1990)]
 ShortLived : ON
G4DecayTable:  N(1990)0
0:  BR:  0.15  [Phase Space]   :   delta- pi+
1:  BR:  0.125  [Phase Space]   :   neutron pi+ pi-
2:  BR:  0.125  [Phase Space]   :   neutron pi0 pi0
3:  BR:  0.1  [Phase Space]   :   lambda kaon0
4:  BR:  0.1  [Phase Space]   :   delta0 pi0
5:  BR:  0.075  [Phase Space]   :   neutron rho0
6:  BR:  0.075  [Phase Space]   :   proton rho-
7:  BR:  0.075  [Phase Space]   :   N(1440)0 pi0
8:  BR:  0.075  [Phase Space]   :   N(1440)+ pi-
9:  BR:  0.05  [Phase Space]   :   delta+ pi-
10:  BR:  0.025  [Phase Space]   :   neutron pi0
11:  BR:  0.025  [Phase Space]   :   proton pi-


--- G4ParticleDefinition ---
 Particle Name : N(2090)+
 PDG particle code : 52214 [PDG anti-particle code: -52214]
 Mass [GeV/c2] : 2.08     Width : 0.35
 Lifetime [nsec] : 0
 Charge [e]: 1
 Spin : 3/2
 Parity : -1
 Charge conjugation : 0
 Isospin : (I,Iz): (1/2 , 1/2 ) 
 GParity : 0
 Quark contents     (d,u,s,c,b,t) : 1, 2, 0, 0, 0, 0
 AntiQuark contents               : 0, 0, 0, 0, 0, 0
 Lepton number : 0 Baryon number : 1
 Particle type : baryon [N(2090)]
 ShortLived : ON
G4DecayTable:  N(2090)+
0:  BR:  0.3  [Phase Space]   :   proton pi0
1:  BR:  0.3  [Phase Space]   :   neutron pi+
2:  BR:  0.125  [Phase Space]   :   proton rho0
3:  BR:  0.125  [Phase Space]   :   neutron rho+
4:  BR:  0.05  [Phase Space]   :   proton eta
5:  BR:  0.025  [Phase Space]   :   proton pi+ pi-
6:  BR:  0.025  [Phase Space]   :   proton pi0 pi0
7:  BR:  0.025  [Phase Space]   :   delta++ pi-
8:  BR:  0.0166667  [Phase Space]   :   delta+ pi0
9:  BR:  0.00833333  [Phase Space]   :   delta0 pi+


--- G4ParticleDefinition ---
 Particle Name : N(2090)0
 PDG particle code : 52114 [PDG anti-particle code: -52114]
 Mass [GeV/c2] : 2.08     Width : 0.35
 Lifetime [nsec] : 0
 Charge [e]: 0
 Spin : 3/2
 Parity : -1
 Charge conjugation : 0
 Isospin : (I,Iz): (1/2 , -1/2 ) 
 GParity : 0
 Quark contents     (d,u,s,c,b,t) : 2, 1, 0, 0, 0, 0
 AntiQuark contents               : 0, 0, 0, 0, 0, 0
 Lepton number : 0 Baryon number : 1
 Particle type : baryon [N(2090)]
 ShortLived : ON
G4DecayTable:  N(2090)0
0:  BR:  0.3  [Phase Space]   :   neutron pi0
1:  BR:  0.3  [Phase Space]   :   proton pi-
2:  BR:  0.125  [Phase Space]   :   neutron rho0
3:  BR:  0.125  [Phase Space]   :   proton rho-
4:  BR:  0.05  [Phase Space]   :   neutron eta
5:  BR:  0.025  [Phase Space]   :   neutron pi+ pi-
6:  BR:  0.025  [Phase Space]   :   neutron pi0 pi0
7:  BR:  0.025  [Phase Space]   :   delta- pi+
8:  BR:  0.0166667  [Phase Space]   :   delta0 pi0
9:  BR:  0.00833333  [Phase Space]   :   delta+ pi-


--- G4ParticleDefinition ---
 Particle Name : N(2190)+
 PDG particle code : 2128 [PDG anti-particle code: -2128]
 Mass [GeV/c2] : 2.19     Width : 0.5
 Lifetime [nsec] : 0
 Charge [e]: 1
 Spin : 7/2
 Parity : 1
 Charge conjugation : 0
 Isospin : (I,Iz): (1/2 , 1/2 ) 
 GParity : 0
 Quark contents     (d,u,s,c,b,t) : 1, 2, 0, 0, 0, 0
 AntiQuark contents               : 0, 0, 0, 0, 0, 0
 Lepton number : 0 Baryon number : 1
 Particle type : baryon [N(2190)]
 ShortLived : ON
G4DecayTable:  N(2190)+
0:  BR:  0.175  [Phase Space]   :   proton pi0
1:  BR:  0.175  [Phase Space]   :   neutron pi+
2:  BR:  0.15  [Phase Space]   :   proton rho0
3:  BR:  0.15  [Phase Space]   :   neutron rho+
4:  BR:  0.075  [Phase Space]   :   proton pi+ pi-
5:  BR:  0.075  [Phase Space]   :   proton pi0 pi0
6:  BR:  0.075  [Phase Space]   :   delta++ pi-
7:  BR:  0.05  [Phase Space]   :   delta+ pi0
8:  BR:  0.025  [Phase Space]   :   N(1440)+ pi0
9:  BR:  0.025  [Phase Space]   :   N(1440)0 pi+
10:  BR:  0.025  [Phase Space]   :   delta0 pi+


--- G4ParticleDefinition ---
 Particle Name : N(2190)0
 PDG particle code : 1218 [PDG anti-particle code: -1218]
 Mass [GeV/c2] : 2.19     Width : 0.5
 Lifetime [nsec] : 0
 Charge [e]: 0
 Spin : 7/2
 Parity : 1
 Charge conjugation : 0
 Isospin : (I,Iz): (1/2 , -1/2 ) 
 GParity : 0
 Quark contents     (d,u,s,c,b,t) : 2, 1, 0, 0, 0, 0
 AntiQuark contents               : 0, 0, 0, 0, 0, 0
 Lepton number : 0 Baryon number : 1
 Particle type : baryon [N(2190)]
 ShortLived : ON
G4DecayTable:  N(2190)0
0:  BR:  0.175  [Phase Space]   :   neutron pi0
1:  BR:  0.175  [Phase Space]   :   proton pi-
2:  BR:  0.15  [Phase Space]   :   neutron rho0
3:  BR:  0.15  [Phase Space]   :   proton rho-
4:  BR:  0.075  [Phase Space]   :   neutron pi+ pi-
5:  BR:  0.075  [Phase Space]   :   neutron pi0 pi0
6:  BR:  0.075  [Phase Space]   :   delta- pi+
7:  BR:  0.05  [Phase Space]   :   delta0 pi0
8:  BR:  0.025  [Phase Space]   :   N(1440)0 pi0
9:  BR:  0.025  [Phase Space]   :   N(1440)+ pi-
10:  BR:  0.025  [Phase Space]   :   delta+ pi-


--- G4ParticleDefinition ---
 Particle Name : N(2220)+
 PDG particle code : 100002210 [PDG anti-particle code: -100002210]
 Mass [GeV/c2] : 2.25     Width : 0.4
 Lifetime [nsec] : 0
 Charge [e]: 1
 Spin : 9/2
 Parity : -1
 Charge conjugation : 0
 Isospin : (I,Iz): (1/2 , 1/2 ) 
 GParity : 0
 Quark contents     (d,u,s,c,b,t) : 1, 2, 0, 0, 0, 0
 AntiQuark contents               : 0, 0, 0, 0, 0, 0
 Lepton number : 0 Baryon number : 1
 Particle type : baryon [N(2220)]
 ShortLived : ON
G4DecayTable:  N(2220)+
0:  BR:  0.175  [Phase Space]   :   proton pi0
1:  BR:  0.175  [Phase Space]   :   neutron pi+
2:  BR:  0.125  [Phase Space]   :   proton rho0
3:  BR:  0.125  [Phase Space]   :   neutron rho+
4:  BR:  0.1  [Phase Space]   :   proton pi+ pi-
5:  BR:  0.1  [Phase Space]   :   proton pi0 pi0
6:  BR:  0.1  [Phase Space]   :   delta++ pi-
7:  BR:  0.0666667  [Phase Space]   :   delta+ pi0
8:  BR:  0.0333333  [Phase Space]   :   delta0 pi+


--- G4ParticleDefinition ---
 Particle Name : N(2220)0
 PDG particle code : 100002110 [PDG anti-particle code: -100002110]
 Mass [GeV/c2] : 2.25     Width : 0.4
 Lifetime [nsec] : 0
 Charge [e]: 0
 Spin : 9/2
 Parity : -1
 Charge conjugation : 0
 Isospin : (I,Iz): (1/2 , -1/2 ) 
 GParity : 0
 Quark contents     (d,u,s,c,b,t) : 2, 1, 0, 0, 0, 0
 AntiQuark contents               : 0, 0, 0, 0, 0, 0
 Lepton number : 0 Baryon number : 1
 Particle type : baryon [N(2220)]
 ShortLived : ON
G4DecayTable:  N(2220)0
0:  BR:  0.175  [Phase Space]   :   neutron pi0
1:  BR:  0.175  [Phase Space]   :   proton pi-
2:  BR:  0.125  [Phase Space]   :   neutron rho0
3:  BR:  0.125  [Phase Space]   :   proton rho-
4:  BR:  0.1  [Phase Space]   :   neutron pi+ pi-
5:  BR:  0.1  [Phase Space]   :   neutron pi0 pi0
6:  BR:  0.1  [Phase Space]   :   delta- pi+
7:  BR:  0.0666667  [Phase Space]   :   delta0 pi0
8:  BR:  0.0333333  [Phase Space]   :   delta+ pi-


--- G4ParticleDefinition ---
 Particle Name : N(2250)+
 PDG particle code : 100012210 [PDG anti-particle code: -100012210]
 Mass [GeV/c2] : 2.275     Width : 0.5
 Lifetime [nsec] : 0
 Charge [e]: 1
 Spin : 9/2
 Parity : -1
 Charge conjugation : 0
 Isospin : (I,Iz): (1/2 , 1/2 ) 
 GParity : 0
 Quark contents     (d,u,s,c,b,t) : 1, 2, 0, 0, 0, 0
 AntiQuark contents               : 0, 0, 0, 0, 0, 0
 Lepton number : 0 Baryon number : 1
 Particle type : baryon [N(2250)]
 ShortLived : ON
G4DecayTable:  N(2250)+
0:  BR:  0.15  [Phase Space]   :   proton pi0
1:  BR:  0.15  [Phase Space]   :   neutron pi+
2:  BR:  0.125  [Phase Space]   :   proton rho0
3:  BR:  0.125  [Phase Space]   :   neutron rho+
4:  BR:  0.1  [Phase Space]   :   proton pi+ pi-
5:  BR:  0.1  [Phase Space]   :   proton pi0 pi0
6:  BR:  0.1  [Phase Space]   :   delta++ pi-
7:  BR:  0.0666667  [Phase Space]   :   delta+ pi0
8:  BR:  0.0333333  [Phase Space]   :   delta0 pi+
9:  BR:  0.025  [Phase Space]   :   N(1440)+ pi0
10:  BR:  0.025  [Phase Space]   :   N(1440)0 pi+


--- G4ParticleDefinition ---
 Particle Name : N(2250)0
 PDG particle code : 100012110 [PDG anti-particle code: -100012110]
 Mass [GeV/c2] : 2.275     Width : 0.5
 Lifetime [nsec] : 0
 Charge [e]: 0
 Spin : 9/2
 Parity : -1
 Charge conjugation : 0
 Isospin : (I,Iz): (1/2 , -1/2 ) 
 GParity : 0
 Quark contents     (d,u,s,c,b,t) : 2, 1, 0, 0, 0, 0
 AntiQuark contents               : 0, 0, 0, 0, 0, 0
 Lepton number : 0 Baryon number : 1
 Particle type : baryon [N(2250)]
 ShortLived : ON
G4DecayTable:  N(2250)0
0:  BR:  0.15  [Phase Space]   :   neutron pi0
1:  BR:  0.15  [Phase Space]   :   proton pi-
2:  BR:  0.125  [Phase Space]   :   neutron rho0
3:  BR:  0.125  [Phase Space]   :   proton rho-
4:  BR:  0.1  [Phase Space]   :   neutron pi+ pi-
5:  BR:  0.1  [Phase Space]   :   neutron pi0 pi0
6:  BR:  0.1  [Phase Space]   :   delta- pi+
7:  BR:  0.0666667  [Phase Space]   :   delta0 pi0
8:  BR:  0.0333333  [Phase Space]   :   delta+ pi-
9:  BR:  0.025  [Phase Space]   :   N(1440)0 pi0
10:  BR:  0.025  [Phase Space]   :   N(1440)+ pi-


--- G4ParticleDefinition ---
 Particle Name : Upsilon
 PDG particle code : 553 [PDG anti-particle code: 553]
 Mass [GeV/c2] : 9.4603     Width : 5.4e-05
 Lifetime [nsec] : 0
 Charge [e]: 0
 Spin : 2/2
 Parity : -1
 Charge conjugation : -1
 Isospin : (I,Iz): (0/2 , 0/2 ) 
 GParity : -1
 Quark contents     (d,u,s,c,b,t) : 0, 0, 0, 0, 1, 0
 AntiQuark contents               : 0, 0, 0, 0, 1, 0
 Lepton number : 0 Baryon number : 0
 Particle type : meson [Upsilon]
Decay Table is not defined !!

--- G4ParticleDefinition ---
 Particle Name : a0(1450)+
 PDG particle code : 10211 [PDG anti-particle code: -10211]
 Mass [GeV/c2] : 1.474     Width : 0.265
 Lifetime [nsec] : 0
 Charge [e]: 1
 Spin : 0/2
 Parity : 1
 Charge conjugation : 1
 Isospin : (I,Iz): (2/2 , 2/2 ) 
 GParity : -1
 Quark contents     (d,u,s,c,b,t) : 0, 1, 0, 0, 0, 0
 AntiQuark contents               : 1, 0, 0, 0, 0, 0
 Lepton number : 0 Baryon number : 0
 Particle type : meson [a0(1450)]
 ShortLived : ON
G4DecayTable:  a0(1450)+
0:  BR:  0.9  [Phase Space]   :   pi+ eta
1:  BR:  0.1  [Phase Space]   :   rho+ eta
2:  BR:  0.1  [Phase Space]   :   kaon+ anti_kaon0


--- G4ParticleDefinition ---
 Particle Name : a0(1450)-
 PDG particle code : -10211 [PDG anti-particle code: 10211]
 Mass [GeV/c2] : 1.474     Width : 0.265
 Lifetime [nsec] : 0
 Charge [e]: -1
 Spin : 0/2
 Parity : 1
 Charge conjugation : 1
 Isospin : (I,Iz): (2/2 , -2/2 ) 
 GParity : -1
 Quark contents     (d,u,s,c,b,t) : 1, 0, 0, 0, 0, 0
 AntiQuark contents               : 0, 1, 0, 0, 0, 0
 Lepton number : 0 Baryon number : 0
 Particle type : meson [a0(1450)]
 ShortLived : ON
G4DecayTable:  a0(1450)-
0:  BR:  0.9  [Phase Space]   :   pi- eta
1:  BR:  0.1  [Phase Space]   :   rho- eta
2:  BR:  0.1  [Phase Space]   :   kaon- kaon0


--- G4ParticleDefinition ---
 Particle Name : a0(1450)0
 PDG particle code : 10111 [PDG anti-particle code: 10111]
 Mass [GeV/c2] : 1.474     Width : 0.265
 Lifetime [nsec] : 0
 Charge [e]: 0
 Spin : 0/2
 Parity : 1
 Charge conjugation : 1
 Isospin : (I,Iz): (2/2 , 0/2 ) 
 GParity : -1
 Quark contents     (d,u,s,c,b,t) : 1, 0, 0, 0, 0, 0
 AntiQuark contents               : 1, 0, 0, 0, 0, 0
 Lepton number : 0 Baryon number : 0
 Particle type : meson [a0(1450)]
 ShortLived : ON
G4DecayTable:  a0(1450)0
0:  BR:  0.9  [Phase Space]   :   pi0 eta
1:  BR:  0.1  [Phase Space]   :   rho0 eta
2:  BR:  0.05  [Phase Space]   :   kaon+ kaon-
3:  BR:  0.05  [Phase Space]   :   kaon0 anti_kaon0


--- G4ParticleDefinition ---
 Particle Name : a0(980)+
 PDG particle code : 9000211 [PDG anti-particle code: -9000211]
 Mass [GeV/c2] : 0.98     Width : 0.06
 Lifetime [nsec] : 0
 Charge [e]: 1
 Spin : 0/2
 Parity : 1
 Charge conjugation : 1
 Isospin : (I,Iz): (2/2 , 2/2 ) 
 GParity : -1
 Quark contents     (d,u,s,c,b,t) : 0, 1, 0, 0, 0, 0
 AntiQuark contents               : 1, 0, 0, 0, 0, 0
 Lepton number : 0 Baryon number : 0
 Particle type : meson [a0(980)]
 ShortLived : ON
G4DecayTable:  a0(980)+
0:  BR:  1  [Phase Space]   :   pi+ eta


--- G4ParticleDefinition ---
 Particle Name : a0(980)-
 PDG particle code : -9000211 [PDG anti-particle code: 9000211]
 Mass [GeV/c2] : 0.98     Width : 0.06
 Lifetime [nsec] : 0
 Charge [e]: -1
 Spin : 0/2
 Parity : 1
 Charge conjugation : 1
 Isospin : (I,Iz): (2/2 , -2/2 ) 
 GParity : -1
 Quark contents     (d,u,s,c,b,t) : 1, 0, 0, 0, 0, 0
 AntiQuark contents               : 0, 1, 0, 0, 0, 0
 Lepton number : 0 Baryon number : 0
 Particle type : meson [a0(980)]
 ShortLived : ON
G4DecayTable:  a0(980)-
0:  BR:  1  [Phase Space]   :   pi- eta


--- G4ParticleDefinition ---
 Particle Name : a0(980)0
 PDG particle code : 9000111 [PDG anti-particle code: 9000111]
 Mass [GeV/c2] : 0.98     Width : 0.075
 Lifetime [nsec] : 0
 Charge [e]: 0
 Spin : 0/2
 Parity : 1
 Charge conjugation : 1
 Isospin : (I,Iz): (2/2 , 0/2 ) 
 GParity : -1
 Quark contents     (d,u,s,c,b,t) : 1, 0, 0, 0, 0, 0
 AntiQuark contents               : 1, 0, 0, 0, 0, 0
 Lepton number : 0 Baryon number : 0
 Particle type : meson [a0(980)]
 ShortLived : ON
G4DecayTable:  a0(980)0
0:  BR:  1  [Phase Space]   :   pi0 eta


--- G4ParticleDefinition ---
 Particle Name : a1(1260)+
 PDG particle code : 20213 [PDG anti-particle code: -20213]
 Mass [GeV/c2] : 1.23     Width : 0.42
 Lifetime [nsec] : 0
 Charge [e]: 1
 Spin : 2/2
 Parity : 1
 Charge conjugation : 1
 Isospin : (I,Iz): (2/2 , 2/2 ) 
 GParity : -1
 Quark contents     (d,u,s,c,b,t) : 0, 1, 0, 0, 0, 0
 AntiQuark contents               : 1, 0, 0, 0, 0, 0
 Lepton number : 0 Baryon number : 0
 Particle type : meson [a1(1260)]
 ShortLived : ON
G4DecayTable:  a1(1260)+
0:  BR:  0.45  [Phase Space]   :   pi+ rho0
1:  BR:  0.45  [Phase Space]   :   pi0 rho+
2:  BR:  0.1  [Phase Space]   :   pi+ gamma


--- G4ParticleDefinition ---
 Particle Name : a1(1260)-
 PDG particle code : -20213 [PDG anti-particle code: 20213]
 Mass [GeV/c2] : 1.23     Width : 0.42
 Lifetime [nsec] : 0
 Charge [e]: -1
 Spin : 2/2
 Parity : 1
 Charge conjugation : 1
 Isospin : (I,Iz): (2/2 , -2/2 ) 
 GParity : -1
 Quark contents     (d,u,s,c,b,t) : 1, 0, 0, 0, 0, 0
 AntiQuark contents               : 0, 1, 0, 0, 0, 0
 Lepton number : 0 Baryon number : 0
 Particle type : meson [a1(1260)]
 ShortLived : ON
G4DecayTable:  a1(1260)-
0:  BR:  0.45  [Phase Space]   :   pi- rho0
1:  BR:  0.45  [Phase Space]   :   pi0 rho-
2:  BR:  0.1  [Phase Space]   :   pi- gamma


--- G4ParticleDefinition ---
 Particle Name : a1(1260)0
 PDG particle code : 20113 [PDG anti-particle code: 20113]
 Mass [GeV/c2] : 1.23     Width : 0.42
 Lifetime [nsec] : 0
 Charge [e]: 0
 Spin : 2/2
 Parity : 1
 Charge conjugation : 1
 Isospin : (I,Iz): (2/2 , 0/2 ) 
 GParity : -1
 Quark contents     (d,u,s,c,b,t) : 1, 0, 0, 0, 0, 0
 AntiQuark contents               : 1, 0, 0, 0, 0, 0
 Lepton number : 0 Baryon number : 0
 Particle type : meson [a1(1260)]
 ShortLived : ON
G4DecayTable:  a1(1260)0
0:  BR:  0.45  [Phase Space]   :   pi+ rho-
1:  BR:  0.45  [Phase Space]   :   pi- rho+
2:  BR:  0.1  [Phase Space]   :   pi0 gamma


--- G4ParticleDefinition ---
 Particle Name : a2(1320)+
 PDG particle code : 215 [PDG anti-particle code: -215]
 Mass [GeV/c2] : 1.3183     Width : 0.107
 Lifetime [nsec] : 0
 Charge [e]: 1
 Spin : 4/2
 Parity : 1
 Charge conjugation : 1
 Isospin : (I,Iz): (2/2 , 2/2 ) 
 GParity : -1
 Quark contents     (d,u,s,c,b,t) : 0, 1, 0, 0, 0, 0
 AntiQuark contents               : 1, 0, 0, 0, 0, 0
 Lepton number : 0 Baryon number : 0
 Particle type : meson [a2(1320)]
 ShortLived : ON
G4DecayTable:  a2(1320)+
0:  BR:  0.35  [Phase Space]   :   pi+ rho0
1:  BR:  0.35  [Phase Space]   :   pi0 rho+
2:  BR:  0.14  [Phase Space]   :   pi+ eta
3:  BR:  0.11  [Phase Space]   :   omega pi+ pi0
4:  BR:  0.05  [Phase Space]   :   kaon+ anti_kaon0


--- G4ParticleDefinition ---
 Particle Name : a2(1320)-
 PDG particle code : -215 [PDG anti-particle code: 215]
 Mass [GeV/c2] : 1.3183     Width : 0.107
 Lifetime [nsec] : 0
 Charge [e]: -1
 Spin : 4/2
 Parity : 1
 Charge conjugation : 1
 Isospin : (I,Iz): (2/2 , -2/2 ) 
 GParity : -1
 Quark contents     (d,u,s,c,b,t) : 1, 0, 0, 0, 0, 0
 AntiQuark contents               : 0, 1, 0, 0, 0, 0
 Lepton number : 0 Baryon number : 0
 Particle type : meson [a2(1320)]
 ShortLived : ON
G4DecayTable:  a2(1320)-
0:  BR:  0.35  [Phase Space]   :   pi- rho0
1:  BR:  0.35  [Phase Space]   :   pi0 rho-
2:  BR:  0.14  [Phase Space]   :   pi- eta
3:  BR:  0.11  [Phase Space]   :   omega pi- pi0
4:  BR:  0.05  [Phase Space]   :   kaon- kaon0


--- G4ParticleDefinition ---
 Particle Name : a2(1320)0
 PDG particle code : 115 [PDG anti-particle code: 115]
 Mass [GeV/c2] : 1.3183     Width : 0.107
 Lifetime [nsec] : 0
 Charge [e]: 0
 Spin : 4/2
 Parity : 1
 Charge conjugation : 1
 Isospin : (I,Iz): (2/2 , 0/2 ) 
 GParity : -1
 Quark contents     (d,u,s,c,b,t) : 1, 0, 0, 0, 0, 0
 AntiQuark contents               : 1, 0, 0, 0, 0, 0
 Lepton number : 0 Baryon number : 0
 Particle type : meson [a2(1320)]
 ShortLived : ON
G4DecayTable:  a2(1320)0
0:  BR:  0.35  [Phase Space]   :   pi+ rho-
1:  BR:  0.35  [Phase Space]   :   pi- rho+
2:  BR:  0.14  [Phase Space]   :   pi0 eta
3:  BR:  0.055  [Phase Space]   :   omega pi- pi+
4:  BR:  0.055  [Phase Space]   :   omega pi0 pi0
5:  BR:  0.025  [Phase Space]   :   kaon+ kaon-
6:  BR:  0.025  [Phase Space]   :   kaon0 anti_kaon0


--- G4ParticleDefinition ---
 Particle Name : alpha
 PDG particle code : 1000020040 [PDG anti-particle code: -1000020040]
 Mass [GeV/c2] : 3.72738     Width : 0
 Lifetime [nsec] : -1
 Charge [e]: 2
 Spin : 0/2
 Parity : 1
 Charge conjugation : 0
 Isospin : (I,Iz): (0/2 , 0/2 ) 
 GParity : 0
 Quark contents     (d,u,s,c,b,t) : 6, 6, 0, 0, 0, 0
 AntiQuark contents               : 0, 0, 0, 0, 0, 0
 Lepton number : 0 Baryon number : 4
 Particle type : nucleus [static]
 Atomic Number : 2  Atomic Mass : 4
 Stable : stable

--- G4ParticleDefinition ---
 Particle Name : anti_B0
 PDG particle code : -511 [PDG anti-particle code: 511]
 Mass [GeV/c2] : 5.27958     Width : 4.333e-13
 Lifetime [nsec] : 0.001519
 Charge [e]: 0
 Spin : 0/2
 Parity : -1
 Charge conjugation : 0
 Isospin : (I,Iz): (1/2 , 1/2 ) 
 GParity : 0
 Quark contents     (d,u,s,c,b,t) : 0, 0, 0, 0, 1, 0
 AntiQuark contents               : 1, 0, 0, 0, 0, 0
 Lepton number : 0 Baryon number : 0
 Particle type : meson [B]
Decay Table is not defined !!

--- G4ParticleDefinition ---
 Particle Name : anti_Bs0
 PDG particle code : -531 [PDG anti-particle code: 531]
 Mass [GeV/c2] : 5.36677     Width : 4.353e-13
 Lifetime [nsec] : 0.001512
 Charge [e]: 0
 Spin : 0/2
 Parity : -1
 Charge conjugation : 0
 Isospin : (I,Iz): (0/2 , 0/2 ) 
 GParity : 0
 Quark contents     (d,u,s,c,b,t) : 0, 0, 0, 0, 1, 0
 AntiQuark contents               : 0, 0, 1, 0, 0, 0
 Lepton number : 0 Baryon number : 0
 Particle type : meson [Bs]
Decay Table is not defined !!

--- G4ParticleDefinition ---
 Particle Name : anti_D0
 PDG particle code : -421 [PDG anti-particle code: 421]
 Mass [GeV/c2] : 1.86484     Width : 1.605e-12
 Lifetime [nsec] : 0.0004101
 Charge [e]: 0
 Spin : 0/2
 Parity : -1
 Charge conjugation : 0
 Isospin : (I,Iz): (1/2 , 1/2 ) 
 GParity : 0
 Quark contents     (d,u,s,c,b,t) : 0, 1, 0, 0, 0, 0
 AntiQuark contents               : 0, 0, 0, 1, 0, 0
 Lepton number : 0 Baryon number : 0
 Particle type : meson [D]
Decay Table is not defined !!

--- G4ParticleDefinition ---
 Particle Name : anti_He3
 PDG particle code : -1000020030 [PDG anti-particle code: 1000020030]
 Mass [GeV/c2] : 2.80839     Width : 0
 Lifetime [nsec] : -1
 Charge [e]: -2
 Spin : 1/2
 Parity : 1
 Charge conjugation : 0
 Isospin : (I,Iz): (0/2 , 0/2 ) 
 GParity : 0
 MagneticMoment [MeV/T] : 6.70723e-14
 Quark contents     (d,u,s,c,b,t) : 0, 0, 0, 0, 0, 0
 AntiQuark contents               : 5, 4, 0, 0, 0, 0
 Lepton number : 0 Baryon number : -3
 Particle type : anti_nucleus [static]
 Atomic Number : 2  Atomic Mass : 3
 Stable : stable

--- G4ParticleDefinition ---
 Particle Name : anti_N(1440)+
 PDG particle code : -12212 [PDG anti-particle code: 12212]
 Mass [GeV/c2] : 1.43     Width : 0.35
 Lifetime [nsec] : 0
 Charge [e]: -1
 Spin : 1/2
 Parity : 1
 Charge conjugation : 0
 Isospin : (I,Iz): (1/2 , -1/2 ) 
 GParity : 0
 Quark contents     (d,u,s,c,b,t) : 0, 0, 0, 0, 0, 0
 AntiQuark contents               : 1, 2, 0, 0, 0, 0
 Lepton number : 0 Baryon number : -1
 Particle type : baryon [N(1440)]
 ShortLived : ON
G4DecayTable:  anti_N(1440)+
0:  BR:  0.35  [Phase Space]   :   anti_proton pi0
1:  BR:  0.35  [Phase Space]   :   anti_neutron pi-
2:  BR:  0.125  [Phase Space]   :   anti_delta++ pi+
3:  BR:  0.0833333  [Phase Space]   :   anti_delta+ pi0
4:  BR:  0.0416667  [Phase Space]   :   anti_delta0 pi-
5:  BR:  0.025  [Phase Space]   :   anti_proton pi+ pi-
6:  BR:  0.025  [Phase Space]   :   anti_proton pi0 pi0


--- G4ParticleDefinition ---
 Particle Name : anti_N(1440)0
 PDG particle code : -12112 [PDG anti-particle code: 12112]
 Mass [GeV/c2] : 1.43     Width : 0.35
 Lifetime [nsec] : 0
 Charge [e]: -0
 Spin : 1/2
 Parity : 1
 Charge conjugation : 0
 Isospin : (I,Iz): (1/2 , 1/2 ) 
 GParity : 0
 Quark contents     (d,u,s,c,b,t) : 0, 0, 0, 0, 0, 0
 AntiQuark contents               : 2, 1, 0, 0, 0, 0
 Lepton number : 0 Baryon number : -1
 Particle type : baryon [N(1440)]
 ShortLived : ON
G4DecayTable:  anti_N(1440)0
0:  BR:  0.35  [Phase Space]   :   anti_neutron pi0
1:  BR:  0.35  [Phase Space]   :   anti_proton pi+
2:  BR:  0.125  [Phase Space]   :   anti_delta- pi-
3:  BR:  0.0833333  [Phase Space]   :   anti_delta0 pi0
4:  BR:  0.0416667  [Phase Space]   :   anti_delta+ pi+
5:  BR:  0.025  [Phase Space]   :   anti_neutron pi+ pi-
6:  BR:  0.025  [Phase Space]   :   anti_neutron pi0 pi0


--- G4ParticleDefinition ---
 Particle Name : anti_N(1520)+
 PDG particle code : -2124 [PDG anti-particle code: 2124]
 Mass [GeV/c2] : 1.515     Width : 0.115
 Lifetime [nsec] : 0
 Charge [e]: -1
 Spin : 3/2
 Parity : -1
 Charge conjugation : 0
 Isospin : (I,Iz): (1/2 , -1/2 ) 
 GParity : 0
 Quark contents     (d,u,s,c,b,t) : 0, 0, 0, 0, 0, 0
 AntiQuark contents               : 1, 2, 0, 0, 0, 0
 Lepton number : 0 Baryon number : -1
 Particle type : baryon [N(1520)]
 ShortLived : ON
G4DecayTable:  anti_N(1520)+
0:  BR:  0.3  [Phase Space]   :   anti_proton pi0
1:  BR:  0.3  [Phase Space]   :   anti_neutron pi-
2:  BR:  0.125  [Phase Space]   :   anti_delta++ pi+
3:  BR:  0.0833333  [Phase Space]   :   anti_delta+ pi0
4:  BR:  0.075  [Phase Space]   :   anti_proton pi+ pi-
5:  BR:  0.075  [Phase Space]   :   anti_proton pi0 pi0
6:  BR:  0.0416667  [Phase Space]   :   anti_delta0 pi-


--- G4ParticleDefinition ---
 Particle Name : anti_N(1520)0
 PDG particle code : -1214 [PDG anti-particle code: 1214]
 Mass [GeV/c2] : 1.515     Width : 0.115
 Lifetime [nsec] : 0
 Charge [e]: -0
 Spin : 3/2
 Parity : -1
 Charge conjugation : 0
 Isospin : (I,Iz): (1/2 , 1/2 ) 
 GParity : 0
 Quark contents     (d,u,s,c,b,t) : 0, 0, 0, 0, 0, 0
 AntiQuark contents               : 2, 1, 0, 0, 0, 0
 Lepton number : 0 Baryon number : -1
 Particle type : baryon [N(1520)]
 ShortLived : ON
G4DecayTable:  anti_N(1520)0
0:  BR:  0.3  [Phase Space]   :   anti_neutron pi0
1:  BR:  0.3  [Phase Space]   :   anti_proton pi+
2:  BR:  0.125  [Phase Space]   :   anti_delta- pi-
3:  BR:  0.0833333  [Phase Space]   :   anti_delta0 pi0
4:  BR:  0.075  [Phase Space]   :   anti_neutron pi+ pi-
5:  BR:  0.075  [Phase Space]   :   anti_neutron pi0 pi0
6:  BR:  0.0416667  [Phase Space]   :   anti_delta+ pi+


--- G4ParticleDefinition ---
 Particle Name : anti_N(1535)+
 PDG particle code : -22212 [PDG anti-particle code: 22212]
 Mass [GeV/c2] : 1.535     Width : 0.15
 Lifetime [nsec] : 0
 Charge [e]: -1
 Spin : 1/2
 Parity : -1
 Charge conjugation : 0
 Isospin : (I,Iz): (1/2 , -1/2 ) 
 GParity : 0
 Quark contents     (d,u,s,c,b,t) : 0, 0, 0, 0, 0, 0
 AntiQuark contents               : 1, 2, 0, 0, 0, 0
 Lepton number : 0 Baryon number : -1
 Particle type : baryon [N(1535)]
 ShortLived : ON
G4DecayTable:  anti_N(1535)+
0:  BR:  0.35  [Phase Space]   :   anti_proton eta
1:  BR:  0.275  [Phase Space]   :   anti_proton pi0
2:  BR:  0.275  [Phase Space]   :   anti_neutron pi-
3:  BR:  0.025  [Phase Space]   :   anti_proton pi+ pi-
4:  BR:  0.025  [Phase Space]   :   anti_proton pi0 pi0
5:  BR:  0.025  [Phase Space]   :   anti_N(1440)+ pi0
6:  BR:  0.025  [Phase Space]   :   anti_N(1440)0 pi-
7:  BR:  0.001  [Phase Space]   :   anti_proton gamma


--- G4ParticleDefinition ---
 Particle Name : anti_N(1535)0
 PDG particle code : -22112 [PDG anti-particle code: 22112]
 Mass [GeV/c2] : 1.535     Width : 0.15
 Lifetime [nsec] : 0
 Charge [e]: -0
 Spin : 1/2
 Parity : -1
 Charge conjugation : 0
 Isospin : (I,Iz): (1/2 , 1/2 ) 
 GParity : 0
 Quark contents     (d,u,s,c,b,t) : 0, 0, 0, 0, 0, 0
 AntiQuark contents               : 2, 1, 0, 0, 0, 0
 Lepton number : 0 Baryon number : -1
 Particle type : baryon [N(1535)]
 ShortLived : ON
G4DecayTable:  anti_N(1535)0
0:  BR:  0.35  [Phase Space]   :   anti_neutron eta
1:  BR:  0.275  [Phase Space]   :   anti_neutron pi0
2:  BR:  0.275  [Phase Space]   :   anti_proton pi+
3:  BR:  0.025  [Phase Space]   :   anti_neutron pi+ pi-
4:  BR:  0.025  [Phase Space]   :   anti_neutron pi0 pi0
5:  BR:  0.025  [Phase Space]   :   anti_N(1440)0 pi0
6:  BR:  0.025  [Phase Space]   :   anti_N(1440)+ pi+
7:  BR:  0.001  [Phase Space]   :   anti_neutron gamma


--- G4ParticleDefinition ---
 Particle Name : anti_N(1650)+
 PDG particle code : -32212 [PDG anti-particle code: 32212]
 Mass [GeV/c2] : 1.655     Width : 0.14
 Lifetime [nsec] : 0
 Charge [e]: -1
 Spin : 1/2
 Parity : -1
 Charge conjugation : 0
 Isospin : (I,Iz): (1/2 , -1/2 ) 
 GParity : 0
 Quark contents     (d,u,s,c,b,t) : 0, 0, 0, 0, 0, 0
 AntiQuark contents               : 1, 2, 0, 0, 0, 0
 Lepton number : 0 Baryon number : -1
 Particle type : baryon [N(1650)]
 ShortLived : ON
G4DecayTable:  anti_N(1650)+
0:  BR:  0.325  [Phase Space]   :   anti_proton pi0
1:  BR:  0.325  [Phase Space]   :   anti_neutron pi-
2:  BR:  0.1  [Phase Space]   :   anti_lambda kaon-
3:  BR:  0.05  [Phase Space]   :   anti_proton eta
4:  BR:  0.05  [Phase Space]   :   anti_delta++ pi+
5:  BR:  0.0333333  [Phase Space]   :   anti_delta+ pi0
6:  BR:  0.025  [Phase Space]   :   anti_proton pi+ pi-
7:  BR:  0.025  [Phase Space]   :   anti_proton pi0 pi0
8:  BR:  0.025  [Phase Space]   :   anti_N(1440)+ pi0
9:  BR:  0.025  [Phase Space]   :   anti_N(1440)0 pi-
10:  BR:  0.0166667  [Phase Space]   :   anti_delta0 pi-


--- G4ParticleDefinition ---
 Particle Name : anti_N(1650)0
 PDG particle code : -32112 [PDG anti-particle code: 32112]
 Mass [GeV/c2] : 1.655     Width : 0.14
 Lifetime [nsec] : 0
 Charge [e]: -0
 Spin : 1/2
 Parity : -1
 Charge conjugation : 0
 Isospin : (I,Iz): (1/2 , 1/2 ) 
 GParity : 0
 Quark contents     (d,u,s,c,b,t) : 0, 0, 0, 0, 0, 0
 AntiQuark contents               : 2, 1, 0, 0, 0, 0
 Lepton number : 0 Baryon number : -1
 Particle type : baryon [N(1650)]
 ShortLived : ON
G4DecayTable:  anti_N(1650)0
0:  BR:  0.325  [Phase Space]   :   anti_neutron pi0
1:  BR:  0.325  [Phase Space]   :   anti_proton pi+
2:  BR:  0.1  [Phase Space]   :   anti_lambda anti_kaon0
3:  BR:  0.05  [Phase Space]   :   anti_neutron eta
4:  BR:  0.05  [Phase Space]   :   anti_delta- pi-
5:  BR:  0.0333333  [Phase Space]   :   anti_delta0 pi0
6:  BR:  0.025  [Phase Space]   :   anti_neutron pi+ pi-
7:  BR:  0.025  [Phase Space]   :   anti_neutron pi0 pi0
8:  BR:  0.025  [Phase Space]   :   anti_N(1440)0 pi0
9:  BR:  0.025  [Phase Space]   :   anti_N(1440)+ pi+
10:  BR:  0.0166667  [Phase Space]   :   anti_delta+ pi+


--- G4ParticleDefinition ---
 Particle Name : anti_N(1675)+
 PDG particle code : -2216 [PDG anti-particle code: 2216]
 Mass [GeV/c2] : 1.675     Width : 0.15
 Lifetime [nsec] : 0
 Charge [e]: -1
 Spin : 5/2
 Parity : -1
 Charge conjugation : 0
 Isospin : (I,Iz): (1/2 , -1/2 ) 
 GParity : 0
 Quark contents     (d,u,s,c,b,t) : 0, 0, 0, 0, 0, 0
 AntiQuark contents               : 1, 2, 0, 0, 0, 0
 Lepton number : 0 Baryon number : -1
 Particle type : baryon [N(1675)]
 ShortLived : ON
G4DecayTable:  anti_N(1675)+
0:  BR:  0.275  [Phase Space]   :   anti_delta++ pi+
1:  BR:  0.225  [Phase Space]   :   anti_proton pi0
2:  BR:  0.225  [Phase Space]   :   anti_neutron pi-
3:  BR:  0.183333  [Phase Space]   :   anti_delta+ pi0
4:  BR:  0.0916667  [Phase Space]   :   anti_delta0 pi-


--- G4ParticleDefinition ---
 Particle Name : anti_N(1675)0
 PDG particle code : -2116 [PDG anti-particle code: 2116]
 Mass [GeV/c2] : 1.675     Width : 0.15
 Lifetime [nsec] : 0
 Charge [e]: -0
 Spin : 5/2
 Parity : -1
 Charge conjugation : 0
 Isospin : (I,Iz): (1/2 , 1/2 ) 
 GParity : 0
 Quark contents     (d,u,s,c,b,t) : 0, 0, 0, 0, 0, 0
 AntiQuark contents               : 2, 1, 0, 0, 0, 0
 Lepton number : 0 Baryon number : -1
 Particle type : baryon [N(1675)]
 ShortLived : ON
G4DecayTable:  anti_N(1675)0
0:  BR:  0.275  [Phase Space]   :   anti_delta- pi-
1:  BR:  0.225  [Phase Space]   :   anti_neutron pi0
2:  BR:  0.225  [Phase Space]   :   anti_proton pi+
3:  BR:  0.183333  [Phase Space]   :   anti_delta0 pi0
4:  BR:  0.0916667  [Phase Space]   :   anti_delta+ pi+


--- G4ParticleDefinition ---
 Particle Name : anti_N(1680)+
 PDG particle code : -12216 [PDG anti-particle code: 12216]
 Mass [GeV/c2] : 1.685     Width : 0.13
 Lifetime [nsec] : 0
 Charge [e]: -1
 Spin : 5/2
 Parity : 1
 Charge conjugation : 0
 Isospin : (I,Iz): (1/2 , -1/2 ) 
 GParity : 0
 Quark contents     (d,u,s,c,b,t) : 0, 0, 0, 0, 0, 0
 AntiQuark contents               : 1, 2, 0, 0, 0, 0
 Lepton number : 0 Baryon number : -1
 Particle type : baryon [N(1680)]
 ShortLived : ON
G4DecayTable:  anti_N(1680)+
0:  BR:  0.325  [Phase Space]   :   anti_proton pi0
1:  BR:  0.325  [Phase Space]   :   anti_neutron pi-
2:  BR:  0.1  [Phase Space]   :   anti_proton pi+ pi-
3:  BR:  0.1  [Phase Space]   :   anti_proton pi0 pi0
4:  BR:  0.075  [Phase Space]   :   anti_delta++ pi+
5:  BR:  0.05  [Phase Space]   :   anti_delta+ pi0
6:  BR:  0.025  [Phase Space]   :   anti_delta0 pi-


--- G4ParticleDefinition ---
 Particle Name : anti_N(1680)0
 PDG particle code : -12116 [PDG anti-particle code: 12116]
 Mass [GeV/c2] : 1.685     Width : 0.13
 Lifetime [nsec] : 0
 Charge [e]: -0
 Spin : 5/2
 Parity : 1
 Charge conjugation : 0
 Isospin : (I,Iz): (1/2 , 1/2 ) 
 GParity : 0
 Quark contents     (d,u,s,c,b,t) : 0, 0, 0, 0, 0, 0
 AntiQuark contents               : 2, 1, 0, 0, 0, 0
 Lepton number : 0 Baryon number : -1
 Particle type : baryon [N(1680)]
 ShortLived : ON
G4DecayTable:  anti_N(1680)0
0:  BR:  0.325  [Phase Space]   :   anti_neutron pi0
1:  BR:  0.325  [Phase Space]   :   anti_proton pi+
2:  BR:  0.1  [Phase Space]   :   anti_neutron pi+ pi-
3:  BR:  0.1  [Phase Space]   :   anti_neutron pi0 pi0
4:  BR:  0.075  [Phase Space]   :   anti_delta- pi-
5:  BR:  0.05  [Phase Space]   :   anti_delta0 pi0
6:  BR:  0.025  [Phase Space]   :   anti_delta+ pi+


--- G4ParticleDefinition ---
 Particle Name : anti_N(1700)+
 PDG particle code : -22124 [PDG anti-particle code: 22124]
 Mass [GeV/c2] : 1.7     Width : 0.15
 Lifetime [nsec] : 0
 Charge [e]: -1
 Spin : 3/2
 Parity : -1
 Charge conjugation : 0
 Isospin : (I,Iz): (1/2 , -1/2 ) 
 GParity : 0
 Quark contents     (d,u,s,c,b,t) : 0, 0, 0, 0, 0, 0
 AntiQuark contents               : 1, 2, 0, 0, 0, 0
 Lepton number : 0 Baryon number : -1
 Particle type : baryon [N(1700)]
 ShortLived : ON
G4DecayTable:  anti_N(1700)+
0:  BR:  0.225  [Phase Space]   :   anti_proton pi+ pi-
1:  BR:  0.225  [Phase Space]   :   anti_proton pi0 pi0
2:  BR:  0.175  [Phase Space]   :   anti_delta++ pi+
3:  BR:  0.116667  [Phase Space]   :   anti_delta+ pi0
4:  BR:  0.0583333  [Phase Space]   :   anti_delta0 pi-
5:  BR:  0.05  [Phase Space]   :   anti_proton pi0
6:  BR:  0.05  [Phase Space]   :   anti_neutron pi-
7:  BR:  0.05  [Phase Space]   :   anti_proton eta
8:  BR:  0.025  [Phase Space]   :   anti_proton rho0
9:  BR:  0.025  [Phase Space]   :   anti_neutron rho-


--- G4ParticleDefinition ---
 Particle Name : anti_N(1700)0
 PDG particle code : -21214 [PDG anti-particle code: 21214]
 Mass [GeV/c2] : 1.7     Width : 0.15
 Lifetime [nsec] : 0
 Charge [e]: -0
 Spin : 3/2
 Parity : -1
 Charge conjugation : 0
 Isospin : (I,Iz): (1/2 , 1/2 ) 
 GParity : 0
 Quark contents     (d,u,s,c,b,t) : 0, 0, 0, 0, 0, 0
 AntiQuark contents               : 2, 1, 0, 0, 0, 0
 Lepton number : 0 Baryon number : -1
 Particle type : baryon [N(1700)]
 ShortLived : ON
G4DecayTable:  anti_N(1700)0
0:  BR:  0.225  [Phase Space]   :   anti_neutron pi+ pi-
1:  BR:  0.225  [Phase Space]   :   anti_neutron pi0 pi0
2:  BR:  0.175  [Phase Space]   :   anti_delta- pi-
3:  BR:  0.116667  [Phase Space]   :   anti_delta0 pi0
4:  BR:  0.0583333  [Phase Space]   :   anti_delta+ pi+
5:  BR:  0.05  [Phase Space]   :   anti_neutron pi0
6:  BR:  0.05  [Phase Space]   :   anti_proton pi+
7:  BR:  0.05  [Phase Space]   :   anti_neutron eta
8:  BR:  0.025  [Phase Space]   :   anti_neutron rho0
9:  BR:  0.025  [Phase Space]   :   anti_proton rho+


--- G4ParticleDefinition ---
 Particle Name : anti_N(1710)+
 PDG particle code : -42212 [PDG anti-particle code: 42212]
 Mass [GeV/c2] : 1.71     Width : 0.1
 Lifetime [nsec] : 0
 Charge [e]: -1
 Spin : 1/2
 Parity : 1
 Charge conjugation : 0
 Isospin : (I,Iz): (1/2 , -1/2 ) 
 GParity : 0
 Quark contents     (d,u,s,c,b,t) : 0, 0, 0, 0, 0, 0
 AntiQuark contents               : 1, 2, 0, 0, 0, 0
 Lepton number : 0 Baryon number : -1
 Particle type : baryon [N(1710)]
 ShortLived : ON
G4DecayTable:  anti_N(1710)+
0:  BR:  0.2  [Phase Space]   :   anti_proton eta
1:  BR:  0.1  [Phase Space]   :   anti_proton pi+ pi-
2:  BR:  0.1  [Phase Space]   :   anti_proton pi0 pi0
3:  BR:  0.1  [Phase Space]   :   anti_delta++ pi+
4:  BR:  0.1  [Phase Space]   :   anti_lambda kaon-
5:  BR:  0.075  [Phase Space]   :   anti_proton pi0
6:  BR:  0.075  [Phase Space]   :   anti_neutron pi-
7:  BR:  0.0666667  [Phase Space]   :   anti_delta+ pi0
8:  BR:  0.05  [Phase Space]   :   anti_N(1440)+ pi0
9:  BR:  0.05  [Phase Space]   :   anti_N(1440)0 pi-
10:  BR:  0.0333333  [Phase Space]   :   anti_delta0 pi-
11:  BR:  0.025  [Phase Space]   :   anti_proton rho0
12:  BR:  0.025  [Phase Space]   :   anti_neutron rho-


--- G4ParticleDefinition ---
 Particle Name : anti_N(1710)0
 PDG particle code : -42112 [PDG anti-particle code: 42112]
 Mass [GeV/c2] : 1.71     Width : 0.1
 Lifetime [nsec] : 0
 Charge [e]: -0
 Spin : 1/2
 Parity : 1
 Charge conjugation : 0
 Isospin : (I,Iz): (1/2 , 1/2 ) 
 GParity : 0
 Quark contents     (d,u,s,c,b,t) : 0, 0, 0, 0, 0, 0
 AntiQuark contents               : 2, 1, 0, 0, 0, 0
 Lepton number : 0 Baryon number : -1
 Particle type : baryon [N(1710)]
 ShortLived : ON
G4DecayTable:  anti_N(1710)0
0:  BR:  0.2  [Phase Space]   :   anti_neutron eta
1:  BR:  0.1  [Phase Space]   :   anti_neutron pi+ pi-
2:  BR:  0.1  [Phase Space]   :   anti_neutron pi0 pi0
3:  BR:  0.1  [Phase Space]   :   anti_delta- pi-
4:  BR:  0.1  [Phase Space]   :   anti_lambda anti_kaon0
5:  BR:  0.075  [Phase Space]   :   anti_neutron pi0
6:  BR:  0.075  [Phase Space]   :   anti_proton pi+
7:  BR:  0.0666667  [Phase Space]   :   anti_delta0 pi0
8:  BR:  0.05  [Phase Space]   :   anti_N(1440)0 pi0
9:  BR:  0.05  [Phase Space]   :   anti_N(1440)+ pi+
10:  BR:  0.0333333  [Phase Space]   :   anti_delta+ pi+
11:  BR:  0.025  [Phase Space]   :   anti_neutron rho0
12:  BR:  0.025  [Phase Space]   :   anti_proton rho+


--- G4ParticleDefinition ---
 Particle Name : anti_N(1720)+
 PDG particle code : -32124 [PDG anti-particle code: 32124]
 Mass [GeV/c2] : 1.72     Width : 0.25
 Lifetime [nsec] : 0
 Charge [e]: -1
 Spin : 3/2
 Parity : 1
 Charge conjugation : 0
 Isospin : (I,Iz): (1/2 , -1/2 ) 
 GParity : 0
 Quark contents     (d,u,s,c,b,t) : 0, 0, 0, 0, 0, 0
 AntiQuark contents               : 1, 2, 0, 0, 0, 0
 Lepton number : 0 Baryon number : -1
 Particle type : baryon [N(1720)]
 ShortLived : ON
G4DecayTable:  anti_N(1720)+
0:  BR:  0.225  [Phase Space]   :   anti_proton pi+ pi-
1:  BR:  0.225  [Phase Space]   :   anti_proton pi0 pi0
2:  BR:  0.125  [Phase Space]   :   anti_proton rho0
3:  BR:  0.125  [Phase Space]   :   anti_neutron rho-
4:  BR:  0.075  [Phase Space]   :   anti_proton pi0
5:  BR:  0.075  [Phase Space]   :   anti_neutron pi-
6:  BR:  0.05  [Phase Space]   :   anti_delta++ pi+
7:  BR:  0.05  [Phase Space]   :   anti_lambda kaon-
8:  BR:  0.0333333  [Phase Space]   :   anti_delta+ pi0
9:  BR:  0.0166667  [Phase Space]   :   anti_delta0 pi-


--- G4ParticleDefinition ---
 Particle Name : anti_N(1720)0
 PDG particle code : -31214 [PDG anti-particle code: 31214]
 Mass [GeV/c2] : 1.72     Width : 0.25
 Lifetime [nsec] : 0
 Charge [e]: -0
 Spin : 3/2
 Parity : 1
 Charge conjugation : 0
 Isospin : (I,Iz): (1/2 , 1/2 ) 
 GParity : 0
 Quark contents     (d,u,s,c,b,t) : 0, 0, 0, 0, 0, 0
 AntiQuark contents               : 2, 1, 0, 0, 0, 0
 Lepton number : 0 Baryon number : -1
 Particle type : baryon [N(1720)]
 ShortLived : ON
G4DecayTable:  anti_N(1720)0
0:  BR:  0.225  [Phase Space]   :   anti_neutron pi+ pi-
1:  BR:  0.225  [Phase Space]   :   anti_neutron pi0 pi0
2:  BR:  0.125  [Phase Space]   :   anti_neutron rho0
3:  BR:  0.125  [Phase Space]   :   anti_proton rho+
4:  BR:  0.075  [Phase Space]   :   anti_neutron pi0
5:  BR:  0.075  [Phase Space]   :   anti_proton pi+
6:  BR:  0.05  [Phase Space]   :   anti_delta- pi-
7:  BR:  0.05  [Phase Space]   :   anti_lambda anti_kaon0
8:  BR:  0.0333333  [Phase Space]   :   anti_delta0 pi0
9:  BR:  0.0166667  [Phase Space]   :   anti_delta+ pi+


--- G4ParticleDefinition ---
 Particle Name : anti_N(1900)+
 PDG particle code : -42124 [PDG anti-particle code: 42124]
 Mass [GeV/c2] : 1.9     Width : 0.5
 Lifetime [nsec] : 0
 Charge [e]: -1
 Spin : 3/2
 Parity : 1
 Charge conjugation : 0
 Isospin : (I,Iz): (1/2 , -1/2 ) 
 GParity : 0
 Quark contents     (d,u,s,c,b,t) : 0, 0, 0, 0, 0, 0
 AntiQuark contents               : 1, 2, 0, 0, 0, 0
 Lepton number : 0 Baryon number : -1
 Particle type : baryon [N(1900)]
 ShortLived : ON
G4DecayTable:  anti_N(1900)+
0:  BR:  0.55  [Phase Space]   :   anti_proton omega
1:  BR:  0.175  [Phase Space]   :   anti_proton pi0
2:  BR:  0.175  [Phase Space]   :   anti_neutron pi-
3:  BR:  0.025  [Phase Space]   :   anti_proton rho0
4:  BR:  0.025  [Phase Space]   :   anti_neutron rho-
5:  BR:  0.025  [Phase Space]   :   anti_delta++ pi+
6:  BR:  0.0166667  [Phase Space]   :   anti_delta+ pi0
7:  BR:  0.00833333  [Phase Space]   :   anti_delta0 pi-


--- G4ParticleDefinition ---
 Particle Name : anti_N(1900)0
 PDG particle code : -41214 [PDG anti-particle code: 41214]
 Mass [GeV/c2] : 1.9     Width : 0.5
 Lifetime [nsec] : 0
 Charge [e]: -0
 Spin : 3/2
 Parity : 1
 Charge conjugation : 0
 Isospin : (I,Iz): (1/2 , 1/2 ) 
 GParity : 0
 Quark contents     (d,u,s,c,b,t) : 0, 0, 0, 0, 0, 0
 AntiQuark contents               : 2, 1, 0, 0, 0, 0
 Lepton number : 0 Baryon number : -1
 Particle type : baryon [N(1900)]
 ShortLived : ON
G4DecayTable:  anti_N(1900)0
0:  BR:  0.55  [Phase Space]   :   anti_neutron omega
1:  BR:  0.175  [Phase Space]   :   anti_neutron pi0
2:  BR:  0.175  [Phase Space]   :   anti_proton pi+
3:  BR:  0.025  [Phase Space]   :   anti_neutron rho0
4:  BR:  0.025  [Phase Space]   :   anti_proton rho+
5:  BR:  0.025  [Phase Space]   :   anti_delta- pi-
6:  BR:  0.0166667  [Phase Space]   :   anti_delta0 pi0
7:  BR:  0.00833333  [Phase Space]   :   anti_delta+ pi+


--- G4ParticleDefinition ---
 Particle Name : anti_N(1990)+
 PDG particle code : -12218 [PDG anti-particle code: 12218]
 Mass [GeV/c2] : 1.95     Width : 0.555
 Lifetime [nsec] : 0
 Charge [e]: -1
 Spin : 7/2
 Parity : 1
 Charge conjugation : 0
 Isospin : (I,Iz): (1/2 , -1/2 ) 
 GParity : 0
 Quark contents     (d,u,s,c,b,t) : 0, 0, 0, 0, 0, 0
 AntiQuark contents               : 1, 2, 0, 0, 0, 0
 Lepton number : 0 Baryon number : -1
 Particle type : baryon [N(1990)]
 ShortLived : ON
G4DecayTable:  anti_N(1990)+
0:  BR:  0.15  [Phase Space]   :   anti_delta++ pi+
1:  BR:  0.125  [Phase Space]   :   anti_proton pi+ pi-
2:  BR:  0.125  [Phase Space]   :   anti_proton pi0 pi0
3:  BR:  0.1  [Phase Space]   :   anti_lambda kaon-
4:  BR:  0.1  [Phase Space]   :   anti_delta+ pi0
5:  BR:  0.075  [Phase Space]   :   anti_proton rho0
6:  BR:  0.075  [Phase Space]   :   anti_neutron rho-
7:  BR:  0.075  [Phase Space]   :   anti_N(1440)+ pi0
8:  BR:  0.075  [Phase Space]   :   anti_N(1440)0 pi-
9:  BR:  0.05  [Phase Space]   :   anti_delta0 pi-
10:  BR:  0.025  [Phase Space]   :   anti_proton pi0
11:  BR:  0.025  [Phase Space]   :   anti_neutron pi-


--- G4ParticleDefinition ---
 Particle Name : anti_N(1990)0
 PDG particle code : -12118 [PDG anti-particle code: 12118]
 Mass [GeV/c2] : 1.95     Width : 0.555
 Lifetime [nsec] : 0
 Charge [e]: -0
 Spin : 7/2
 Parity : 1
 Charge conjugation : 0
 Isospin : (I,Iz): (1/2 , 1/2 ) 
 GParity : 0
 Quark contents     (d,u,s,c,b,t) : 0, 0, 0, 0, 0, 0
 AntiQuark contents               : 2, 1, 0, 0, 0, 0
 Lepton number : 0 Baryon number : -1
 Particle type : baryon [N(1990)]
 ShortLived : ON
G4DecayTable:  anti_N(1990)0
0:  BR:  0.15  [Phase Space]   :   anti_delta- pi-
1:  BR:  0.125  [Phase Space]   :   anti_neutron pi+ pi-
2:  BR:  0.125  [Phase Space]   :   anti_neutron pi0 pi0
3:  BR:  0.1  [Phase Space]   :   anti_lambda anti_kaon0
4:  BR:  0.1  [Phase Space]   :   anti_delta0 pi0
5:  BR:  0.075  [Phase Space]   :   anti_neutron rho0
6:  BR:  0.075  [Phase Space]   :   anti_proton rho+
7:  BR:  0.075  [Phase Space]   :   anti_N(1440)0 pi0
8:  BR:  0.075  [Phase Space]   :   anti_N(1440)+ pi+
9:  BR:  0.05  [Phase Space]   :   anti_delta+ pi+
10:  BR:  0.025  [Phase Space]   :   anti_neutron pi0
11:  BR:  0.025  [Phase Space]   :   anti_proton pi+


--- G4ParticleDefinition ---
 Particle Name : anti_N(2090)+
 PDG particle code : -52214 [PDG anti-particle code: 52214]
 Mass [GeV/c2] : 2.08     Width : 0.35
 Lifetime [nsec] : 0
 Charge [e]: -1
 Spin : 3/2
 Parity : -1
 Charge conjugation : 0
 Isospin : (I,Iz): (1/2 , -1/2 ) 
 GParity : 0
 Quark contents     (d,u,s,c,b,t) : 0, 0, 0, 0, 0, 0
 AntiQuark contents               : 1, 2, 0, 0, 0, 0
 Lepton number : 0 Baryon number : -1
 Particle type : baryon [N(2090)]
 ShortLived : ON
G4DecayTable:  anti_N(2090)+
0:  BR:  0.3  [Phase Space]   :   anti_proton pi0
1:  BR:  0.3  [Phase Space]   :   anti_neutron pi-
2:  BR:  0.125  [Phase Space]   :   anti_proton rho0
3:  BR:  0.125  [Phase Space]   :   anti_neutron rho-
4:  BR:  0.05  [Phase Space]   :   anti_proton eta
5:  BR:  0.025  [Phase Space]   :   anti_proton pi+ pi-
6:  BR:  0.025  [Phase Space]   :   anti_proton pi0 pi0
7:  BR:  0.025  [Phase Space]   :   anti_delta++ pi+
8:  BR:  0.0166667  [Phase Space]   :   anti_delta+ pi0
9:  BR:  0.00833333  [Phase Space]   :   anti_delta0 pi-


--- G4ParticleDefinition ---
 Particle Name : anti_N(2090)0
 PDG particle code : -52114 [PDG anti-particle code: 52114]
 Mass [GeV/c2] : 2.08     Width : 0.35
 Lifetime [nsec] : 0
 Charge [e]: -0
 Spin : 3/2
 Parity : -1
 Charge conjugation : 0
 Isospin : (I,Iz): (1/2 , 1/2 ) 
 GParity : 0
 Quark contents     (d,u,s,c,b,t) : 0, 0, 0, 0, 0, 0
 AntiQuark contents               : 2, 1, 0, 0, 0, 0
 Lepton number : 0 Baryon number : -1
 Particle type : baryon [N(2090)]
 ShortLived : ON
G4DecayTable:  anti_N(2090)0
0:  BR:  0.3  [Phase Space]   :   anti_neutron pi0
1:  BR:  0.3  [Phase Space]   :   anti_proton pi+
2:  BR:  0.125  [Phase Space]   :   anti_neutron rho0
3:  BR:  0.125  [Phase Space]   :   anti_proton rho+
4:  BR:  0.05  [Phase Space]   :   anti_neutron eta
5:  BR:  0.025  [Phase Space]   :   anti_neutron pi+ pi-
6:  BR:  0.025  [Phase Space]   :   anti_neutron pi0 pi0
7:  BR:  0.025  [Phase Space]   :   anti_delta- pi-
8:  BR:  0.0166667  [Phase Space]   :   anti_delta0 pi0
9:  BR:  0.00833333  [Phase Space]   :   anti_delta+ pi+


--- G4ParticleDefinition ---
 Particle Name : anti_N(2190)+
 PDG particle code : -2128 [PDG anti-particle code: 2128]
 Mass [GeV/c2] : 2.19     Width : 0.5
 Lifetime [nsec] : 0
 Charge [e]: -1
 Spin : 7/2
 Parity : 1
 Charge conjugation : 0
 Isospin : (I,Iz): (1/2 , -1/2 ) 
 GParity : 0
 Quark contents     (d,u,s,c,b,t) : 0, 0, 0, 0, 0, 0
 AntiQuark contents               : 1, 2, 0, 0, 0, 0
 Lepton number : 0 Baryon number : -1
 Particle type : baryon [N(2190)]
 ShortLived : ON
G4DecayTable:  anti_N(2190)+
0:  BR:  0.175  [Phase Space]   :   anti_proton pi0
1:  BR:  0.175  [Phase Space]   :   anti_neutron pi-
2:  BR:  0.15  [Phase Space]   :   anti_proton rho0
3:  BR:  0.15  [Phase Space]   :   anti_neutron rho-
4:  BR:  0.075  [Phase Space]   :   anti_proton pi+ pi-
5:  BR:  0.075  [Phase Space]   :   anti_proton pi0 pi0
6:  BR:  0.075  [Phase Space]   :   anti_delta++ pi+
7:  BR:  0.05  [Phase Space]   :   anti_delta+ pi0
8:  BR:  0.025  [Phase Space]   :   anti_N(1440)+ pi0
9:  BR:  0.025  [Phase Space]   :   anti_N(1440)0 pi-
10:  BR:  0.025  [Phase Space]   :   anti_delta0 pi-


--- G4ParticleDefinition ---
 Particle Name : anti_N(2190)0
 PDG particle code : -1218 [PDG anti-particle code: 1218]
 Mass [GeV/c2] : 2.19     Width : 0.5
 Lifetime [nsec] : 0
 Charge [e]: -0
 Spin : 7/2
 Parity : 1
 Charge conjugation : 0
 Isospin : (I,Iz): (1/2 , 1/2 ) 
 GParity : 0
 Quark contents     (d,u,s,c,b,t) : 0, 0, 0, 0, 0, 0
 AntiQuark contents               : 2, 1, 0, 0, 0, 0
 Lepton number : 0 Baryon number : -1
 Particle type : baryon [N(2190)]
 ShortLived : ON
G4DecayTable:  anti_N(2190)0
0:  BR:  0.175  [Phase Space]   :   anti_neutron pi0
1:  BR:  0.175  [Phase Space]   :   anti_proton pi+
2:  BR:  0.15  [Phase Space]   :   anti_neutron rho0
3:  BR:  0.15  [Phase Space]   :   anti_proton rho+
4:  BR:  0.075  [Phase Space]   :   anti_neutron pi+ pi-
5:  BR:  0.075  [Phase Space]   :   anti_neutron pi0 pi0
6:  BR:  0.075  [Phase Space]   :   anti_delta- pi-
7:  BR:  0.05  [Phase Space]   :   anti_delta0 pi0
8:  BR:  0.025  [Phase Space]   :   anti_N(1440)0 pi0
9:  BR:  0.025  [Phase Space]   :   anti_N(1440)+ pi+
10:  BR:  0.025  [Phase Space]   :   anti_delta+ pi+


--- G4ParticleDefinition ---
 Particle Name : anti_N(2220)+
 PDG particle code : -100002210 [PDG anti-particle code: 100002210]
 Mass [GeV/c2] : 2.25     Width : 0.4
 Lifetime [nsec] : 0
 Charge [e]: -1
 Spin : 9/2
 Parity : -1
 Charge conjugation : 0
 Isospin : (I,Iz): (1/2 , -1/2 ) 
 GParity : 0
 Quark contents     (d,u,s,c,b,t) : 0, 0, 0, 0, 0, 0
 AntiQuark contents               : 1, 2, 0, 0, 0, 0
 Lepton number : 0 Baryon number : -1
 Particle type : baryon [N(2220)]
 ShortLived : ON
G4DecayTable:  anti_N(2220)+
0:  BR:  0.175  [Phase Space]   :   anti_proton pi0
1:  BR:  0.175  [Phase Space]   :   anti_neutron pi-
2:  BR:  0.125  [Phase Space]   :   anti_proton rho0
3:  BR:  0.125  [Phase Space]   :   anti_neutron rho-
4:  BR:  0.1  [Phase Space]   :   anti_proton pi+ pi-
5:  BR:  0.1  [Phase Space]   :   anti_proton pi0 pi0
6:  BR:  0.1  [Phase Space]   :   anti_delta++ pi+
7:  BR:  0.0666667  [Phase Space]   :   anti_delta+ pi0
8:  BR:  0.0333333  [Phase Space]   :   anti_delta0 pi-


--- G4ParticleDefinition ---
 Particle Name : anti_N(2220)0
 PDG particle code : -100002110 [PDG anti-particle code: 100002110]
 Mass [GeV/c2] : 2.25     Width : 0.4
 Lifetime [nsec] : 0
 Charge [e]: -0
 Spin : 9/2
 Parity : -1
 Charge conjugation : 0
 Isospin : (I,Iz): (1/2 , 1/2 ) 
 GParity : 0
 Quark contents     (d,u,s,c,b,t) : 0, 0, 0, 0, 0, 0
 AntiQuark contents               : 2, 1, 0, 0, 0, 0
 Lepton number : 0 Baryon number : -1
 Particle type : baryon [N(2220)]
 ShortLived : ON
G4DecayTable:  anti_N(2220)0
0:  BR:  0.175  [Phase Space]   :   anti_neutron pi0
1:  BR:  0.175  [Phase Space]   :   anti_proton pi+
2:  BR:  0.125  [Phase Space]   :   anti_neutron rho0
3:  BR:  0.125  [Phase Space]   :   anti_proton rho+
4:  BR:  0.1  [Phase Space]   :   anti_neutron pi+ pi-
5:  BR:  0.1  [Phase Space]   :   anti_neutron pi0 pi0
6:  BR:  0.1  [Phase Space]   :   anti_delta- pi-
7:  BR:  0.0666667  [Phase Space]   :   anti_delta0 pi0
8:  BR:  0.0333333  [Phase Space]   :   anti_delta+ pi+


--- G4ParticleDefinition ---
 Particle Name : anti_N(2250)+
 PDG particle code : -100012210 [PDG anti-particle code: 100012210]
 Mass [GeV/c2] : 2.275     Width : 0.5
 Lifetime [nsec] : 0
 Charge [e]: -1
 Spin : 9/2
 Parity : -1
 Charge conjugation : 0
 Isospin : (I,Iz): (1/2 , -1/2 ) 
 GParity : 0
 Quark contents     (d,u,s,c,b,t) : 0, 0, 0, 0, 0, 0
 AntiQuark contents               : 1, 2, 0, 0, 0, 0
 Lepton number : 0 Baryon number : -1
 Particle type : baryon [N(2250)]
 ShortLived : ON
G4DecayTable:  anti_N(2250)+
0:  BR:  0.15  [Phase Space]   :   anti_proton pi0
1:  BR:  0.15  [Phase Space]   :   anti_neutron pi-
2:  BR:  0.125  [Phase Space]   :   anti_proton rho0
3:  BR:  0.125  [Phase Space]   :   anti_neutron rho-
4:  BR:  0.1  [Phase Space]   :   anti_proton pi+ pi-
5:  BR:  0.1  [Phase Space]   :   anti_proton pi0 pi0
6:  BR:  0.1  [Phase Space]   :   anti_delta++ pi+
7:  BR:  0.0666667  [Phase Space]   :   anti_delta+ pi0
8:  BR:  0.0333333  [Phase Space]   :   anti_delta0 pi-
9:  BR:  0.025  [Phase Space]   :   anti_N(1440)+ pi0
10:  BR:  0.025  [Phase Space]   :   anti_N(1440)0 pi-


--- G4ParticleDefinition ---
 Particle Name : anti_N(2250)0
 PDG particle code : -100012110 [PDG anti-particle code: 100012110]
 Mass [GeV/c2] : 2.275     Width : 0.5
 Lifetime [nsec] : 0
 Charge [e]: -0
 Spin : 9/2
 Parity : -1
 Charge conjugation : 0
 Isospin : (I,Iz): (1/2 , 1/2 ) 
 GParity : 0
 Quark contents     (d,u,s,c,b,t) : 0, 0, 0, 0, 0, 0
 AntiQuark contents               : 2, 1, 0, 0, 0, 0
 Lepton number : 0 Baryon number : -1
 Particle type : baryon [N(2250)]
 ShortLived : ON
G4DecayTable:  anti_N(2250)0
0:  BR:  0.15  [Phase Space]   :   anti_neutron pi0
1:  BR:  0.15  [Phase Space]   :   anti_proton pi+
2:  BR:  0.125  [Phase Space]   :   anti_neutron rho0
3:  BR:  0.125  [Phase Space]   :   anti_proton rho+
4:  BR:  0.1  [Phase Space]   :   anti_neutron pi+ pi-
5:  BR:  0.1  [Phase Space]   :   anti_neutron pi0 pi0
6:  BR:  0.1  [Phase Space]   :   anti_delta- pi-
7:  BR:  0.0666667  [Phase Space]   :   anti_delta0 pi0
8:  BR:  0.0333333  [Phase Space]   :   anti_delta+ pi+
9:  BR:  0.025  [Phase Space]   :   anti_N(1440)0 pi0
10:  BR:  0.025  [Phase Space]   :   anti_N(1440)+ pi+


--- G4ParticleDefinition ---
 Particle Name : anti_alpha
 PDG particle code : -1000020040 [PDG anti-particle code: 1000020040]
 Mass [GeV/c2] : 3.72738     Width : 0
 Lifetime [nsec] : -1
 Charge [e]: -2
 Spin : 0/2
 Parity : 1
 Charge conjugation : 0
 Isospin : (I,Iz): (0/2 , 0/2 ) 
 GParity : 0
 Quark contents     (d,u,s,c,b,t) : 0, 0, 0, 0, 0, 0
 AntiQuark contents               : 6, 6, 0, 0, 0, 0
 Lepton number : 0 Baryon number : -4
 Particle type : anti_nucleus [static]
 Atomic Number : 2  Atomic Mass : 4
 Stable : stable

--- G4ParticleDefinition ---
 Particle Name : anti_b_quark
 PDG particle code : -5 [PDG anti-particle code: 5]
 Mass [GeV/c2] : 4.18     Width : 0
 Lifetime [nsec] : -1
 Charge [e]: 0.333333
 Spin : 1/2
 Parity : 1
 Charge conjugation : 0
 Isospin : (I,Iz): (0/2 , 0/2 ) 
 GParity : 0
 Quark contents     (d,u,s,c,b,t) : 0, 0, 0, 0, 0, 0
 AntiQuark contents               : 0, 0, 0, 0, 1, 0
 Lepton number : 0 Baryon number : 0
 Particle type : quarks [quark]
 ShortLived : ON
 Stable : stable

--- G4ParticleDefinition ---
 Particle Name : anti_c_quark
 PDG particle code : -4 [PDG anti-particle code: 4]
 Mass [GeV/c2] : 1.275     Width : 0
 Lifetime [nsec] : -1
 Charge [e]: -0.666667
 Spin : 1/2
 Parity : 1
 Charge conjugation : 0
 Isospin : (I,Iz): (0/2 , 0/2 ) 
 GParity : 0
 Quark contents     (d,u,s,c,b,t) : 0, 0, 0, 0, 0, 0
 AntiQuark contents               : 0, 0, 0, 1, 0, 0
 Lepton number : 0 Baryon number : 0
 Particle type : quarks [quark]
 ShortLived : ON
 Stable : stable

--- G4ParticleDefinition ---
 Particle Name : anti_d_quark
 PDG particle code : -1 [PDG anti-particle code: 1]
 Mass [GeV/c2] : 0.0048     Width : 0
 Lifetime [nsec] : -1
 Charge [e]: 0.333333
 Spin : 1/2
 Parity : 1
 Charge conjugation : 0
 Isospin : (I,Iz): (1/2 , 1/2 ) 
 GParity : 0
 Quark contents     (d,u,s,c,b,t) : 0, 0, 0, 0, 0, 0
 AntiQuark contents               : 1, 0, 0, 0, 0, 0
 Lepton number : 0 Baryon number : 0
 Particle type : quarks [quark]
 ShortLived : ON
 Stable : stable

--- G4ParticleDefinition ---
 Particle Name : anti_dd1_diquark
 PDG particle code : -1103 [PDG anti-particle code: 1103]
 Mass [GeV/c2] : 0.0096     Width : 0
 Lifetime [nsec] : -1
 Charge [e]: 0.666667
 Spin : 2/2
 Parity : 1
 Charge conjugation : 0
 Isospin : (I,Iz): (2/2 , 2/2 ) 
 GParity : 0
 Quark contents     (d,u,s,c,b,t) : 0, 0, 0, 0, 0, 0
 AntiQuark contents               : 2, 0, 0, 0, 0, 0
 Lepton number : 0 Baryon number : 0
 Particle type : diquarks [di_quark]
 ShortLived : ON
 Stable : stable

--- G4ParticleDefinition ---
 Particle Name : anti_delta(1600)+
 PDG particle code : -32214 [PDG anti-particle code: 32214]
 Mass [GeV/c2] : 1.6     Width : 0.32
 Lifetime [nsec] : 0
 Charge [e]: -1
 Spin : 3/2
 Parity : 1
 Charge conjugation : 0
 Isospin : (I,Iz): (3/2 , -1/2 ) 
 GParity : 0
 Quark contents     (d,u,s,c,b,t) : 0, 0, 0, 0, 0, 0
 AntiQuark contents               : 1, 2, 0, 0, 0, 0
 Lepton number : 0 Baryon number : -1
 Particle type : baryon [delta(1600)]
 ShortLived : ON
G4DecayTable:  anti_delta(1600)+
0:  BR:  0.293333  [Phase Space]   :   anti_delta0 pi-
1:  BR:  0.22  [Phase Space]   :   anti_delta++ pi+
2:  BR:  0.2  [Phase Space]   :   anti_N(1440)+ pi0
3:  BR:  0.1  [Phase Space]   :   anti_proton pi0
4:  BR:  0.1  [Phase Space]   :   anti_N(1440)0 pi-
5:  BR:  0.05  [Phase Space]   :   anti_neutron pi-
6:  BR:  0.0366667  [Phase Space]   :   anti_delta+ pi0


--- G4ParticleDefinition ---
 Particle Name : anti_delta(1600)++
 PDG particle code : -32224 [PDG anti-particle code: 32224]
 Mass [GeV/c2] : 1.6     Width : 0.32
 Lifetime [nsec] : 0
 Charge [e]: -2
 Spin : 3/2
 Parity : 1
 Charge conjugation : 0
 Isospin : (I,Iz): (3/2 , -3/2 ) 
 GParity : 0
 Quark contents     (d,u,s,c,b,t) : 0, 0, 0, 0, 0, 0
 AntiQuark contents               : 0, 3, 0, 0, 0, 0
 Lepton number : 0 Baryon number : -1
 Particle type : baryon [delta(1600)]
 ShortLived : ON
G4DecayTable:  anti_delta(1600)++
0:  BR:  0.33  [Phase Space]   :   anti_delta++ pi0
1:  BR:  0.3  [Phase Space]   :   anti_N(1440)+ pi-
2:  BR:  0.22  [Phase Space]   :   anti_delta+ pi-
3:  BR:  0.15  [Phase Space]   :   anti_proton pi-


--- G4ParticleDefinition ---
 Particle Name : anti_delta(1600)-
 PDG particle code : -31114 [PDG anti-particle code: 31114]
 Mass [GeV/c2] : 1.6     Width : 0.32
 Lifetime [nsec] : 0
 Charge [e]: 1
 Spin : 3/2
 Parity : 1
 Charge conjugation : 0
 Isospin : (I,Iz): (3/2 , 3/2 ) 
 GParity : 0
 Quark contents     (d,u,s,c,b,t) : 0, 0, 0, 0, 0, 0
 AntiQuark contents               : 3, 0, 0, 0, 0, 0
 Lepton number : 0 Baryon number : -1
 Particle type : baryon [delta(1600)]
 ShortLived : ON
G4DecayTable:  anti_delta(1600)-
0:  BR:  0.33  [Phase Space]   :   anti_delta- pi0
1:  BR:  0.3  [Phase Space]   :   anti_N(1440)0 pi+
2:  BR:  0.22  [Phase Space]   :   anti_delta0 pi+
3:  BR:  0.15  [Phase Space]   :   anti_neutron pi+


--- G4ParticleDefinition ---
 Particle Name : anti_delta(1600)0
 PDG particle code : -32114 [PDG anti-particle code: 32114]
 Mass [GeV/c2] : 1.6     Width : 0.32
 Lifetime [nsec] : 0
 Charge [e]: -0
 Spin : 3/2
 Parity : 1
 Charge conjugation : 0
 Isospin : (I,Iz): (3/2 , 1/2 ) 
 GParity : 0
 Quark contents     (d,u,s,c,b,t) : 0, 0, 0, 0, 0, 0
 AntiQuark contents               : 2, 1, 0, 0, 0, 0
 Lepton number : 0 Baryon number : -1
 Particle type : baryon [delta(1600)]
 ShortLived : ON
G4DecayTable:  anti_delta(1600)0
0:  BR:  0.293333  [Phase Space]   :   anti_delta+ pi+
1:  BR:  0.22  [Phase Space]   :   anti_delta- pi-
2:  BR:  0.2  [Phase Space]   :   anti_N(1440)+ pi+
3:  BR:  0.1  [Phase Space]   :   anti_proton pi+
4:  BR:  0.1  [Phase Space]   :   anti_N(1440)0 pi0
5:  BR:  0.05  [Phase Space]   :   anti_neutron pi0
6:  BR:  0.0366667  [Phase Space]   :   anti_delta0 pi0


--- G4ParticleDefinition ---
 Particle Name : anti_delta(1620)+
 PDG particle code : -2122 [PDG anti-particle code: 2122]
 Mass [GeV/c2] : 1.63     Width : 0.14
 Lifetime [nsec] : 0
 Charge [e]: -1
 Spin : 1/2
 Parity : -1
 Charge conjugation : 0
 Isospin : (I,Iz): (3/2 , -1/2 ) 
 GParity : 0
 Quark contents     (d,u,s,c,b,t) : 0, 0, 0, 0, 0, 0
 AntiQuark contents               : 1, 2, 0, 0, 0, 0
 Lepton number : 0 Baryon number : -1
 Particle type : baryon [delta(1620)]
 ShortLived : ON
G4DecayTable:  anti_delta(1620)+
0:  BR:  0.32  [Phase Space]   :   anti_delta0 pi-
1:  BR:  0.24  [Phase Space]   :   anti_delta++ pi+
2:  BR:  0.166667  [Phase Space]   :   anti_proton pi0
3:  BR:  0.1  [Phase Space]   :   anti_N(1440)+ pi0
4:  BR:  0.0833333  [Phase Space]   :   anti_neutron pi-
5:  BR:  0.05  [Phase Space]   :   anti_N(1440)0 pi-
6:  BR:  0.04  [Phase Space]   :   anti_delta+ pi0


--- G4ParticleDefinition ---
 Particle Name : anti_delta(1620)++
 PDG particle code : -2222 [PDG anti-particle code: 2222]
 Mass [GeV/c2] : 1.63     Width : 0.14
 Lifetime [nsec] : 0
 Charge [e]: -2
 Spin : 1/2
 Parity : -1
 Charge conjugation : 0
 Isospin : (I,Iz): (3/2 , -3/2 ) 
 GParity : 0
 Quark contents     (d,u,s,c,b,t) : 0, 0, 0, 0, 0, 0
 AntiQuark contents               : 0, 3, 0, 0, 0, 0
 Lepton number : 0 Baryon number : -1
 Particle type : baryon [delta(1620)]
 ShortLived : ON
G4DecayTable:  anti_delta(1620)++
0:  BR:  0.36  [Phase Space]   :   anti_delta++ pi0
1:  BR:  0.25  [Phase Space]   :   anti_proton pi-
2:  BR:  0.24  [Phase Space]   :   anti_delta+ pi-
3:  BR:  0.15  [Phase Space]   :   anti_N(1440)+ pi-


--- G4ParticleDefinition ---
 Particle Name : anti_delta(1620)-
 PDG particle code : -1112 [PDG anti-particle code: 1112]
 Mass [GeV/c2] : 1.63     Width : 0.14
 Lifetime [nsec] : 0
 Charge [e]: 1
 Spin : 1/2
 Parity : -1
 Charge conjugation : 0
 Isospin : (I,Iz): (3/2 , 3/2 ) 
 GParity : 0
 Quark contents     (d,u,s,c,b,t) : 0, 0, 0, 0, 0, 0
 AntiQuark contents               : 3, 0, 0, 0, 0, 0
 Lepton number : 0 Baryon number : -1
 Particle type : baryon [delta(1620)]
 ShortLived : ON
G4DecayTable:  anti_delta(1620)-
0:  BR:  0.36  [Phase Space]   :   anti_delta- pi0
1:  BR:  0.25  [Phase Space]   :   anti_neutron pi+
2:  BR:  0.24  [Phase Space]   :   anti_delta0 pi+
3:  BR:  0.15  [Phase Space]   :   anti_N(1440)0 pi+


--- G4ParticleDefinition ---
 Particle Name : anti_delta(1620)0
 PDG particle code : -1212 [PDG anti-particle code: 1212]
 Mass [GeV/c2] : 1.63     Width : 0.14
 Lifetime [nsec] : 0
 Charge [e]: -0
 Spin : 1/2
 Parity : -1
 Charge conjugation : 0
 Isospin : (I,Iz): (3/2 , 1/2 ) 
 GParity : 0
 Quark contents     (d,u,s,c,b,t) : 0, 0, 0, 0, 0, 0
 AntiQuark contents               : 2, 1, 0, 0, 0, 0
 Lepton number : 0 Baryon number : -1
 Particle type : baryon [delta(1620)]
 ShortLived : ON
G4DecayTable:  anti_delta(1620)0
0:  BR:  0.32  [Phase Space]   :   anti_delta+ pi+
1:  BR:  0.24  [Phase Space]   :   anti_delta- pi-
2:  BR:  0.166667  [Phase Space]   :   anti_proton pi+
3:  BR:  0.1  [Phase Space]   :   anti_N(1440)+ pi+
4:  BR:  0.0833333  [Phase Space]   :   anti_neutron pi0
5:  BR:  0.05  [Phase Space]   :   anti_N(1440)0 pi0
6:  BR:  0.04  [Phase Space]   :   anti_delta0 pi0


--- G4ParticleDefinition ---
 Particle Name : anti_delta(1700)+
 PDG particle code : -12214 [PDG anti-particle code: 12214]
 Mass [GeV/c2] : 1.7     Width : 0.3
 Lifetime [nsec] : 0
 Charge [e]: -1
 Spin : 3/2
 Parity : -1
 Charge conjugation : 0
 Isospin : (I,Iz): (3/2 , -1/2 ) 
 GParity : 0
 Quark contents     (d,u,s,c,b,t) : 0, 0, 0, 0, 0, 0
 AntiQuark contents               : 1, 2, 0, 0, 0, 0
 Lepton number : 0 Baryon number : -1
 Particle type : baryon [delta(1700)]
 ShortLived : ON
G4DecayTable:  anti_delta(1700)+
0:  BR:  0.293333  [Phase Space]   :   anti_delta0 pi-
1:  BR:  0.22  [Phase Space]   :   anti_delta++ pi+
2:  BR:  0.133333  [Phase Space]   :   anti_proton pi0
3:  BR:  0.1  [Phase Space]   :   anti_N(1440)+ pi0
4:  BR:  0.0666667  [Phase Space]   :   anti_neutron pi-
5:  BR:  0.0666667  [Phase Space]   :   anti_proton rho0
6:  BR:  0.05  [Phase Space]   :   anti_N(1440)0 pi-
7:  BR:  0.0366667  [Phase Space]   :   anti_delta+ pi0
8:  BR:  0.0333333  [Phase Space]   :   anti_neutron rho-


--- G4ParticleDefinition ---
 Particle Name : anti_delta(1700)++
 PDG particle code : -12224 [PDG anti-particle code: 12224]
 Mass [GeV/c2] : 1.7     Width : 0.3
 Lifetime [nsec] : 0
 Charge [e]: -2
 Spin : 3/2
 Parity : -1
 Charge conjugation : 0
 Isospin : (I,Iz): (3/2 , -3/2 ) 
 GParity : 0
 Quark contents     (d,u,s,c,b,t) : 0, 0, 0, 0, 0, 0
 AntiQuark contents               : 0, 3, 0, 0, 0, 0
 Lepton number : 0 Baryon number : -1
 Particle type : baryon [delta(1700)]
 ShortLived : ON
G4DecayTable:  anti_delta(1700)++
0:  BR:  0.33  [Phase Space]   :   anti_delta++ pi0
1:  BR:  0.22  [Phase Space]   :   anti_delta+ pi-
2:  BR:  0.2  [Phase Space]   :   anti_proton pi-
3:  BR:  0.15  [Phase Space]   :   anti_N(1440)+ pi-
4:  BR:  0.1  [Phase Space]   :   anti_proton rho-


--- G4ParticleDefinition ---
 Particle Name : anti_delta(1700)-
 PDG particle code : -11114 [PDG anti-particle code: 11114]
 Mass [GeV/c2] : 1.7     Width : 0.3
 Lifetime [nsec] : 0
 Charge [e]: 1
 Spin : 3/2
 Parity : -1
 Charge conjugation : 0
 Isospin : (I,Iz): (3/2 , 3/2 ) 
 GParity : 0
 Quark contents     (d,u,s,c,b,t) : 0, 0, 0, 0, 0, 0
 AntiQuark contents               : 3, 0, 0, 0, 0, 0
 Lepton number : 0 Baryon number : -1
 Particle type : baryon [delta(1700)]
 ShortLived : ON
G4DecayTable:  anti_delta(1700)-
0:  BR:  0.33  [Phase Space]   :   anti_delta- pi0
1:  BR:  0.22  [Phase Space]   :   anti_delta0 pi+
2:  BR:  0.2  [Phase Space]   :   anti_neutron pi+
3:  BR:  0.15  [Phase Space]   :   anti_N(1440)0 pi+
4:  BR:  0.1  [Phase Space]   :   anti_neutron rho+


--- G4ParticleDefinition ---
 Particle Name : anti_delta(1700)0
 PDG particle code : -12114 [PDG anti-particle code: 12114]
 Mass [GeV/c2] : 1.7     Width : 0.3
 Lifetime [nsec] : 0
 Charge [e]: -0
 Spin : 3/2
 Parity : -1
 Charge conjugation : 0
 Isospin : (I,Iz): (3/2 , 1/2 ) 
 GParity : 0
 Quark contents     (d,u,s,c,b,t) : 0, 0, 0, 0, 0, 0
 AntiQuark contents               : 2, 1, 0, 0, 0, 0
 Lepton number : 0 Baryon number : -1
 Particle type : baryon [delta(1700)]
 ShortLived : ON
G4DecayTable:  anti_delta(1700)0
0:  BR:  0.293333  [Phase Space]   :   anti_delta+ pi+
1:  BR:  0.22  [Phase Space]   :   anti_delta- pi-
2:  BR:  0.133333  [Phase Space]   :   anti_proton pi+
3:  BR:  0.1  [Phase Space]   :   anti_N(1440)+ pi+
4:  BR:  0.0666667  [Phase Space]   :   anti_neutron pi0
5:  BR:  0.0666667  [Phase Space]   :   anti_proton rho+
6:  BR:  0.05  [Phase Space]   :   anti_N(1440)0 pi0
7:  BR:  0.0366667  [Phase Space]   :   anti_delta0 pi0
8:  BR:  0.0333333  [Phase Space]   :   anti_neutron rho0


--- G4ParticleDefinition ---
 Particle Name : anti_delta(1900)+
 PDG particle code : -12122 [PDG anti-particle code: 12122]
 Mass [GeV/c2] : 1.9     Width : 0.2
 Lifetime [nsec] : 0
 Charge [e]: -1
 Spin : 1/2
 Parity : -1
 Charge conjugation : 0
 Isospin : (I,Iz): (3/2 , -1/2 ) 
 GParity : 0
 Quark contents     (d,u,s,c,b,t) : 0, 0, 0, 0, 0, 0
 AntiQuark contents               : 1, 2, 0, 0, 0, 0
 Lepton number : 0 Baryon number : -1
 Particle type : baryon [delta(1900)]
 ShortLived : ON
G4DecayTable:  anti_delta(1900)+
0:  BR:  0.2  [Phase Space]   :   anti_proton pi0
1:  BR:  0.166667  [Phase Space]   :   anti_N(1440)+ pi0
2:  BR:  0.16  [Phase Space]   :   anti_delta0 pi-
3:  BR:  0.12  [Phase Space]   :   anti_delta++ pi+
4:  BR:  0.1  [Phase Space]   :   anti_neutron pi-
5:  BR:  0.1  [Phase Space]   :   anti_proton rho0
6:  BR:  0.0833333  [Phase Space]   :   anti_N(1440)0 pi-
7:  BR:  0.05  [Phase Space]   :   anti_neutron rho-
8:  BR:  0.02  [Phase Space]   :   anti_delta+ pi0


--- G4ParticleDefinition ---
 Particle Name : anti_delta(1900)++
 PDG particle code : -12222 [PDG anti-particle code: 12222]
 Mass [GeV/c2] : 1.9     Width : 0.2
 Lifetime [nsec] : 0
 Charge [e]: -2
 Spin : 1/2
 Parity : -1
 Charge conjugation : 0
 Isospin : (I,Iz): (3/2 , -3/2 ) 
 GParity : 0
 Quark contents     (d,u,s,c,b,t) : 0, 0, 0, 0, 0, 0
 AntiQuark contents               : 0, 3, 0, 0, 0, 0
 Lepton number : 0 Baryon number : -1
 Particle type : baryon [delta(1900)]
 ShortLived : ON
G4DecayTable:  anti_delta(1900)++
0:  BR:  0.3  [Phase Space]   :   anti_proton pi-
1:  BR:  0.25  [Phase Space]   :   anti_N(1440)+ pi-
2:  BR:  0.18  [Phase Space]   :   anti_delta++ pi0
3:  BR:  0.15  [Phase Space]   :   anti_proton rho-
4:  BR:  0.12  [Phase Space]   :   anti_delta+ pi-


--- G4ParticleDefinition ---
 Particle Name : anti_delta(1900)-
 PDG particle code : -11112 [PDG anti-particle code: 11112]
 Mass [GeV/c2] : 1.9     Width : 0.2
 Lifetime [nsec] : 0
 Charge [e]: 1
 Spin : 1/2
 Parity : -1
 Charge conjugation : 0
 Isospin : (I,Iz): (3/2 , 3/2 ) 
 GParity : 0
 Quark contents     (d,u,s,c,b,t) : 0, 0, 0, 0, 0, 0
 AntiQuark contents               : 3, 0, 0, 0, 0, 0
 Lepton number : 0 Baryon number : -1
 Particle type : baryon [delta(1900)]
 ShortLived : ON
G4DecayTable:  anti_delta(1900)-
0:  BR:  0.3  [Phase Space]   :   anti_neutron pi+
1:  BR:  0.25  [Phase Space]   :   anti_N(1440)0 pi+
2:  BR:  0.18  [Phase Space]   :   anti_delta- pi0
3:  BR:  0.15  [Phase Space]   :   anti_neutron rho+
4:  BR:  0.12  [Phase Space]   :   anti_delta0 pi+


--- G4ParticleDefinition ---
 Particle Name : anti_delta(1900)0
 PDG particle code : -11212 [PDG anti-particle code: 11212]
 Mass [GeV/c2] : 1.9     Width : 0.2
 Lifetime [nsec] : 0
 Charge [e]: -0
 Spin : 1/2
 Parity : -1
 Charge conjugation : 0
 Isospin : (I,Iz): (3/2 , 1/2 ) 
 GParity : 0
 Quark contents     (d,u,s,c,b,t) : 0, 0, 0, 0, 0, 0
 AntiQuark contents               : 2, 1, 0, 0, 0, 0
 Lepton number : 0 Baryon number : -1
 Particle type : baryon [delta(1900)]
 ShortLived : ON
G4DecayTable:  anti_delta(1900)0
0:  BR:  0.2  [Phase Space]   :   anti_proton pi+
1:  BR:  0.166667  [Phase Space]   :   anti_N(1440)+ pi+
2:  BR:  0.16  [Phase Space]   :   anti_delta+ pi+
3:  BR:  0.12  [Phase Space]   :   anti_delta- pi-
4:  BR:  0.1  [Phase Space]   :   anti_neutron pi0
5:  BR:  0.1  [Phase Space]   :   anti_proton rho+
6:  BR:  0.0833333  [Phase Space]   :   anti_N(1440)0 pi0
7:  BR:  0.05  [Phase Space]   :   anti_neutron rho0
8:  BR:  0.02  [Phase Space]   :   anti_delta0 pi0


--- G4ParticleDefinition ---
 Particle Name : anti_delta(1905)+
 PDG particle code : -2126 [PDG anti-particle code: 2126]
 Mass [GeV/c2] : 1.88     Width : 0.33
 Lifetime [nsec] : 0
 Charge [e]: -1
 Spin : 5/2
 Parity : 1
 Charge conjugation : 0
 Isospin : (I,Iz): (3/2 , -1/2 ) 
 GParity : 0
 Quark contents     (d,u,s,c,b,t) : 0, 0, 0, 0, 0, 0
 AntiQuark contents               : 1, 2, 0, 0, 0, 0
 Lepton number : 0 Baryon number : -1
 Particle type : baryon [delta(1905)]
 ShortLived : ON
G4DecayTable:  anti_delta(1905)+
0:  BR:  0.4  [Phase Space]   :   anti_proton rho0
1:  BR:  0.2  [Phase Space]   :   anti_neutron rho-
2:  BR:  0.133333  [Phase Space]   :   anti_proton pi0
3:  BR:  0.0666667  [Phase Space]   :   anti_neutron pi-
4:  BR:  0.0666667  [Phase Space]   :   anti_N(1440)+ pi0
5:  BR:  0.0533333  [Phase Space]   :   anti_delta0 pi-
6:  BR:  0.04  [Phase Space]   :   anti_delta++ pi+
7:  BR:  0.0333333  [Phase Space]   :   anti_N(1440)0 pi-
8:  BR:  0.00666667  [Phase Space]   :   anti_delta+ pi0


--- G4ParticleDefinition ---
 Particle Name : anti_delta(1905)++
 PDG particle code : -2226 [PDG anti-particle code: 2226]
 Mass [GeV/c2] : 1.88     Width : 0.33
 Lifetime [nsec] : 0
 Charge [e]: -2
 Spin : 5/2
 Parity : 1
 Charge conjugation : 0
 Isospin : (I,Iz): (3/2 , -3/2 ) 
 GParity : 0
 Quark contents     (d,u,s,c,b,t) : 0, 0, 0, 0, 0, 0
 AntiQuark contents               : 0, 3, 0, 0, 0, 0
 Lepton number : 0 Baryon number : -1
 Particle type : baryon [delta(1905)]
 ShortLived : ON
G4DecayTable:  anti_delta(1905)++
0:  BR:  0.6  [Phase Space]   :   anti_proton rho-
1:  BR:  0.2  [Phase Space]   :   anti_proton pi-
2:  BR:  0.1  [Phase Space]   :   anti_N(1440)+ pi-
3:  BR:  0.06  [Phase Space]   :   anti_delta++ pi0
4:  BR:  0.04  [Phase Space]   :   anti_delta+ pi-


--- G4ParticleDefinition ---
 Particle Name : anti_delta(1905)-
 PDG particle code : -1116 [PDG anti-particle code: 1116]
 Mass [GeV/c2] : 1.88     Width : 0.33
 Lifetime [nsec] : 0
 Charge [e]: 1
 Spin : 5/2
 Parity : 1
 Charge conjugation : 0
 Isospin : (I,Iz): (3/2 , 3/2 ) 
 GParity : 0
 Quark contents     (d,u,s,c,b,t) : 0, 0, 0, 0, 0, 0
 AntiQuark contents               : 3, 0, 0, 0, 0, 0
 Lepton number : 0 Baryon number : -1
 Particle type : baryon [delta(1905)]
 ShortLived : ON
G4DecayTable:  anti_delta(1905)-
0:  BR:  0.6  [Phase Space]   :   anti_neutron rho+
1:  BR:  0.2  [Phase Space]   :   anti_neutron pi+
2:  BR:  0.1  [Phase Space]   :   anti_N(1440)0 pi+
3:  BR:  0.06  [Phase Space]   :   anti_delta- pi0
4:  BR:  0.04  [Phase Space]   :   anti_delta0 pi+


--- G4ParticleDefinition ---
 Particle Name : anti_delta(1905)0
 PDG particle code : -1216 [PDG anti-particle code: 1216]
 Mass [GeV/c2] : 1.88     Width : 0.33
 Lifetime [nsec] : 0
 Charge [e]: -0
 Spin : 5/2
 Parity : 1
 Charge conjugation : 0
 Isospin : (I,Iz): (3/2 , 1/2 ) 
 GParity : 0
 Quark contents     (d,u,s,c,b,t) : 0, 0, 0, 0, 0, 0
 AntiQuark contents               : 2, 1, 0, 0, 0, 0
 Lepton number : 0 Baryon number : -1
 Particle type : baryon [delta(1905)]
 ShortLived : ON
G4DecayTable:  anti_delta(1905)0
0:  BR:  0.4  [Phase Space]   :   anti_proton rho+
1:  BR:  0.2  [Phase Space]   :   anti_neutron rho0
2:  BR:  0.133333  [Phase Space]   :   anti_proton pi+
3:  BR:  0.0666667  [Phase Space]   :   anti_neutron pi0
4:  BR:  0.0666667  [Phase Space]   :   anti_N(1440)+ pi+
5:  BR:  0.0533333  [Phase Space]   :   anti_delta+ pi+
6:  BR:  0.04  [Phase Space]   :   anti_delta- pi-
7:  BR:  0.0333333  [Phase Space]   :   anti_N(1440)0 pi0
8:  BR:  0.00666667  [Phase Space]   :   anti_delta0 pi0


--- G4ParticleDefinition ---
 Particle Name : anti_delta(1910)+
 PDG particle code : -22122 [PDG anti-particle code: 22122]
 Mass [GeV/c2] : 1.89     Width : 0.28
 Lifetime [nsec] : 0
 Charge [e]: -1
 Spin : 1/2
 Parity : 1
 Charge conjugation : 0
 Isospin : (I,Iz): (3/2 , -1/2 ) 
 GParity : 0
 Quark contents     (d,u,s,c,b,t) : 0, 0, 0, 0, 0, 0
 AntiQuark contents               : 1, 2, 0, 0, 0, 0
 Lepton number : 0 Baryon number : -1
 Particle type : baryon [delta(1910)]
 ShortLived : ON
G4DecayTable:  anti_delta(1910)+
0:  BR:  0.266667  [Phase Space]   :   anti_proton rho0
1:  BR:  0.233333  [Phase Space]   :   anti_proton pi0
2:  BR:  0.133333  [Phase Space]   :   anti_neutron rho-
3:  BR:  0.116667  [Phase Space]   :   anti_neutron pi-
4:  BR:  0.08  [Phase Space]   :   anti_delta0 pi-
5:  BR:  0.0666667  [Phase Space]   :   anti_N(1440)+ pi0
6:  BR:  0.06  [Phase Space]   :   anti_delta++ pi+
7:  BR:  0.0333333  [Phase Space]   :   anti_N(1440)0 pi-
8:  BR:  0.01  [Phase Space]   :   anti_delta+ pi0


--- G4ParticleDefinition ---
 Particle Name : anti_delta(1910)++
 PDG particle code : -22222 [PDG anti-particle code: 22222]
 Mass [GeV/c2] : 1.89     Width : 0.28
 Lifetime [nsec] : 0
 Charge [e]: -2
 Spin : 1/2
 Parity : 1
 Charge conjugation : 0
 Isospin : (I,Iz): (3/2 , -3/2 ) 
 GParity : 0
 Quark contents     (d,u,s,c,b,t) : 0, 0, 0, 0, 0, 0
 AntiQuark contents               : 0, 3, 0, 0, 0, 0
 Lepton number : 0 Baryon number : -1
 Particle type : baryon [delta(1910)]
 ShortLived : ON
G4DecayTable:  anti_delta(1910)++
0:  BR:  0.4  [Phase Space]   :   anti_proton rho-
1:  BR:  0.35  [Phase Space]   :   anti_proton pi-
2:  BR:  0.1  [Phase Space]   :   anti_N(1440)+ pi-
3:  BR:  0.09  [Phase Space]   :   anti_delta++ pi0
4:  BR:  0.06  [Phase Space]   :   anti_delta+ pi-


--- G4ParticleDefinition ---
 Particle Name : anti_delta(1910)-
 PDG particle code : -21112 [PDG anti-particle code: 21112]
 Mass [GeV/c2] : 1.89     Width : 0.28
 Lifetime [nsec] : 0
 Charge [e]: 1
 Spin : 1/2
 Parity : 1
 Charge conjugation : 0
 Isospin : (I,Iz): (3/2 , 3/2 ) 
 GParity : 0
 Quark contents     (d,u,s,c,b,t) : 0, 0, 0, 0, 0, 0
 AntiQuark contents               : 3, 0, 0, 0, 0, 0
 Lepton number : 0 Baryon number : -1
 Particle type : baryon [delta(1910)]
 ShortLived : ON
G4DecayTable:  anti_delta(1910)-
0:  BR:  0.4  [Phase Space]   :   anti_neutron rho+
1:  BR:  0.35  [Phase Space]   :   anti_neutron pi+
2:  BR:  0.1  [Phase Space]   :   anti_N(1440)0 pi+
3:  BR:  0.09  [Phase Space]   :   anti_delta- pi0
4:  BR:  0.06  [Phase Space]   :   anti_delta0 pi+


--- G4ParticleDefinition ---
 Particle Name : anti_delta(1910)0
 PDG particle code : -21212 [PDG anti-particle code: 21212]
 Mass [GeV/c2] : 1.89     Width : 0.28
 Lifetime [nsec] : 0
 Charge [e]: -0
 Spin : 1/2
 Parity : 1
 Charge conjugation : 0
 Isospin : (I,Iz): (3/2 , 1/2 ) 
 GParity : 0
 Quark contents     (d,u,s,c,b,t) : 0, 0, 0, 0, 0, 0
 AntiQuark contents               : 2, 1, 0, 0, 0, 0
 Lepton number : 0 Baryon number : -1
 Particle type : baryon [delta(1910)]
 ShortLived : ON
G4DecayTable:  anti_delta(1910)0
0:  BR:  0.266667  [Phase Space]   :   anti_proton rho+
1:  BR:  0.233333  [Phase Space]   :   anti_proton pi+
2:  BR:  0.133333  [Phase Space]   :   anti_neutron rho0
3:  BR:  0.116667  [Phase Space]   :   anti_neutron pi0
4:  BR:  0.08  [Phase Space]   :   anti_delta+ pi+
5:  BR:  0.0666667  [Phase Space]   :   anti_N(1440)+ pi+
6:  BR:  0.06  [Phase Space]   :   anti_delta- pi-
7:  BR:  0.0333333  [Phase Space]   :   anti_N(1440)0 pi0
8:  BR:  0.01  [Phase Space]   :   anti_delta0 pi0


--- G4ParticleDefinition ---
 Particle Name : anti_delta(1920)+
 PDG particle code : -22214 [PDG anti-particle code: 22214]
 Mass [GeV/c2] : 1.92     Width : 0.26
 Lifetime [nsec] : 0
 Charge [e]: -1
 Spin : 3/2
 Parity : 1
 Charge conjugation : 0
 Isospin : (I,Iz): (3/2 , -1/2 ) 
 GParity : 0
 Quark contents     (d,u,s,c,b,t) : 0, 0, 0, 0, 0, 0
 AntiQuark contents               : 1, 2, 0, 0, 0, 0
 Lepton number : 0 Baryon number : -1
 Particle type : baryon [delta(1920)]
 ShortLived : ON
G4DecayTable:  anti_delta(1920)+
0:  BR:  0.2  [Phase Space]   :   anti_proton rho0
1:  BR:  0.166667  [Phase Space]   :   anti_N(1440)+ pi0
2:  BR:  0.16  [Phase Space]   :   anti_delta0 pi-
3:  BR:  0.12  [Phase Space]   :   anti_delta++ pi+
4:  BR:  0.1  [Phase Space]   :   anti_proton pi0
5:  BR:  0.1  [Phase Space]   :   anti_neutron rho-
6:  BR:  0.0833333  [Phase Space]   :   anti_N(1440)0 pi-
7:  BR:  0.05  [Phase Space]   :   anti_neutron pi-
8:  BR:  0.02  [Phase Space]   :   anti_delta+ pi0


--- G4ParticleDefinition ---
 Particle Name : anti_delta(1920)++
 PDG particle code : -22224 [PDG anti-particle code: 22224]
 Mass [GeV/c2] : 1.92     Width : 0.26
 Lifetime [nsec] : 0
 Charge [e]: -2
 Spin : 3/2
 Parity : 1
 Charge conjugation : 0
 Isospin : (I,Iz): (3/2 , -3/2 ) 
 GParity : 0
 Quark contents     (d,u,s,c,b,t) : 0, 0, 0, 0, 0, 0
 AntiQuark contents               : 0, 3, 0, 0, 0, 0
 Lepton number : 0 Baryon number : -1
 Particle type : baryon [delta(1920)]
 ShortLived : ON
G4DecayTable:  anti_delta(1920)++
0:  BR:  0.3  [Phase Space]   :   anti_proton rho-
1:  BR:  0.25  [Phase Space]   :   anti_N(1440)+ pi-
2:  BR:  0.18  [Phase Space]   :   anti_delta++ pi0
3:  BR:  0.15  [Phase Space]   :   anti_proton pi-
4:  BR:  0.12  [Phase Space]   :   anti_delta+ pi-


--- G4ParticleDefinition ---
 Particle Name : anti_delta(1920)-
 PDG particle code : -21114 [PDG anti-particle code: 21114]
 Mass [GeV/c2] : 1.92     Width : 0.26
 Lifetime [nsec] : 0
 Charge [e]: 1
 Spin : 3/2
 Parity : 1
 Charge conjugation : 0
 Isospin : (I,Iz): (3/2 , 3/2 ) 
 GParity : 0
 Quark contents     (d,u,s,c,b,t) : 0, 0, 0, 0, 0, 0
 AntiQuark contents               : 3, 0, 0, 0, 0, 0
 Lepton number : 0 Baryon number : -1
 Particle type : baryon [delta(1920)]
 ShortLived : ON
G4DecayTable:  anti_delta(1920)-
0:  BR:  0.3  [Phase Space]   :   anti_neutron rho+
1:  BR:  0.25  [Phase Space]   :   anti_N(1440)0 pi+
2:  BR:  0.18  [Phase Space]   :   anti_delta- pi0
3:  BR:  0.15  [Phase Space]   :   anti_neutron pi+
4:  BR:  0.12  [Phase Space]   :   anti_delta0 pi+


--- G4ParticleDefinition ---
 Particle Name : anti_delta(1920)0
 PDG particle code : -22114 [PDG anti-particle code: 22114]
 Mass [GeV/c2] : 1.92     Width : 0.26
 Lifetime [nsec] : 0
 Charge [e]: -0
 Spin : 3/2
 Parity : 1
 Charge conjugation : 0
 Isospin : (I,Iz): (3/2 , 1/2 ) 
 GParity : 0
 Quark contents     (d,u,s,c,b,t) : 0, 0, 0, 0, 0, 0
 AntiQuark contents               : 2, 1, 0, 0, 0, 0
 Lepton number : 0 Baryon number : -1
 Particle type : baryon [delta(1920)]
 ShortLived : ON
G4DecayTable:  anti_delta(1920)0
0:  BR:  0.2  [Phase Space]   :   anti_proton rho+
1:  BR:  0.166667  [Phase Space]   :   anti_N(1440)+ pi+
2:  BR:  0.16  [Phase Space]   :   anti_delta+ pi+
3:  BR:  0.12  [Phase Space]   :   anti_delta- pi-
4:  BR:  0.1  [Phase Space]   :   anti_proton pi+
5:  BR:  0.1  [Phase Space]   :   anti_neutron rho0
6:  BR:  0.0833333  [Phase Space]   :   anti_N(1440)0 pi0
7:  BR:  0.05  [Phase Space]   :   anti_neutron pi0
8:  BR:  0.02  [Phase Space]   :   anti_delta0 pi0


--- G4ParticleDefinition ---
 Particle Name : anti_delta(1930)+
 PDG particle code : -12126 [PDG anti-particle code: 12126]
 Mass [GeV/c2] : 1.95     Width : 0.36
 Lifetime [nsec] : 0
 Charge [e]: -1
 Spin : 5/2
 Parity : -1
 Charge conjugation : 0
 Isospin : (I,Iz): (3/2 , -1/2 ) 
 GParity : 0
 Quark contents     (d,u,s,c,b,t) : 0, 0, 0, 0, 0, 0
 AntiQuark contents               : 1, 2, 0, 0, 0, 0
 Lepton number : 0 Baryon number : -1
 Particle type : baryon [delta(1930)]
 ShortLived : ON
G4DecayTable:  anti_delta(1930)+
0:  BR:  0.2  [Phase Space]   :   anti_N(1440)+ pi0
1:  BR:  0.166667  [Phase Space]   :   anti_proton rho0
2:  BR:  0.133333  [Phase Space]   :   anti_proton pi0
3:  BR:  0.133333  [Phase Space]   :   anti_delta0 pi-
4:  BR:  0.1  [Phase Space]   :   anti_delta++ pi+
5:  BR:  0.1  [Phase Space]   :   anti_N(1440)0 pi-
6:  BR:  0.0833333  [Phase Space]   :   anti_neutron rho-
7:  BR:  0.0666667  [Phase Space]   :   anti_neutron pi-
8:  BR:  0.0166667  [Phase Space]   :   anti_delta+ pi0


--- G4ParticleDefinition ---
 Particle Name : anti_delta(1930)++
 PDG particle code : -12226 [PDG anti-particle code: 12226]
 Mass [GeV/c2] : 1.95     Width : 0.36
 Lifetime [nsec] : 0
 Charge [e]: -2
 Spin : 5/2
 Parity : -1
 Charge conjugation : 0
 Isospin : (I,Iz): (3/2 , -3/2 ) 
 GParity : 0
 Quark contents     (d,u,s,c,b,t) : 0, 0, 0, 0, 0, 0
 AntiQuark contents               : 0, 3, 0, 0, 0, 0
 Lepton number : 0 Baryon number : -1
 Particle type : baryon [delta(1930)]
 ShortLived : ON
G4DecayTable:  anti_delta(1930)++
0:  BR:  0.3  [Phase Space]   :   anti_N(1440)+ pi-
1:  BR:  0.25  [Phase Space]   :   anti_proton rho-
2:  BR:  0.2  [Phase Space]   :   anti_proton pi-
3:  BR:  0.15  [Phase Space]   :   anti_delta++ pi0
4:  BR:  0.1  [Phase Space]   :   anti_delta+ pi-


--- G4ParticleDefinition ---
 Particle Name : anti_delta(1930)-
 PDG particle code : -11116 [PDG anti-particle code: 11116]
 Mass [GeV/c2] : 1.95     Width : 0.36
 Lifetime [nsec] : 0
 Charge [e]: 1
 Spin : 5/2
 Parity : -1
 Charge conjugation : 0
 Isospin : (I,Iz): (3/2 , 3/2 ) 
 GParity : 0
 Quark contents     (d,u,s,c,b,t) : 0, 0, 0, 0, 0, 0
 AntiQuark contents               : 3, 0, 0, 0, 0, 0
 Lepton number : 0 Baryon number : -1
 Particle type : baryon [delta(1930)]
 ShortLived : ON
G4DecayTable:  anti_delta(1930)-
0:  BR:  0.3  [Phase Space]   :   anti_N(1440)0 pi+
1:  BR:  0.25  [Phase Space]   :   anti_neutron rho+
2:  BR:  0.2  [Phase Space]   :   anti_neutron pi+
3:  BR:  0.15  [Phase Space]   :   anti_delta- pi0
4:  BR:  0.1  [Phase Space]   :   anti_delta0 pi+


--- G4ParticleDefinition ---
 Particle Name : anti_delta(1930)0
 PDG particle code : -11216 [PDG anti-particle code: 11216]
 Mass [GeV/c2] : 1.95     Width : 0.36
 Lifetime [nsec] : 0
 Charge [e]: -0
 Spin : 5/2
 Parity : -1
 Charge conjugation : 0
 Isospin : (I,Iz): (3/2 , 1/2 ) 
 GParity : 0
 Quark contents     (d,u,s,c,b,t) : 0, 0, 0, 0, 0, 0
 AntiQuark contents               : 2, 1, 0, 0, 0, 0
 Lepton number : 0 Baryon number : -1
 Particle type : baryon [delta(1930)]
 ShortLived : ON
G4DecayTable:  anti_delta(1930)0
0:  BR:  0.2  [Phase Space]   :   anti_N(1440)+ pi+
1:  BR:  0.166667  [Phase Space]   :   anti_proton rho+
2:  BR:  0.133333  [Phase Space]   :   anti_proton pi+
3:  BR:  0.133333  [Phase Space]   :   anti_delta+ pi+
4:  BR:  0.1  [Phase Space]   :   anti_delta- pi-
5:  BR:  0.1  [Phase Space]   :   anti_N(1440)0 pi0
6:  BR:  0.0833333  [Phase Space]   :   anti_neutron rho0
7:  BR:  0.0666667  [Phase Space]   :   anti_neutron pi0
8:  BR:  0.0166667  [Phase Space]   :   anti_delta0 pi0


--- G4ParticleDefinition ---
 Particle Name : anti_delta(1950)+
 PDG particle code : -2218 [PDG anti-particle code: 2218]
 Mass [GeV/c2] : 1.93     Width : 0.28
 Lifetime [nsec] : 0
 Charge [e]: -1
 Spin : 7/2
 Parity : 1
 Charge conjugation : 0
 Isospin : (I,Iz): (3/2 , -1/2 ) 
 GParity : 0
 Quark contents     (d,u,s,c,b,t) : 0, 0, 0, 0, 0, 0
 AntiQuark contents               : 1, 2, 0, 0, 0, 0
 Lepton number : 0 Baryon number : -1
 Particle type : baryon [delta(1950)]
 ShortLived : ON
G4DecayTable:  anti_delta(1950)+
0:  BR:  0.293333  [Phase Space]   :   anti_proton pi0
1:  BR:  0.146667  [Phase Space]   :   anti_neutron pi-
2:  BR:  0.133333  [Phase Space]   :   anti_N(1440)+ pi0
3:  BR:  0.106667  [Phase Space]   :   anti_delta0 pi-
4:  BR:  0.1  [Phase Space]   :   anti_proton rho0
5:  BR:  0.08  [Phase Space]   :   anti_delta++ pi+
6:  BR:  0.0666667  [Phase Space]   :   anti_N(1440)0 pi-
7:  BR:  0.05  [Phase Space]   :   anti_neutron rho-
8:  BR:  0.0133333  [Phase Space]   :   anti_delta+ pi0
9:  BR:  0.01  [Phase Space]   :   anti_proton gamma


--- G4ParticleDefinition ---
 Particle Name : anti_delta(1950)++
 PDG particle code : -2228 [PDG anti-particle code: 2228]
 Mass [GeV/c2] : 1.93     Width : 0.28
 Lifetime [nsec] : 0
 Charge [e]: -2
 Spin : 7/2
 Parity : 1
 Charge conjugation : 0
 Isospin : (I,Iz): (3/2 , -3/2 ) 
 GParity : 0
 Quark contents     (d,u,s,c,b,t) : 0, 0, 0, 0, 0, 0
 AntiQuark contents               : 0, 3, 0, 0, 0, 0
 Lepton number : 0 Baryon number : -1
 Particle type : baryon [delta(1950)]
 ShortLived : ON
G4DecayTable:  anti_delta(1950)++
0:  BR:  0.44  [Phase Space]   :   anti_proton pi-
1:  BR:  0.2  [Phase Space]   :   anti_N(1440)+ pi-
2:  BR:  0.15  [Phase Space]   :   anti_proton rho-
3:  BR:  0.12  [Phase Space]   :   anti_delta++ pi0
4:  BR:  0.08  [Phase Space]   :   anti_delta+ pi-


--- G4ParticleDefinition ---
 Particle Name : anti_delta(1950)-
 PDG particle code : -1118 [PDG anti-particle code: 1118]
 Mass [GeV/c2] : 1.93     Width : 0.28
 Lifetime [nsec] : 0
 Charge [e]: 1
 Spin : 7/2
 Parity : 1
 Charge conjugation : 0
 Isospin : (I,Iz): (3/2 , 3/2 ) 
 GParity : 0
 Quark contents     (d,u,s,c,b,t) : 0, 0, 0, 0, 0, 0
 AntiQuark contents               : 3, 0, 0, 0, 0, 0
 Lepton number : 0 Baryon number : -1
 Particle type : baryon [delta(1950)]
 ShortLived : ON
G4DecayTable:  anti_delta(1950)-
0:  BR:  0.44  [Phase Space]   :   anti_neutron pi+
1:  BR:  0.2  [Phase Space]   :   anti_N(1440)0 pi+
2:  BR:  0.15  [Phase Space]   :   anti_neutron rho+
3:  BR:  0.12  [Phase Space]   :   anti_delta- pi0
4:  BR:  0.08  [Phase Space]   :   anti_delta0 pi+


--- G4ParticleDefinition ---
 Particle Name : anti_delta(1950)0
 PDG particle code : -2118 [PDG anti-particle code: 2118]
 Mass [GeV/c2] : 1.93     Width : 0.28
 Lifetime [nsec] : 0
 Charge [e]: -0
 Spin : 7/2
 Parity : 1
 Charge conjugation : 0
 Isospin : (I,Iz): (3/2 , 1/2 ) 
 GParity : 0
 Quark contents     (d,u,s,c,b,t) : 0, 0, 0, 0, 0, 0
 AntiQuark contents               : 2, 1, 0, 0, 0, 0
 Lepton number : 0 Baryon number : -1
 Particle type : baryon [delta(1950)]
 ShortLived : ON
G4DecayTable:  anti_delta(1950)0
0:  BR:  0.293333  [Phase Space]   :   anti_proton pi+
1:  BR:  0.146667  [Phase Space]   :   anti_neutron pi0
2:  BR:  0.133333  [Phase Space]   :   anti_N(1440)+ pi+
3:  BR:  0.106667  [Phase Space]   :   anti_delta+ pi+
4:  BR:  0.1  [Phase Space]   :   anti_proton rho+
5:  BR:  0.08  [Phase Space]   :   anti_delta- pi-
6:  BR:  0.0666667  [Phase Space]   :   anti_N(1440)0 pi0
7:  BR:  0.05  [Phase Space]   :   anti_neutron rho0
8:  BR:  0.0133333  [Phase Space]   :   anti_delta0 pi0
9:  BR:  0.01  [Phase Space]   :   anti_neutron gamma


--- G4ParticleDefinition ---
 Particle Name : anti_delta+
 PDG particle code : -2214 [PDG anti-particle code: 2214]
 Mass [GeV/c2] : 1.232     Width : 0.12
 Lifetime [nsec] : 0
 Charge [e]: -1
 Spin : 3/2
 Parity : 1
 Charge conjugation : 0
 Isospin : (I,Iz): (3/2 , -1/2 ) 
 GParity : 0
 Quark contents     (d,u,s,c,b,t) : 0, 0, 0, 0, 0, 0
 AntiQuark contents               : 1, 2, 0, 0, 0, 0
 Lepton number : 0 Baryon number : -1
 Particle type : baryon [delta(1232)]
 ShortLived : ON
G4DecayTable:  anti_delta+
0:  BR:  0.5  [Phase Space]   :   anti_proton pi0
1:  BR:  0.5  [Phase Space]   :   anti_neutron pi-


--- G4ParticleDefinition ---
 Particle Name : anti_delta++
 PDG particle code : -2224 [PDG anti-particle code: 2224]
 Mass [GeV/c2] : 1.232     Width : 0.12
 Lifetime [nsec] : 0
 Charge [e]: -2
 Spin : 3/2
 Parity : 1
 Charge conjugation : 0
 Isospin : (I,Iz): (3/2 , -3/2 ) 
 GParity : 0
 Quark contents     (d,u,s,c,b,t) : 0, 0, 0, 0, 0, 0
 AntiQuark contents               : 0, 3, 0, 0, 0, 0
 Lepton number : 0 Baryon number : -1
 Particle type : baryon [delta(1232)]
 ShortLived : ON
G4DecayTable:  anti_delta++
0:  BR:  1  [Phase Space]   :   anti_proton pi-


--- G4ParticleDefinition ---
 Particle Name : anti_delta-
 PDG particle code : -1114 [PDG anti-particle code: 1114]
 Mass [GeV/c2] : 1.232     Width : 0.117
 Lifetime [nsec] : 0
 Charge [e]: 1
 Spin : 3/2
 Parity : 1
 Charge conjugation : 0
 Isospin : (I,Iz): (3/2 , 3/2 ) 
 GParity : 0
 Quark contents     (d,u,s,c,b,t) : 0, 0, 0, 0, 0, 0
 AntiQuark contents               : 3, 0, 0, 0, 0, 0
 Lepton number : 0 Baryon number : -1
 Particle type : baryon [delta(1232)]
 ShortLived : ON
G4DecayTable:  anti_delta-
0:  BR:  1  [Phase Space]   :   anti_neutron pi+


--- G4ParticleDefinition ---
 Particle Name : anti_delta0
 PDG particle code : -2114 [PDG anti-particle code: 2114]
 Mass [GeV/c2] : 1.232     Width : 0.12
 Lifetime [nsec] : 0
 Charge [e]: 0
 Spin : 3/2
 Parity : 1
 Charge conjugation : 0
 Isospin : (I,Iz): (3/2 , 1/2 ) 
 GParity : 0
 Quark contents     (d,u,s,c,b,t) : 0, 0, 0, 0, 0, 0
 AntiQuark contents               : 2, 1, 0, 0, 0, 0
 Lepton number : 0 Baryon number : -1
 Particle type : baryon [delta(1232)]
 ShortLived : ON
G4DecayTable:  anti_delta0
0:  BR:  0.5  [Phase Space]   :   anti_proton pi+
1:  BR:  0.5  [Phase Space]   :   anti_neutron pi0


--- G4ParticleDefinition ---
 Particle Name : anti_deuteron
 PDG particle code : -1000010020 [PDG anti-particle code: 1000010020]
 Mass [GeV/c2] : 1.87561     Width : 0
 Lifetime [nsec] : -1
 Charge [e]: -1
 Spin : 2/2
 Parity : 1
 Charge conjugation : 0
 Isospin : (I,Iz): (0/2 , 0/2 ) 
 GParity : 0
 MagneticMoment [MeV/T] : -2.70303e-14
 Quark contents     (d,u,s,c,b,t) : 0, 0, 0, 0, 0, 0
 AntiQuark contents               : 3, 3, 0, 0, 0, 0
 Lepton number : 0 Baryon number : -2
 Particle type : anti_nucleus [static]
 Atomic Number : 1  Atomic Mass : 2
 Stable : stable

--- G4ParticleDefinition ---
 Particle Name : anti_k(1460)0
 PDG particle code : -100311 [PDG anti-particle code: 100311]
 Mass [GeV/c2] : 1.46     Width : 0.26
 Lifetime [nsec] : 0
 Charge [e]: 0
 Spin : 0/2
 Parity : -1
 Charge conjugation : 1
 Isospin : (I,Iz): (1/2 , 1/2 ) 
 GParity : 0
 Quark contents     (d,u,s,c,b,t) : 0, 0, 1, 0, 0, 0
 AntiQuark contents               : 1, 0, 0, 0, 0, 0
 Lepton number : 0 Baryon number : 0
 Particle type : meson [k(1460)]
 ShortLived : ON
G4DecayTable:  anti_k(1460)0
0:  BR:  0.333333  [Phase Space]   :   k_star- pi+
1:  BR:  0.333333  [Phase Space]   :   kaon- rho+
2:  BR:  0.166667  [Phase Space]   :   anti_k_star0 pi0
3:  BR:  0.166667  [Phase Space]   :   anti_kaon0 rho0


--- G4ParticleDefinition ---
 Particle Name : anti_k0_star(1430)0
 PDG particle code : -10311 [PDG anti-particle code: 10311]
 Mass [GeV/c2] : 1.43     Width : 0.27
 Lifetime [nsec] : 0
 Charge [e]: 0
 Spin : 0/2
 Parity : 1
 Charge conjugation : 1
 Isospin : (I,Iz): (1/2 , 1/2 ) 
 GParity : 0
 Quark contents     (d,u,s,c,b,t) : 0, 0, 1, 0, 0, 0
 AntiQuark contents               : 1, 0, 0, 0, 0, 0
 Lepton number : 0 Baryon number : 0
 Particle type : meson [k0_star(1430)]
 ShortLived : ON
G4DecayTable:  anti_k0_star(1430)0
0:  BR:  0.666667  [Phase Space]   :   kaon- pi+
1:  BR:  0.333333  [Phase Space]   :   anti_kaon0 pi0


--- G4ParticleDefinition ---
 Particle Name : anti_k1(1270)0
 PDG particle code : -10313 [PDG anti-particle code: 10313]
 Mass [GeV/c2] : 1.272     Width : 0.09
 Lifetime [nsec] : 0
 Charge [e]: 0
 Spin : 2/2
 Parity : 1
 Charge conjugation : -1
 Isospin : (I,Iz): (1/2 , 1/2 ) 
 GParity : 0
 Quark contents     (d,u,s,c,b,t) : 0, 0, 1, 0, 0, 0
 AntiQuark contents               : 1, 0, 0, 0, 0, 0
 Lepton number : 0 Baryon number : 0
 Particle type : meson [k1(1270)]
 ShortLived : ON
G4DecayTable:  anti_k1(1270)0
0:  BR:  0.313333  [Phase Space]   :   k_star- pi+
1:  BR:  0.28  [Phase Space]   :   kaon- rho+
2:  BR:  0.156667  [Phase Space]   :   anti_k_star0 pi0
3:  BR:  0.14  [Phase Space]   :   anti_kaon0 rho0
4:  BR:  0.11  [Phase Space]   :   anti_kaon0 omega


--- G4ParticleDefinition ---
 Particle Name : anti_k1(1400)0
 PDG particle code : -20313 [PDG anti-particle code: 20313]
 Mass [GeV/c2] : 1.403     Width : 0.174
 Lifetime [nsec] : 0
 Charge [e]: 0
 Spin : 2/2
 Parity : 1
 Charge conjugation : 1
 Isospin : (I,Iz): (1/2 , 1/2 ) 
 GParity : 0
 Quark contents     (d,u,s,c,b,t) : 0, 0, 1, 0, 0, 0
 AntiQuark contents               : 1, 0, 0, 0, 0, 0
 Lepton number : 0 Baryon number : 0
 Particle type : meson [k1(1400)]
 ShortLived : ON
G4DecayTable:  anti_k1(1400)0
0:  BR:  0.64  [Phase Space]   :   k_star- pi+
1:  BR:  0.32  [Phase Space]   :   anti_k_star0 pi0
2:  BR:  0.02  [Phase Space]   :   kaon- rho+
3:  BR:  0.01  [Phase Space]   :   anti_kaon0 rho0
4:  BR:  0.01  [Phase Space]   :   anti_kaon0 omega


--- G4ParticleDefinition ---
 Particle Name : anti_k2(1770)0
 PDG particle code : -10315 [PDG anti-particle code: 10315]
 Mass [GeV/c2] : 1.773     Width : 0.186
 Lifetime [nsec] : 0
 Charge [e]: 0
 Spin : 4/2
 Parity : -1
 Charge conjugation : 1
 Isospin : (I,Iz): (1/2 , 1/2 ) 
 GParity : 0
 Quark contents     (d,u,s,c,b,t) : 0, 0, 1, 0, 0, 0
 AntiQuark contents               : 1, 0, 0, 0, 0, 0
 Lepton number : 0 Baryon number : 0
 Particle type : meson [k2(1770)]
 ShortLived : ON
G4DecayTable:  anti_k2(1770)0
0:  BR:  0.666667  [Phase Space]   :   k2_star(1430)- pi+
1:  BR:  0.333333  [Phase Space]   :   anti_k2_star(1430)0 pi0


--- G4ParticleDefinition ---
 Particle Name : anti_k2_star(1430)0
 PDG particle code : -315 [PDG anti-particle code: 315]
 Mass [GeV/c2] : 1.4324     Width : 0.109
 Lifetime [nsec] : 0
 Charge [e]: 0
 Spin : 4/2
 Parity : 1
 Charge conjugation : 1
 Isospin : (I,Iz): (1/2 , 1/2 ) 
 GParity : 0
 Quark contents     (d,u,s,c,b,t) : 0, 0, 1, 0, 0, 0
 AntiQuark contents               : 1, 0, 0, 0, 0, 0
 Lepton number : 0 Baryon number : 0
 Particle type : meson [k2_star(1430)]
 ShortLived : ON
G4DecayTable:  anti_k2_star(1430)0
0:  BR:  0.333333  [Phase Space]   :   kaon- pi+
1:  BR:  0.166667  [Phase Space]   :   anti_kaon0 pi0
2:  BR:  0.166667  [Phase Space]   :   k_star- pi+
3:  BR:  0.0866667  [Phase Space]   :   k_star- pi+ pi0
4:  BR:  0.0833333  [Phase Space]   :   anti_k_star0 pi0
5:  BR:  0.06  [Phase Space]   :   kaon- rho+
6:  BR:  0.0433333  [Phase Space]   :   anti_k_star0 pi+ pi-
7:  BR:  0.03  [Phase Space]   :   anti_kaon0 rho0
8:  BR:  0.03  [Phase Space]   :   anti_kaon0 omega


--- G4ParticleDefinition ---
 Particle Name : anti_k2_star(1980)0
 PDG particle code : -100315 [PDG anti-particle code: 100315]
 Mass [GeV/c2] : 1.973     Width : 0.373
 Lifetime [nsec] : 0
 Charge [e]: 0
 Spin : 4/2
 Parity : 1
 Charge conjugation : 1
 Isospin : (I,Iz): (1/2 , 1/2 ) 
 GParity : 0
 Quark contents     (d,u,s,c,b,t) : 0, 0, 1, 0, 0, 0
 AntiQuark contents               : 1, 0, 0, 0, 0, 0
 Lepton number : 0 Baryon number : 0
 Particle type : meson [k2_star(1980)]
 ShortLived : ON
G4DecayTable:  anti_k2_star(1980)0
0:  BR:  0.4  [Phase Space]   :   anti_kaon0 omega
1:  BR:  0.4  [Phase Space]   :   kaon- rho+
2:  BR:  0.2  [Phase Space]   :   anti_kaon0 rho0


--- G4ParticleDefinition ---
 Particle Name : anti_k3_star(1780)0
 PDG particle code : -317 [PDG anti-particle code: 317]
 Mass [GeV/c2] : 1.776     Width : 0.159
 Lifetime [nsec] : 0
 Charge [e]: 0
 Spin : 6/2
 Parity : -1
 Charge conjugation : -1
 Isospin : (I,Iz): (1/2 , 1/2 ) 
 GParity : 0
 Quark contents     (d,u,s,c,b,t) : 0, 0, 1, 0, 0, 0
 AntiQuark contents               : 1, 0, 0, 0, 0, 0
 Lepton number : 0 Baryon number : 0
 Particle type : meson [k3_star(1780)]
 ShortLived : ON
G4DecayTable:  anti_k3_star(1780)0
0:  BR:  0.3  [Phase Space]   :   anti_kaon0 eta
1:  BR:  0.206667  [Phase Space]   :   kaon- rho+
2:  BR:  0.133333  [Phase Space]   :   k_star- pi+
3:  BR:  0.126667  [Phase Space]   :   kaon- pi+
4:  BR:  0.103333  [Phase Space]   :   anti_kaon0 rho0
5:  BR:  0.0666667  [Phase Space]   :   anti_k_star0 pi0
6:  BR:  0.0633333  [Phase Space]   :   anti_kaon0 pi0


--- G4ParticleDefinition ---
 Particle Name : anti_k_star(1410)0
 PDG particle code : -100313 [PDG anti-particle code: 100313]
 Mass [GeV/c2] : 1.414     Width : 0.232
 Lifetime [nsec] : 0
 Charge [e]: 0
 Spin : 2/2
 Parity : -1
 Charge conjugation : -1
 Isospin : (I,Iz): (1/2 , 1/2 ) 
 GParity : 0
 Quark contents     (d,u,s,c,b,t) : 0, 0, 1, 0, 0, 0
 AntiQuark contents               : 1, 0, 0, 0, 0, 0
 Lepton number : 0 Baryon number : 0
 Particle type : meson [k_star(1410)]
 ShortLived : ON
G4DecayTable:  anti_k_star(1410)0
0:  BR:  0.433333  [Phase Space]   :   k_star- pi+
1:  BR:  0.216667  [Phase Space]   :   anti_k_star0 pi0
2:  BR:  0.2  [Phase Space]   :   kaon- pi+
3:  BR:  0.1  [Phase Space]   :   anti_kaon0 pi0
4:  BR:  0.0333333  [Phase Space]   :   kaon- rho+
5:  BR:  0.0166667  [Phase Space]   :   anti_kaon0 rho0


--- G4ParticleDefinition ---
 Particle Name : anti_k_star(1680)0
 PDG particle code : -30313 [PDG anti-particle code: 30313]
 Mass [GeV/c2] : 1.717     Width : 0.32
 Lifetime [nsec] : 0
 Charge [e]: 0
 Spin : 2/2
 Parity : -1
 Charge conjugation : -1
 Isospin : (I,Iz): (1/2 , 1/2 ) 
 GParity : 0
 Quark contents     (d,u,s,c,b,t) : 0, 0, 1, 0, 0, 0
 AntiQuark contents               : 1, 0, 0, 0, 0, 0
 Lepton number : 0 Baryon number : 0
 Particle type : meson [k_star(1680)]
 ShortLived : ON
G4DecayTable:  anti_k_star(1680)0
0:  BR:  0.3  [Phase Space]   :   anti_kaon0 omega
1:  BR:  0.266667  [Phase Space]   :   k_star- pi+
2:  BR:  0.2  [Phase Space]   :   kaon- rho+
3:  BR:  0.133333  [Phase Space]   :   anti_k_star0 pi0
4:  BR:  0.1  [Phase Space]   :   anti_kaon0 rho0


--- G4ParticleDefinition ---
 Particle Name : anti_k_star0
 PDG particle code : -313 [PDG anti-particle code: 313]
 Mass [GeV/c2] : 0.89581     Width : 0.0474
 Lifetime [nsec] : 0
 Charge [e]: 0
 Spin : 2/2
 Parity : -1
 Charge conjugation : 0
 Isospin : (I,Iz): (1/2 , -1/2 ) 
 GParity : 0
 Quark contents     (d,u,s,c,b,t) : 0, 0, 1, 0, 0, 0
 AntiQuark contents               : 1, 0, 0, 0, 0, 0
 Lepton number : 0 Baryon number : 0
 Particle type : meson [k_star]
 ShortLived : ON
G4DecayTable:  anti_k_star0
0:  BR:  0.5  [Phase Space]   :   kaon- pi+
1:  BR:  0.5  [Phase Space]   :   anti_kaon0 pi0


--- G4ParticleDefinition ---
 Particle Name : anti_kaon0
 PDG particle code : -311 [PDG anti-particle code: 311]
 Mass [GeV/c2] : 0.497614     Width : 0
 Lifetime [nsec] : 0
 Charge [e]: 0
 Spin : 0/2
 Parity : -1
 Charge conjugation : 0
 Isospin : (I,Iz): (1/2 , 1/2 ) 
 GParity : 0
 Quark contents     (d,u,s,c,b,t) : 0, 0, 1, 0, 0, 0
 AntiQuark contents               : 1, 0, 0, 0, 0, 0
 Lepton number : 0 Baryon number : 0
 Particle type : meson [kaon]
G4DecayTable:  anti_kaon0
0:  BR:  0.5  [Phase Space]   :   kaon0L
1:  BR:  0.5  [Phase Space]   :   kaon0S


--- G4ParticleDefinition ---
 Particle Name : anti_lambda
 PDG particle code : -3122 [PDG anti-particle code: 3122]
 Mass [GeV/c2] : 1.11568     Width : 2.501e-15
 Lifetime [nsec] : 0.2631
 Charge [e]: 0
 Spin : 1/2
 Parity : 1
 Charge conjugation : 0
 Isospin : (I,Iz): (0/2 , 0/2 ) 
 GParity : 0
 MagneticMoment [MeV/T] : 1.93245e-14
 Quark contents     (d,u,s,c,b,t) : 0, 0, 0, 0, 0, 0
 AntiQuark contents               : 1, 1, 1, 0, 0, 0
 Lepton number : 0 Baryon number : -1
 Particle type : baryon [lambda]
G4DecayTable:  anti_lambda
0:  BR:  0.639  [Phase Space]   :   anti_proton pi+
1:  BR:  0.358  [Phase Space]   :   anti_neutron pi0


--- G4ParticleDefinition ---
 Particle Name : anti_lambda(1405)
 PDG particle code : -13122 [PDG anti-particle code: 13122]
 Mass [GeV/c2] : 1.4051     Width : 0.0505
 Lifetime [nsec] : 0
 Charge [e]: -0
 Spin : 1/2
 Parity : -1
 Charge conjugation : 0
 Isospin : (I,Iz): (0/2 , 0/2 ) 
 GParity : 0
 Quark contents     (d,u,s,c,b,t) : 0, 0, 0, 0, 0, 0
 AntiQuark contents               : 1, 1, 1, 0, 0, 0
 Lepton number : 0 Baryon number : -1
 Particle type : baryon [lambda(1405)]
 ShortLived : ON
G4DecayTable:  anti_lambda(1405)
0:  BR:  0.333333  [Phase Space]   :   anti_sigma+ pi+
1:  BR:  0.333333  [Phase Space]   :   anti_sigma0 pi0
2:  BR:  0.333333  [Phase Space]   :   anti_sigma- pi-


--- G4ParticleDefinition ---
 Particle Name : anti_lambda(1520)
 PDG particle code : -3124 [PDG anti-particle code: 3124]
 Mass [GeV/c2] : 1.5195     Width : 0.0156
 Lifetime [nsec] : 0
 Charge [e]: -0
 Spin : 3/2
 Parity : -1
 Charge conjugation : 0
 Isospin : (I,Iz): (0/2 , 0/2 ) 
 GParity : 0
 Quark contents     (d,u,s,c,b,t) : 0, 0, 0, 0, 0, 0
 AntiQuark contents               : 1, 1, 1, 0, 0, 0
 Lepton number : 0 Baryon number : -1
 Particle type : baryon [lambda(1520)]
 ShortLived : ON
G4DecayTable:  anti_lambda(1520)
0:  BR:  0.225  [Phase Space]   :   anti_proton kaon+
1:  BR:  0.225  [Phase Space]   :   anti_neutron kaon0
2:  BR:  0.143333  [Phase Space]   :   anti_sigma+ pi+
3:  BR:  0.143333  [Phase Space]   :   anti_sigma0 pi0
4:  BR:  0.143333  [Phase Space]   :   anti_sigma- pi-
5:  BR:  0.0366667  [Phase Space]   :   anti_sigma(1385)+ pi+
6:  BR:  0.0366667  [Phase Space]   :   anti_sigma(1385)0 pi0
7:  BR:  0.0366667  [Phase Space]   :   anti_sigma(1385)- pi-
8:  BR:  0.01  [Phase Space]   :   anti_lambda gamma


--- G4ParticleDefinition ---
 Particle Name : anti_lambda(1600)
 PDG particle code : -23122 [PDG anti-particle code: 23122]
 Mass [GeV/c2] : 1.6     Width : 0.15
 Lifetime [nsec] : 0
 Charge [e]: -0
 Spin : 1/2
 Parity : 1
 Charge conjugation : 0
 Isospin : (I,Iz): (0/2 , 0/2 ) 
 GParity : 0
 Quark contents     (d,u,s,c,b,t) : 0, 0, 0, 0, 0, 0
 AntiQuark contents               : 1, 1, 1, 0, 0, 0
 Lepton number : 0 Baryon number : -1
 Particle type : baryon [lambda(1600)]
 ShortLived : ON
G4DecayTable:  anti_lambda(1600)
0:  BR:  0.216667  [Phase Space]   :   anti_sigma+ pi+
1:  BR:  0.216667  [Phase Space]   :   anti_sigma0 pi0
2:  BR:  0.216667  [Phase Space]   :   anti_sigma- pi-
3:  BR:  0.175  [Phase Space]   :   anti_proton kaon+
4:  BR:  0.175  [Phase Space]   :   anti_neutron kaon0


--- G4ParticleDefinition ---
 Particle Name : anti_lambda(1670)
 PDG particle code : -33122 [PDG anti-particle code: 33122]
 Mass [GeV/c2] : 1.67     Width : 0.035
 Lifetime [nsec] : 0
 Charge [e]: -0
 Spin : 1/2
 Parity : -1
 Charge conjugation : 0
 Isospin : (I,Iz): (0/2 , 0/2 ) 
 GParity : 0
 Quark contents     (d,u,s,c,b,t) : 0, 0, 0, 0, 0, 0
 AntiQuark contents               : 1, 1, 1, 0, 0, 0
 Lepton number : 0 Baryon number : -1
 Particle type : baryon [lambda(1670)]
 ShortLived : ON
G4DecayTable:  anti_lambda(1670)
0:  BR:  0.3  [Phase Space]   :   anti_lambda eta
1:  BR:  0.166667  [Phase Space]   :   anti_sigma+ pi+
2:  BR:  0.166667  [Phase Space]   :   anti_sigma0 pi0
3:  BR:  0.166667  [Phase Space]   :   anti_sigma- pi-
4:  BR:  0.1  [Phase Space]   :   anti_proton kaon+
5:  BR:  0.1  [Phase Space]   :   anti_neutron kaon0


--- G4ParticleDefinition ---
 Particle Name : anti_lambda(1690)
 PDG particle code : -13124 [PDG anti-particle code: 13124]
 Mass [GeV/c2] : 1.69     Width : 0.06
 Lifetime [nsec] : 0
 Charge [e]: -0
 Spin : 3/2
 Parity : -1
 Charge conjugation : 0
 Isospin : (I,Iz): (0/2 , 0/2 ) 
 GParity : 0
 Quark contents     (d,u,s,c,b,t) : 0, 0, 0, 0, 0, 0
 AntiQuark contents               : 1, 1, 1, 0, 0, 0
 Lepton number : 0 Baryon number : -1
 Particle type : baryon [lambda(1690)]
 ShortLived : ON
G4DecayTable:  anti_lambda(1690)
0:  BR:  0.15  [Phase Space]   :   anti_sigma+ pi+
1:  BR:  0.15  [Phase Space]   :   anti_sigma0 pi0
2:  BR:  0.15  [Phase Space]   :   anti_sigma- pi-
3:  BR:  0.125  [Phase Space]   :   anti_proton kaon+
4:  BR:  0.125  [Phase Space]   :   anti_neutron kaon0
5:  BR:  0.1  [Phase Space]   :   anti_sigma(1385)+ pi+
6:  BR:  0.1  [Phase Space]   :   anti_sigma(1385)0 pi0
7:  BR:  0.1  [Phase Space]   :   anti_sigma(1385)- pi-


--- G4ParticleDefinition ---
 Particle Name : anti_lambda(1800)
 PDG particle code : -43122 [PDG anti-particle code: 43122]
 Mass [GeV/c2] : 1.8     Width : 0.3
 Lifetime [nsec] : 0
 Charge [e]: -0
 Spin : 1/2
 Parity : -1
 Charge conjugation : 0
 Isospin : (I,Iz): (0/2 , 0/2 ) 
 GParity : 0
 Quark contents     (d,u,s,c,b,t) : 0, 0, 0, 0, 0, 0
 AntiQuark contents               : 1, 1, 1, 0, 0, 0
 Lepton number : 0 Baryon number : -1
 Particle type : baryon [lambda(1800)]
 ShortLived : ON
G4DecayTable:  anti_lambda(1800)
0:  BR:  0.2  [Phase Space]   :   anti_proton kaon+
1:  BR:  0.2  [Phase Space]   :   anti_neutron kaon0
2:  BR:  0.1  [Phase Space]   :   anti_proton k_star+
3:  BR:  0.1  [Phase Space]   :   anti_neutron k_star0
4:  BR:  0.0666667  [Phase Space]   :   anti_sigma+ pi+
5:  BR:  0.0666667  [Phase Space]   :   anti_sigma0 pi0
6:  BR:  0.0666667  [Phase Space]   :   anti_sigma- pi-
7:  BR:  0.0666667  [Phase Space]   :   anti_sigma(1385)+ pi+
8:  BR:  0.0666667  [Phase Space]   :   anti_sigma(1385)0 pi0
9:  BR:  0.0666667  [Phase Space]   :   anti_sigma(1385)- pi-


--- G4ParticleDefinition ---
 Particle Name : anti_lambda(1810)
 PDG particle code : -53122 [PDG anti-particle code: 53122]
 Mass [GeV/c2] : 1.81     Width : 0.15
 Lifetime [nsec] : 0
 Charge [e]: -0
 Spin : 1/2
 Parity : 1
 Charge conjugation : 0
 Isospin : (I,Iz): (0/2 , 0/2 ) 
 GParity : 0
 Quark contents     (d,u,s,c,b,t) : 0, 0, 0, 0, 0, 0
 AntiQuark contents               : 1, 1, 1, 0, 0, 0
 Lepton number : 0 Baryon number : -1
 Particle type : baryon [lambda(1810)]
 ShortLived : ON
G4DecayTable:  anti_lambda(1810)
0:  BR:  0.225  [Phase Space]   :   anti_proton k_star+
1:  BR:  0.225  [Phase Space]   :   anti_neutron k_star0
2:  BR:  0.175  [Phase Space]   :   anti_proton kaon+
3:  BR:  0.175  [Phase Space]   :   anti_neutron kaon0
4:  BR:  0.05  [Phase Space]   :   anti_sigma+ pi+
5:  BR:  0.05  [Phase Space]   :   anti_sigma0 pi0
6:  BR:  0.05  [Phase Space]   :   anti_sigma- pi-
7:  BR:  0.0166667  [Phase Space]   :   anti_sigma(1385)+ pi+
8:  BR:  0.0166667  [Phase Space]   :   anti_sigma(1385)0 pi0
9:  BR:  0.0166667  [Phase Space]   :   anti_sigma(1385)- pi-


--- G4ParticleDefinition ---
 Particle Name : anti_lambda(1820)
 PDG particle code : -3126 [PDG anti-particle code: 3126]
 Mass [GeV/c2] : 1.82     Width : 0.08
 Lifetime [nsec] : 0
 Charge [e]: -0
 Spin : 5/2
 Parity : 1
 Charge conjugation : 0
 Isospin : (I,Iz): (0/2 , 0/2 ) 
 GParity : 0
 Quark contents     (d,u,s,c,b,t) : 0, 0, 0, 0, 0, 0
 AntiQuark contents               : 1, 1, 1, 0, 0, 0
 Lepton number : 0 Baryon number : -1
 Particle type : baryon [lambda(1820)]
 ShortLived : ON
G4DecayTable:  anti_lambda(1820)
0:  BR:  0.365  [Phase Space]   :   anti_proton kaon+
1:  BR:  0.365  [Phase Space]   :   anti_neutron kaon0
2:  BR:  0.0533333  [Phase Space]   :   anti_sigma+ pi+
3:  BR:  0.0533333  [Phase Space]   :   anti_sigma0 pi0
4:  BR:  0.0533333  [Phase Space]   :   anti_sigma- pi-
5:  BR:  0.0366667  [Phase Space]   :   anti_sigma(1385)+ pi+
6:  BR:  0.0366667  [Phase Space]   :   anti_sigma(1385)0 pi0
7:  BR:  0.0366667  [Phase Space]   :   anti_sigma(1385)- pi-


--- G4ParticleDefinition ---
 Particle Name : anti_lambda(1830)
 PDG particle code : -13126 [PDG anti-particle code: 13126]
 Mass [GeV/c2] : 1.83     Width : 0.095
 Lifetime [nsec] : 0
 Charge [e]: -0
 Spin : 5/2
 Parity : -1
 Charge conjugation : 0
 Isospin : (I,Iz): (0/2 , 0/2 ) 
 GParity : 0
 Quark contents     (d,u,s,c,b,t) : 0, 0, 0, 0, 0, 0
 AntiQuark contents               : 1, 1, 1, 0, 0, 0
 Lepton number : 0 Baryon number : -1
 Particle type : baryon [lambda(1830)]
 ShortLived : ON
G4DecayTable:  anti_lambda(1830)
0:  BR:  0.233333  [Phase Space]   :   anti_sigma+ pi+
1:  BR:  0.233333  [Phase Space]   :   anti_sigma0 pi0
2:  BR:  0.233333  [Phase Space]   :   anti_sigma- pi-
3:  BR:  0.0666667  [Phase Space]   :   anti_sigma(1385)+ pi+
4:  BR:  0.0666667  [Phase Space]   :   anti_sigma(1385)0 pi0
5:  BR:  0.0666667  [Phase Space]   :   anti_sigma(1385)- pi-
6:  BR:  0.05  [Phase Space]   :   anti_proton kaon+
7:  BR:  0.05  [Phase Space]   :   anti_neutron kaon0


--- G4ParticleDefinition ---
 Particle Name : anti_lambda(1890)
 PDG particle code : -23124 [PDG anti-particle code: 23124]
 Mass [GeV/c2] : 1.89     Width : 0.1
 Lifetime [nsec] : 0
 Charge [e]: -0
 Spin : 3/2
 Parity : 1
 Charge conjugation : 0
 Isospin : (I,Iz): (0/2 , 0/2 ) 
 GParity : 0
 Quark contents     (d,u,s,c,b,t) : 0, 0, 0, 0, 0, 0
 AntiQuark contents               : 1, 1, 1, 0, 0, 0
 Lepton number : 0 Baryon number : -1
 Particle type : baryon [lambda(1890)]
 ShortLived : ON
G4DecayTable:  anti_lambda(1890)
0:  BR:  0.185  [Phase Space]   :   anti_proton kaon+
1:  BR:  0.185  [Phase Space]   :   anti_neutron kaon0
2:  BR:  0.105  [Phase Space]   :   anti_proton k_star+
3:  BR:  0.105  [Phase Space]   :   anti_neutron k_star0
4:  BR:  0.103333  [Phase Space]   :   anti_sigma(1385)+ pi+
5:  BR:  0.103333  [Phase Space]   :   anti_sigma(1385)0 pi0
6:  BR:  0.103333  [Phase Space]   :   anti_sigma(1385)- pi-
7:  BR:  0.0366667  [Phase Space]   :   anti_sigma+ pi+
8:  BR:  0.0366667  [Phase Space]   :   anti_sigma0 pi0
9:  BR:  0.0366667  [Phase Space]   :   anti_sigma- pi-


--- G4ParticleDefinition ---
 Particle Name : anti_lambda(2100)
 PDG particle code : -3128 [PDG anti-particle code: 3128]
 Mass [GeV/c2] : 2.1     Width : 0.2
 Lifetime [nsec] : 0
 Charge [e]: -0
 Spin : 7/2
 Parity : -1
 Charge conjugation : 0
 Isospin : (I,Iz): (0/2 , 0/2 ) 
 GParity : 0
 Quark contents     (d,u,s,c,b,t) : 0, 0, 0, 0, 0, 0
 AntiQuark contents               : 1, 1, 1, 0, 0, 0
 Lepton number : 0 Baryon number : -1
 Particle type : baryon [lambda(2100)]
 ShortLived : ON
G4DecayTable:  anti_lambda(2100)
0:  BR:  0.175  [Phase Space]   :   anti_proton kaon+
1:  BR:  0.175  [Phase Space]   :   anti_neutron kaon0
2:  BR:  0.1  [Phase Space]   :   anti_proton k_star+
3:  BR:  0.1  [Phase Space]   :   anti_neutron k_star0
4:  BR:  0.1  [Phase Space]   :   anti_sigma(1385)+ pi+
5:  BR:  0.1  [Phase Space]   :   anti_sigma(1385)0 pi0
6:  BR:  0.1  [Phase Space]   :   anti_sigma(1385)- pi-
7:  BR:  0.08  [Phase Space]   :   anti_lambda omega
8:  BR:  0.02  [Phase Space]   :   anti_lambda eta
9:  BR:  0.0166667  [Phase Space]   :   anti_sigma+ pi+
10:  BR:  0.0166667  [Phase Space]   :   anti_sigma0 pi0
11:  BR:  0.0166667  [Phase Space]   :   anti_sigma- pi-


--- G4ParticleDefinition ---
 Particle Name : anti_lambda(2110)
 PDG particle code : -23126 [PDG anti-particle code: 23126]
 Mass [GeV/c2] : 2.11     Width : 0.2
 Lifetime [nsec] : 0
 Charge [e]: -0
 Spin : 5/2
 Parity : 1
 Charge conjugation : 0
 Isospin : (I,Iz): (0/2 , 0/2 ) 
 GParity : 0
 Quark contents     (d,u,s,c,b,t) : 0, 0, 0, 0, 0, 0
 AntiQuark contents               : 1, 1, 1, 0, 0, 0
 Lepton number : 0 Baryon number : -1
 Particle type : baryon [lambda(2110)]
 ShortLived : ON
G4DecayTable:  anti_lambda(2110)
0:  BR:  0.225  [Phase Space]   :   anti_proton k_star+
1:  BR:  0.225  [Phase Space]   :   anti_neutron k_star0
2:  BR:  0.125  [Phase Space]   :   anti_proton kaon+
3:  BR:  0.125  [Phase Space]   :   anti_neutron kaon0
4:  BR:  0.1  [Phase Space]   :   anti_sigma+ pi+
5:  BR:  0.1  [Phase Space]   :   anti_sigma0 pi0
6:  BR:  0.1  [Phase Space]   :   anti_sigma- pi-


--- G4ParticleDefinition ---
 Particle Name : anti_lambda_b
 PDG particle code : -5122 [PDG anti-particle code: 5122]
 Mass [GeV/c2] : 5.6195     Width : 4.54e-13
 Lifetime [nsec] : 0.001451
 Charge [e]: 0
 Spin : 1/2
 Parity : 1
 Charge conjugation : 0
 Isospin : (I,Iz): (0/2 , 0/2 ) 
 GParity : 0
 Quark contents     (d,u,s,c,b,t) : 0, 0, 0, 0, 0, 0
 AntiQuark contents               : 1, 1, 0, 0, 1, 0
 Lepton number : 0 Baryon number : -1
 Particle type : baryon [lambda_b]
Decay Table is not defined !!

--- G4ParticleDefinition ---
 Particle Name : anti_lambda_c+
 PDG particle code : -4122 [PDG anti-particle code: 4122]
 Mass [GeV/c2] : 2.28646     Width : 3.3e-12
 Lifetime [nsec] : 0.0002
 Charge [e]: -1
 Spin : 1/2
 Parity : 1
 Charge conjugation : 0
 Isospin : (I,Iz): (0/2 , 0/2 ) 
 GParity : 0
 Quark contents     (d,u,s,c,b,t) : 0, 0, 0, 0, 0, 0
 AntiQuark contents               : 1, 1, 0, 1, 0, 0
 Lepton number : 0 Baryon number : -1
 Particle type : baryon [lambda_c]
Decay Table is not defined !!

--- G4ParticleDefinition ---
 Particle Name : anti_neutron
 PDG particle code : -2112 [PDG anti-particle code: 2112]
 Mass [GeV/c2] : 0.939565     Width : 7.477e-28
 Lifetime [nsec] : 8.803e+11
 Charge [e]: 0
 Spin : 1/2
 Parity : 1
 Charge conjugation : 0
 Isospin : (I,Iz): (1/2 , 1/2 ) 
 GParity : 0
 MagneticMoment [MeV/T] : 6.03077e-14
 Quark contents     (d,u,s,c,b,t) : 0, 0, 0, 0, 0, 0
 AntiQuark contents               : 2, 1, 0, 0, 0, 0
 Lepton number : 0 Baryon number : -1
 Particle type : baryon [nucleon]
 Stable : stable

--- G4ParticleDefinition ---
 Particle Name : anti_nu_e
 PDG particle code : -12 [PDG anti-particle code: 12]
 Mass [GeV/c2] : 0     Width : 0
 Lifetime [nsec] : 0
 Charge [e]: 0
 Spin : 1/2
 Parity : 0
 Charge conjugation : 0
 Isospin : (I,Iz): (0/2 , 0/2 ) 
 GParity : 0
 Quark contents     (d,u,s,c,b,t) : 0, 0, 0, 0, 0, 0
 AntiQuark contents               : 0, 0, 0, 0, 0, 0
 Lepton number : -1 Baryon number : 0
 Particle type : lepton [e]
 Stable : stable

--- G4ParticleDefinition ---
 Particle Name : anti_nu_mu
 PDG particle code : -14 [PDG anti-particle code: 14]
 Mass [GeV/c2] : 0     Width : 0
 Lifetime [nsec] : 0
 Charge [e]: 0
 Spin : 1/2
 Parity : 0
 Charge conjugation : 0
 Isospin : (I,Iz): (0/2 , 0/2 ) 
 GParity : 0
 Quark contents     (d,u,s,c,b,t) : 0, 0, 0, 0, 0, 0
 AntiQuark contents               : 0, 0, 0, 0, 0, 0
 Lepton number : -1 Baryon number : 0
 Particle type : lepton [mu]
 Stable : stable

--- G4ParticleDefinition ---
 Particle Name : anti_nu_tau
 PDG particle code : -16 [PDG anti-particle code: 16]
 Mass [GeV/c2] : 0     Width : 0
 Lifetime [nsec] : 0
 Charge [e]: 0
 Spin : 1/2
 Parity : 0
 Charge conjugation : 0
 Isospin : (I,Iz): (0/2 , 0/2 ) 
 GParity : 0
 Quark contents     (d,u,s,c,b,t) : 0, 0, 0, 0, 0, 0
 AntiQuark contents               : 0, 0, 0, 0, 0, 0
 Lepton number : -1 Baryon number : 0
 Particle type : lepton [tau]
 Stable : stable

--- G4ParticleDefinition ---
 Particle Name : anti_omega-
 PDG particle code : -3334 [PDG anti-particle code: 3334]
 Mass [GeV/c2] : 1.67245     Width : 8.07e-15
 Lifetime [nsec] : 0.0821
 Charge [e]: 1
 Spin : 3/2
 Parity : 1
 Charge conjugation : 0
 Isospin : (I,Iz): (0/2 , 0/2 ) 
 GParity : 0
 MagneticMoment [MeV/T] : -6.36795e-14
 Quark contents     (d,u,s,c,b,t) : 0, 0, 0, 0, 0, 0
 AntiQuark contents               : 0, 0, 3, 0, 0, 0
 Lepton number : 0 Baryon number : -1
 Particle type : baryon [omega]
G4DecayTable:  anti_omega-
0:  BR:  0.678  [Phase Space]   :   anti_lambda kaon+
1:  BR:  0.236  [Phase Space]   :   anti_xi0 pi+
2:  BR:  0.086  [Phase Space]   :   anti_xi- pi0


--- G4ParticleDefinition ---
 Particle Name : anti_omega_b-
 PDG particle code : -5332 [PDG anti-particle code: 5332]
 Mass [GeV/c2] : 6.0488     Width : 5.8e-13
 Lifetime [nsec] : 0.0011
 Charge [e]: 1
 Spin : 1/2
 Parity : 1
 Charge conjugation : 0
 Isospin : (I,Iz): (0/2 , 0/2 ) 
 GParity : 0
 Quark contents     (d,u,s,c,b,t) : 0, 0, 0, 0, 0, 0
 AntiQuark contents               : 0, 0, 2, 0, 1, 0
 Lepton number : 0 Baryon number : -1
 Particle type : baryon [omega_b]
Decay Table is not defined !!

--- G4ParticleDefinition ---
 Particle Name : anti_omega_c0
 PDG particle code : -4332 [PDG anti-particle code: 4332]
 Mass [GeV/c2] : 2.6952     Width : 9.6e-12
 Lifetime [nsec] : 6.9e-05
 Charge [e]: 0
 Spin : 1/2
 Parity : 1
 Charge conjugation : 0
 Isospin : (I,Iz): (0/2 , 0/2 ) 
 GParity : 0
 Quark contents     (d,u,s,c,b,t) : 0, 0, 0, 0, 0, 0
 AntiQuark contents               : 0, 0, 2, 1, 0, 0
 Lepton number : 0 Baryon number : -1
 Particle type : baryon [omega_c]
Decay Table is not defined !!

--- G4ParticleDefinition ---
 Particle Name : anti_proton
 PDG particle code : -2212 [PDG anti-particle code: 2212]
 Mass [GeV/c2] : 0.938272     Width : 0
 Lifetime [nsec] : -1
 Charge [e]: -1
 Spin : 1/2
 Parity : 1
 Charge conjugation : 0
 Isospin : (I,Iz): (1/2 , -1/2 ) 
 GParity : 0
 MagneticMoment [MeV/T] : -8.80432e-14
 Quark contents     (d,u,s,c,b,t) : 0, 0, 0, 0, 0, 0
 AntiQuark contents               : 1, 2, 0, 0, 0, 0
 Lepton number : 0 Baryon number : -1
 Particle type : baryon [nucleon]
 Atomic Number : 1  Atomic Mass : 1
 Stable : stable

--- G4ParticleDefinition ---
 Particle Name : anti_s_quark
 PDG particle code : -3 [PDG anti-particle code: 3]
 Mass [GeV/c2] : 0.095     Width : 0
 Lifetime [nsec] : -1
 Charge [e]: 0.333333
 Spin : 1/2
 Parity : 1
 Charge conjugation : 0
 Isospin : (I,Iz): (0/2 , 0/2 ) 
 GParity : 0
 Quark contents     (d,u,s,c,b,t) : 0, 0, 0, 0, 0, 0
 AntiQuark contents               : 0, 0, 1, 0, 0, 0
 Lepton number : 0 Baryon number : 0
 Particle type : quarks [quark]
 ShortLived : ON
 Stable : stable

--- G4ParticleDefinition ---
 Particle Name : anti_sd0_diquark
 PDG particle code : -3101 [PDG anti-particle code: 3101]
 Mass [GeV/c2] : 0.102     Width : 0
 Lifetime [nsec] : -1
 Charge [e]: 0.666667
 Spin : 0/2
 Parity : 1
 Charge conjugation : 0
 Isospin : (I,Iz): (1/2 , 1/2 ) 
 GParity : 0
 Quark contents     (d,u,s,c,b,t) : 0, 0, 0, 0, 0, 0
 AntiQuark contents               : 1, 0, 1, 0, 0, 0
 Lepton number : 0 Baryon number : 0
 Particle type : diquarks [di_quark]
 ShortLived : ON
 Stable : stable

--- G4ParticleDefinition ---
 Particle Name : anti_sd1_diquark
 PDG particle code : -3103 [PDG anti-particle code: 3103]
 Mass [GeV/c2] : 0.1028     Width : 0
 Lifetime [nsec] : -1
 Charge [e]: 0.666667
 Spin : 2/2
 Parity : 1
 Charge conjugation : 0
 Isospin : (I,Iz): (1/2 , 1/2 ) 
 GParity : 0
 Quark contents     (d,u,s,c,b,t) : 0, 0, 0, 0, 0, 0
 AntiQuark contents               : 1, 0, 1, 0, 0, 0
 Lepton number : 0 Baryon number : 0
 Particle type : diquarks [di_quark]
 ShortLived : ON
 Stable : stable

--- G4ParticleDefinition ---
 Particle Name : anti_sigma(1385)+
 PDG particle code : -3224 [PDG anti-particle code: 3224]
 Mass [GeV/c2] : 1.3828     Width : 0.036
 Lifetime [nsec] : 0
 Charge [e]: -1
 Spin : 3/2
 Parity : 1
 Charge conjugation : 0
 Isospin : (I,Iz): (2/2 , -2/2 ) 
 GParity : 0
 Quark contents     (d,u,s,c,b,t) : 0, 0, 0, 0, 0, 0
 AntiQuark contents               : 0, 2, 1, 0, 0, 0
 Lepton number : 0 Baryon number : -1
 Particle type : baryon [sigma(1385)]
 ShortLived : ON
G4DecayTable:  anti_sigma(1385)+
0:  BR:  0.88  [Phase Space]   :   anti_lambda pi-
1:  BR:  0.06  [Phase Space]   :   anti_sigma+ pi0
2:  BR:  0.06  [Phase Space]   :   anti_sigma0 pi-


--- G4ParticleDefinition ---
 Particle Name : anti_sigma(1385)-
 PDG particle code : -3114 [PDG anti-particle code: 3114]
 Mass [GeV/c2] : 1.3872     Width : 0.0394
 Lifetime [nsec] : 0
 Charge [e]: 1
 Spin : 3/2
 Parity : 1
 Charge conjugation : 0
 Isospin : (I,Iz): (2/2 , 2/2 ) 
 GParity : 0
 Quark contents     (d,u,s,c,b,t) : 0, 0, 0, 0, 0, 0
 AntiQuark contents               : 2, 0, 1, 0, 0, 0
 Lepton number : 0 Baryon number : -1
 Particle type : baryon [sigma(1385)]
 ShortLived : ON
G4DecayTable:  anti_sigma(1385)-
0:  BR:  0.88  [Phase Space]   :   anti_lambda pi+
1:  BR:  0.06  [Phase Space]   :   anti_sigma0 pi+
2:  BR:  0.06  [Phase Space]   :   anti_sigma- pi0


--- G4ParticleDefinition ---
 Particle Name : anti_sigma(1385)0
 PDG particle code : -3214 [PDG anti-particle code: 3214]
 Mass [GeV/c2] : 1.3837     Width : 0.036
 Lifetime [nsec] : 0
 Charge [e]: -0
 Spin : 3/2
 Parity : 1
 Charge conjugation : 0
 Isospin : (I,Iz): (2/2 , 0/2 ) 
 GParity : 0
 Quark contents     (d,u,s,c,b,t) : 0, 0, 0, 0, 0, 0
 AntiQuark contents               : 1, 1, 1, 0, 0, 0
 Lepton number : 0 Baryon number : -1
 Particle type : baryon [sigma(1385)]
 ShortLived : ON
G4DecayTable:  anti_sigma(1385)0
0:  BR:  0.88  [Phase Space]   :   anti_lambda pi0
1:  BR:  0.06  [Phase Space]   :   anti_sigma+ pi+
2:  BR:  0.06  [Phase Space]   :   anti_sigma- pi-


--- G4ParticleDefinition ---
 Particle Name : anti_sigma(1660)+
 PDG particle code : -13222 [PDG anti-particle code: 13222]
 Mass [GeV/c2] : 1.66     Width : 0.1
 Lifetime [nsec] : 0
 Charge [e]: -1
 Spin : 1/2
 Parity : 1
 Charge conjugation : 0
 Isospin : (I,Iz): (2/2 , -2/2 ) 
 GParity : 0
 Quark contents     (d,u,s,c,b,t) : 0, 0, 0, 0, 0, 0
 AntiQuark contents               : 0, 2, 1, 0, 0, 0
 Lepton number : 0 Baryon number : -1
 Particle type : baryon [sigma(1660)]
 ShortLived : ON
G4DecayTable:  anti_sigma(1660)+
0:  BR:  0.35  [Phase Space]   :   anti_lambda pi-
1:  BR:  0.3  [Phase Space]   :   anti_proton kaon0
2:  BR:  0.175  [Phase Space]   :   anti_sigma+ pi0
3:  BR:  0.175  [Phase Space]   :   anti_sigma0 pi-


--- G4ParticleDefinition ---
 Particle Name : anti_sigma(1660)-
 PDG particle code : -13112 [PDG anti-particle code: 13112]
 Mass [GeV/c2] : 1.66     Width : 0.1
 Lifetime [nsec] : 0
 Charge [e]: 1
 Spin : 1/2
 Parity : 1
 Charge conjugation : 0
 Isospin : (I,Iz): (2/2 , 2/2 ) 
 GParity : 0
 Quark contents     (d,u,s,c,b,t) : 0, 0, 0, 0, 0, 0
 AntiQuark contents               : 2, 0, 1, 0, 0, 0
 Lepton number : 0 Baryon number : -1
 Particle type : baryon [sigma(1660)]
 ShortLived : ON
G4DecayTable:  anti_sigma(1660)-
0:  BR:  0.35  [Phase Space]   :   anti_lambda pi+
1:  BR:  0.3  [Phase Space]   :   anti_neutron kaon+
2:  BR:  0.175  [Phase Space]   :   anti_sigma0 pi+
3:  BR:  0.175  [Phase Space]   :   anti_sigma- pi0


--- G4ParticleDefinition ---
 Particle Name : anti_sigma(1660)0
 PDG particle code : -13212 [PDG anti-particle code: 13212]
 Mass [GeV/c2] : 1.66     Width : 0.1
 Lifetime [nsec] : 0
 Charge [e]: -0
 Spin : 1/2
 Parity : 1
 Charge conjugation : 0
 Isospin : (I,Iz): (2/2 , 0/2 ) 
 GParity : 0
 Quark contents     (d,u,s,c,b,t) : 0, 0, 0, 0, 0, 0
 AntiQuark contents               : 1, 1, 1, 0, 0, 0
 Lepton number : 0 Baryon number : -1
 Particle type : baryon [sigma(1660)]
 ShortLived : ON
G4DecayTable:  anti_sigma(1660)0
0:  BR:  0.35  [Phase Space]   :   anti_lambda pi0
1:  BR:  0.175  [Phase Space]   :   anti_sigma+ pi+
2:  BR:  0.175  [Phase Space]   :   anti_sigma- pi-
3:  BR:  0.15  [Phase Space]   :   anti_proton kaon+
4:  BR:  0.15  [Phase Space]   :   anti_neutron kaon0


--- G4ParticleDefinition ---
 Particle Name : anti_sigma(1670)+
 PDG particle code : -13224 [PDG anti-particle code: 13224]
 Mass [GeV/c2] : 1.67     Width : 0.06
 Lifetime [nsec] : 0
 Charge [e]: -1
 Spin : 3/2
 Parity : -1
 Charge conjugation : 0
 Isospin : (I,Iz): (2/2 , -2/2 ) 
 GParity : 0
 Quark contents     (d,u,s,c,b,t) : 0, 0, 0, 0, 0, 0
 AntiQuark contents               : 0, 2, 1, 0, 0, 0
 Lepton number : 0 Baryon number : -1
 Particle type : baryon [sigma(1670)]
 ShortLived : ON
G4DecayTable:  anti_sigma(1670)+
0:  BR:  0.35  [Phase Space]   :   anti_sigma+ pi0
1:  BR:  0.35  [Phase Space]   :   anti_sigma0 pi-
2:  BR:  0.15  [Phase Space]   :   anti_proton kaon0
3:  BR:  0.15  [Phase Space]   :   anti_lambda pi-


--- G4ParticleDefinition ---
 Particle Name : anti_sigma(1670)-
 PDG particle code : -13114 [PDG anti-particle code: 13114]
 Mass [GeV/c2] : 1.67     Width : 0.06
 Lifetime [nsec] : 0
 Charge [e]: 1
 Spin : 3/2
 Parity : -1
 Charge conjugation : 0
 Isospin : (I,Iz): (2/2 , 2/2 ) 
 GParity : 0
 Quark contents     (d,u,s,c,b,t) : 0, 0, 0, 0, 0, 0
 AntiQuark contents               : 2, 0, 1, 0, 0, 0
 Lepton number : 0 Baryon number : -1
 Particle type : baryon [sigma(1670)]
 ShortLived : ON
G4DecayTable:  anti_sigma(1670)-
0:  BR:  0.35  [Phase Space]   :   anti_sigma0 pi+
1:  BR:  0.35  [Phase Space]   :   anti_sigma- pi0
2:  BR:  0.15  [Phase Space]   :   anti_neutron kaon+
3:  BR:  0.15  [Phase Space]   :   anti_lambda pi+


--- G4ParticleDefinition ---
 Particle Name : anti_sigma(1670)0
 PDG particle code : -13214 [PDG anti-particle code: 13214]
 Mass [GeV/c2] : 1.67     Width : 0.06
 Lifetime [nsec] : 0
 Charge [e]: -0
 Spin : 3/2
 Parity : -1
 Charge conjugation : 0
 Isospin : (I,Iz): (2/2 , 0/2 ) 
 GParity : 0
 Quark contents     (d,u,s,c,b,t) : 0, 0, 0, 0, 0, 0
 AntiQuark contents               : 1, 1, 1, 0, 0, 0
 Lepton number : 0 Baryon number : -1
 Particle type : baryon [sigma(1670)]
 ShortLived : ON
G4DecayTable:  anti_sigma(1670)0
0:  BR:  0.35  [Phase Space]   :   anti_sigma+ pi+
1:  BR:  0.35  [Phase Space]   :   anti_sigma- pi-
2:  BR:  0.15  [Phase Space]   :   anti_lambda pi0
3:  BR:  0.075  [Phase Space]   :   anti_proton kaon+
4:  BR:  0.075  [Phase Space]   :   anti_neutron kaon0


--- G4ParticleDefinition ---
 Particle Name : anti_sigma(1750)+
 PDG particle code : -23222 [PDG anti-particle code: 23222]
 Mass [GeV/c2] : 1.75     Width : 0.09
 Lifetime [nsec] : 0
 Charge [e]: -1
 Spin : 1/2
 Parity : -1
 Charge conjugation : 0
 Isospin : (I,Iz): (2/2 , -2/2 ) 
 GParity : 0
 Quark contents     (d,u,s,c,b,t) : 0, 0, 0, 0, 0, 0
 AntiQuark contents               : 0, 2, 1, 0, 0, 0
 Lepton number : 0 Baryon number : -1
 Particle type : baryon [sigma(1750)]
 ShortLived : ON
G4DecayTable:  anti_sigma(1750)+
0:  BR:  0.55  [Phase Space]   :   anti_sigma+ eta
1:  BR:  0.4  [Phase Space]   :   anti_proton kaon0
2:  BR:  0.025  [Phase Space]   :   anti_sigma+ pi0
3:  BR:  0.025  [Phase Space]   :   anti_sigma0 pi-


--- G4ParticleDefinition ---
 Particle Name : anti_sigma(1750)-
 PDG particle code : -23112 [PDG anti-particle code: 23112]
 Mass [GeV/c2] : 1.75     Width : 0.09
 Lifetime [nsec] : 0
 Charge [e]: 1
 Spin : 1/2
 Parity : -1
 Charge conjugation : 0
 Isospin : (I,Iz): (2/2 , 2/2 ) 
 GParity : 0
 Quark contents     (d,u,s,c,b,t) : 0, 0, 0, 0, 0, 0
 AntiQuark contents               : 2, 0, 1, 0, 0, 0
 Lepton number : 0 Baryon number : -1
 Particle type : baryon [sigma(1750)]
 ShortLived : ON
G4DecayTable:  anti_sigma(1750)-
0:  BR:  0.55  [Phase Space]   :   anti_sigma- eta
1:  BR:  0.4  [Phase Space]   :   anti_neutron kaon+
2:  BR:  0.025  [Phase Space]   :   anti_sigma0 pi+
3:  BR:  0.025  [Phase Space]   :   anti_sigma- pi0


--- G4ParticleDefinition ---
 Particle Name : anti_sigma(1750)0
 PDG particle code : -23212 [PDG anti-particle code: 23212]
 Mass [GeV/c2] : 1.75     Width : 0.09
 Lifetime [nsec] : 0
 Charge [e]: -0
 Spin : 1/2
 Parity : -1
 Charge conjugation : 0
 Isospin : (I,Iz): (2/2 , 0/2 ) 
 GParity : 0
 Quark contents     (d,u,s,c,b,t) : 0, 0, 0, 0, 0, 0
 AntiQuark contents               : 1, 1, 1, 0, 0, 0
 Lepton number : 0 Baryon number : -1
 Particle type : baryon [sigma(1750)]
 ShortLived : ON
G4DecayTable:  anti_sigma(1750)0
0:  BR:  0.55  [Phase Space]   :   anti_sigma0 eta
1:  BR:  0.2  [Phase Space]   :   anti_proton kaon+
2:  BR:  0.2  [Phase Space]   :   anti_neutron kaon0
3:  BR:  0.025  [Phase Space]   :   anti_sigma+ pi+
4:  BR:  0.025  [Phase Space]   :   anti_sigma- pi-


--- G4ParticleDefinition ---
 Particle Name : anti_sigma(1775)+
 PDG particle code : -3226 [PDG anti-particle code: 3226]
 Mass [GeV/c2] : 1.775     Width : 0.12
 Lifetime [nsec] : 0
 Charge [e]: -1
 Spin : 5/2
 Parity : -1
 Charge conjugation : 0
 Isospin : (I,Iz): (2/2 , -2/2 ) 
 GParity : 0
 Quark contents     (d,u,s,c,b,t) : 0, 0, 0, 0, 0, 0
 AntiQuark contents               : 0, 2, 1, 0, 0, 0
 Lepton number : 0 Baryon number : -1
 Particle type : baryon [sigma(1775)]
 ShortLived : ON
G4DecayTable:  anti_sigma(1775)+
0:  BR:  0.4  [Phase Space]   :   anti_proton kaon0
1:  BR:  0.23  [Phase Space]   :   anti_lambda pi-
2:  BR:  0.23  [Phase Space]   :   anti_lambda(1405) pi-
3:  BR:  0.05  [Phase Space]   :   anti_sigma(1385)+ pi0
4:  BR:  0.05  [Phase Space]   :   anti_sigma(1385)0 pi-
5:  BR:  0.02  [Phase Space]   :   anti_sigma+ pi0
6:  BR:  0.02  [Phase Space]   :   anti_sigma0 pi-


--- G4ParticleDefinition ---
 Particle Name : anti_sigma(1775)-
 PDG particle code : -3116 [PDG anti-particle code: 3116]
 Mass [GeV/c2] : 1.775     Width : 0.12
 Lifetime [nsec] : 0
 Charge [e]: 1
 Spin : 5/2
 Parity : -1
 Charge conjugation : 0
 Isospin : (I,Iz): (2/2 , 2/2 ) 
 GParity : 0
 Quark contents     (d,u,s,c,b,t) : 0, 0, 0, 0, 0, 0
 AntiQuark contents               : 2, 0, 1, 0, 0, 0
 Lepton number : 0 Baryon number : -1
 Particle type : baryon [sigma(1775)]
 ShortLived : ON
G4DecayTable:  anti_sigma(1775)-
0:  BR:  0.4  [Phase Space]   :   anti_neutron kaon+
1:  BR:  0.23  [Phase Space]   :   anti_lambda pi+
2:  BR:  0.23  [Phase Space]   :   anti_lambda(1405) pi+
3:  BR:  0.05  [Phase Space]   :   anti_sigma(1385)0 pi+
4:  BR:  0.05  [Phase Space]   :   anti_sigma(1385)- pi0
5:  BR:  0.02  [Phase Space]   :   anti_sigma0 pi+
6:  BR:  0.02  [Phase Space]   :   anti_sigma- pi0


--- G4ParticleDefinition ---
 Particle Name : anti_sigma(1775)0
 PDG particle code : -3216 [PDG anti-particle code: 3216]
 Mass [GeV/c2] : 1.775     Width : 0.12
 Lifetime [nsec] : 0
 Charge [e]: -0
 Spin : 5/2
 Parity : -1
 Charge conjugation : 0
 Isospin : (I,Iz): (2/2 , 0/2 ) 
 GParity : 0
 Quark contents     (d,u,s,c,b,t) : 0, 0, 0, 0, 0, 0
 AntiQuark contents               : 1, 1, 1, 0, 0, 0
 Lepton number : 0 Baryon number : -1
 Particle type : baryon [sigma(1775)]
 ShortLived : ON
G4DecayTable:  anti_sigma(1775)0
0:  BR:  0.23  [Phase Space]   :   anti_lambda pi0
1:  BR:  0.23  [Phase Space]   :   anti_lambda(1405) pi0
2:  BR:  0.2  [Phase Space]   :   anti_proton kaon+
3:  BR:  0.2  [Phase Space]   :   anti_neutron kaon0
4:  BR:  0.05  [Phase Space]   :   anti_sigma(1385)+ pi+
5:  BR:  0.05  [Phase Space]   :   anti_sigma(1385)- pi-
6:  BR:  0.02  [Phase Space]   :   anti_sigma+ pi+
7:  BR:  0.02  [Phase Space]   :   anti_sigma- pi-


--- G4ParticleDefinition ---
 Particle Name : anti_sigma(1915)+
 PDG particle code : -13226 [PDG anti-particle code: 13226]
 Mass [GeV/c2] : 1.915     Width : 0.12
 Lifetime [nsec] : 0
 Charge [e]: -1
 Spin : 5/2
 Parity : 1
 Charge conjugation : 0
 Isospin : (I,Iz): (2/2 , -2/2 ) 
 GParity : 0
 Quark contents     (d,u,s,c,b,t) : 0, 0, 0, 0, 0, 0
 AntiQuark contents               : 0, 2, 1, 0, 0, 0
 Lepton number : 0 Baryon number : -1
 Particle type : baryon [sigma(1915)]
 ShortLived : ON
G4DecayTable:  anti_sigma(1915)+
0:  BR:  0.4  [Phase Space]   :   anti_lambda pi-
1:  BR:  0.2  [Phase Space]   :   anti_sigma+ pi0
2:  BR:  0.2  [Phase Space]   :   anti_sigma0 pi-
3:  BR:  0.15  [Phase Space]   :   anti_proton kaon0
4:  BR:  0.025  [Phase Space]   :   anti_sigma(1385)+ pi0
5:  BR:  0.025  [Phase Space]   :   anti_sigma(1385)0 pi-


--- G4ParticleDefinition ---
 Particle Name : anti_sigma(1915)-
 PDG particle code : -13116 [PDG anti-particle code: 13116]
 Mass [GeV/c2] : 1.915     Width : 0.12
 Lifetime [nsec] : 0
 Charge [e]: 1
 Spin : 5/2
 Parity : 1
 Charge conjugation : 0
 Isospin : (I,Iz): (2/2 , 2/2 ) 
 GParity : 0
 Quark contents     (d,u,s,c,b,t) : 0, 0, 0, 0, 0, 0
 AntiQuark contents               : 2, 0, 1, 0, 0, 0
 Lepton number : 0 Baryon number : -1
 Particle type : baryon [sigma(1915)]
 ShortLived : ON
G4DecayTable:  anti_sigma(1915)-
0:  BR:  0.4  [Phase Space]   :   anti_lambda pi+
1:  BR:  0.2  [Phase Space]   :   anti_sigma0 pi+
2:  BR:  0.2  [Phase Space]   :   anti_sigma- pi0
3:  BR:  0.15  [Phase Space]   :   anti_neutron kaon+
4:  BR:  0.025  [Phase Space]   :   anti_sigma(1385)0 pi+
5:  BR:  0.025  [Phase Space]   :   anti_sigma(1385)- pi0


--- G4ParticleDefinition ---
 Particle Name : anti_sigma(1915)0
 PDG particle code : -13216 [PDG anti-particle code: 13216]
 Mass [GeV/c2] : 1.915     Width : 0.12
 Lifetime [nsec] : 0
 Charge [e]: -0
 Spin : 5/2
 Parity : 1
 Charge conjugation : 0
 Isospin : (I,Iz): (2/2 , 0/2 ) 
 GParity : 0
 Quark contents     (d,u,s,c,b,t) : 0, 0, 0, 0, 0, 0
 AntiQuark contents               : 1, 1, 1, 0, 0, 0
 Lepton number : 0 Baryon number : -1
 Particle type : baryon [sigma(1915)]
 ShortLived : ON
G4DecayTable:  anti_sigma(1915)0
0:  BR:  0.4  [Phase Space]   :   anti_lambda pi0
1:  BR:  0.2  [Phase Space]   :   anti_sigma+ pi+
2:  BR:  0.2  [Phase Space]   :   anti_sigma- pi-
3:  BR:  0.075  [Phase Space]   :   anti_proton kaon+
4:  BR:  0.075  [Phase Space]   :   anti_neutron kaon0
5:  BR:  0.025  [Phase Space]   :   anti_sigma(1385)+ pi+
6:  BR:  0.025  [Phase Space]   :   anti_sigma(1385)- pi-


--- G4ParticleDefinition ---
 Particle Name : anti_sigma(1940)+
 PDG particle code : -23224 [PDG anti-particle code: 23224]
 Mass [GeV/c2] : 1.94     Width : 0.22
 Lifetime [nsec] : 0
 Charge [e]: -1
 Spin : 3/2
 Parity : -1
 Charge conjugation : 0
 Isospin : (I,Iz): (2/2 , -2/2 ) 
 GParity : 0
 Quark contents     (d,u,s,c,b,t) : 0, 0, 0, 0, 0, 0
 AntiQuark contents               : 0, 2, 1, 0, 0, 0
 Lepton number : 0 Baryon number : -1
 Particle type : baryon [sigma(1940)]
 ShortLived : ON
G4DecayTable:  anti_sigma(1940)+
0:  BR:  0.15  [Phase Space]   :   anti_proton k_star0
1:  BR:  0.15  [Phase Space]   :   anti_lambda pi-
2:  BR:  0.15  [Phase Space]   :   anti_lambda(1405) pi-
3:  BR:  0.1125  [Phase Space]   :   anti_delta++ kaon+
4:  BR:  0.1  [Phase Space]   :   anti_proton kaon0
5:  BR:  0.075  [Phase Space]   :   anti_sigma+ pi0
6:  BR:  0.075  [Phase Space]   :   anti_sigma0 pi-
7:  BR:  0.075  [Phase Space]   :   anti_sigma(1385)+ pi0
8:  BR:  0.075  [Phase Space]   :   anti_sigma(1385)0 pi-
9:  BR:  0.0375  [Phase Space]   :   anti_delta+ kaon0


--- G4ParticleDefinition ---
 Particle Name : anti_sigma(1940)-
 PDG particle code : -23114 [PDG anti-particle code: 23114]
 Mass [GeV/c2] : 1.94     Width : 0.22
 Lifetime [nsec] : 0
 Charge [e]: 1
 Spin : 3/2
 Parity : -1
 Charge conjugation : 0
 Isospin : (I,Iz): (2/2 , 2/2 ) 
 GParity : 0
 Quark contents     (d,u,s,c,b,t) : 0, 0, 0, 0, 0, 0
 AntiQuark contents               : 2, 0, 1, 0, 0, 0
 Lepton number : 0 Baryon number : -1
 Particle type : baryon [sigma(1940)]
 ShortLived : ON
G4DecayTable:  anti_sigma(1940)-
0:  BR:  0.15  [Phase Space]   :   anti_neutron k_star+
1:  BR:  0.15  [Phase Space]   :   anti_lambda pi+
2:  BR:  0.15  [Phase Space]   :   anti_lambda(1405) pi+
3:  BR:  0.1125  [Phase Space]   :   anti_delta- kaon0
4:  BR:  0.1  [Phase Space]   :   anti_neutron kaon+
5:  BR:  0.075  [Phase Space]   :   anti_sigma0 pi+
6:  BR:  0.075  [Phase Space]   :   anti_sigma- pi0
7:  BR:  0.075  [Phase Space]   :   anti_sigma(1385)0 pi+
8:  BR:  0.075  [Phase Space]   :   anti_sigma(1385)- pi0
9:  BR:  0.0375  [Phase Space]   :   anti_delta0 kaon+


--- G4ParticleDefinition ---
 Particle Name : anti_sigma(1940)0
 PDG particle code : -23214 [PDG anti-particle code: 23214]
 Mass [GeV/c2] : 1.94     Width : 0.22
 Lifetime [nsec] : 0
 Charge [e]: -0
 Spin : 3/2
 Parity : -1
 Charge conjugation : 0
 Isospin : (I,Iz): (2/2 , 0/2 ) 
 GParity : 0
 Quark contents     (d,u,s,c,b,t) : 0, 0, 0, 0, 0, 0
 AntiQuark contents               : 1, 1, 1, 0, 0, 0
 Lepton number : 0 Baryon number : -1
 Particle type : baryon [sigma(1940)]
 ShortLived : ON
G4DecayTable:  anti_sigma(1940)0
0:  BR:  0.15  [Phase Space]   :   anti_lambda pi0
1:  BR:  0.15  [Phase Space]   :   anti_lambda(1405) pi0
2:  BR:  0.075  [Phase Space]   :   anti_proton k_star+
3:  BR:  0.075  [Phase Space]   :   anti_neutron k_star0
4:  BR:  0.075  [Phase Space]   :   anti_sigma+ pi+
5:  BR:  0.075  [Phase Space]   :   anti_sigma- pi-
6:  BR:  0.075  [Phase Space]   :   anti_sigma(1385)+ pi+
7:  BR:  0.075  [Phase Space]   :   anti_sigma(1385)- pi-
8:  BR:  0.075  [Phase Space]   :   anti_delta+ kaon+
9:  BR:  0.075  [Phase Space]   :   anti_delta0 kaon0
10:  BR:  0.05  [Phase Space]   :   anti_proton kaon+
11:  BR:  0.05  [Phase Space]   :   anti_neutron kaon0


--- G4ParticleDefinition ---
 Particle Name : anti_sigma(2030)+
 PDG particle code : -3228 [PDG anti-particle code: 3228]
 Mass [GeV/c2] : 2.03     Width : 0.18
 Lifetime [nsec] : 0
 Charge [e]: -1
 Spin : 7/2
 Parity : 1
 Charge conjugation : 0
 Isospin : (I,Iz): (2/2 , -2/2 ) 
 GParity : 0
 Quark contents     (d,u,s,c,b,t) : 0, 0, 0, 0, 0, 0
 AntiQuark contents               : 0, 2, 1, 0, 0, 0
 Lepton number : 0 Baryon number : -1
 Particle type : baryon [sigma(2030)]
 ShortLived : ON
G4DecayTable:  anti_sigma(2030)+
0:  BR:  0.2  [Phase Space]   :   anti_proton kaon0
1:  BR:  0.2  [Phase Space]   :   anti_lambda pi-
2:  BR:  0.18  [Phase Space]   :   anti_lambda(1405) pi-
3:  BR:  0.135  [Phase Space]   :   anti_delta++ kaon+
4:  BR:  0.05  [Phase Space]   :   anti_sigma+ pi0
5:  BR:  0.05  [Phase Space]   :   anti_sigma0 pi-
6:  BR:  0.05  [Phase Space]   :   anti_sigma(1385)+ pi0
7:  BR:  0.05  [Phase Space]   :   anti_sigma(1385)0 pi-
8:  BR:  0.045  [Phase Space]   :   anti_delta+ kaon0
9:  BR:  0.04  [Phase Space]   :   anti_proton k_star0


--- G4ParticleDefinition ---
 Particle Name : anti_sigma(2030)-
 PDG particle code : -3118 [PDG anti-particle code: 3118]
 Mass [GeV/c2] : 2.03     Width : 0.18
 Lifetime [nsec] : 0
 Charge [e]: 1
 Spin : 7/2
 Parity : 1
 Charge conjugation : 0
 Isospin : (I,Iz): (2/2 , 2/2 ) 
 GParity : 0
 Quark contents     (d,u,s,c,b,t) : 0, 0, 0, 0, 0, 0
 AntiQuark contents               : 2, 0, 1, 0, 0, 0
 Lepton number : 0 Baryon number : -1
 Particle type : baryon [sigma(2030)]
 ShortLived : ON
G4DecayTable:  anti_sigma(2030)-
0:  BR:  0.2  [Phase Space]   :   anti_neutron kaon+
1:  BR:  0.2  [Phase Space]   :   anti_lambda pi+
2:  BR:  0.18  [Phase Space]   :   anti_lambda(1405) pi+
3:  BR:  0.135  [Phase Space]   :   anti_delta- kaon0
4:  BR:  0.05  [Phase Space]   :   anti_sigma0 pi+
5:  BR:  0.05  [Phase Space]   :   anti_sigma- pi0
6:  BR:  0.05  [Phase Space]   :   anti_sigma(1385)0 pi+
7:  BR:  0.05  [Phase Space]   :   anti_sigma(1385)- pi0
8:  BR:  0.045  [Phase Space]   :   anti_delta0 kaon+
9:  BR:  0.04  [Phase Space]   :   anti_neutron k_star+


--- G4ParticleDefinition ---
 Particle Name : anti_sigma(2030)0
 PDG particle code : -3218 [PDG anti-particle code: 3218]
 Mass [GeV/c2] : 2.03     Width : 0.18
 Lifetime [nsec] : 0
 Charge [e]: -0
 Spin : 7/2
 Parity : 1
 Charge conjugation : 0
 Isospin : (I,Iz): (2/2 , 0/2 ) 
 GParity : 0
 Quark contents     (d,u,s,c,b,t) : 0, 0, 0, 0, 0, 0
 AntiQuark contents               : 1, 1, 1, 0, 0, 0
 Lepton number : 0 Baryon number : -1
 Particle type : baryon [sigma(2030)]
 ShortLived : ON
G4DecayTable:  anti_sigma(2030)0
0:  BR:  0.2  [Phase Space]   :   anti_lambda pi0
1:  BR:  0.18  [Phase Space]   :   anti_lambda(1405) pi0
2:  BR:  0.1  [Phase Space]   :   anti_proton kaon+
3:  BR:  0.1  [Phase Space]   :   anti_neutron kaon0
4:  BR:  0.09  [Phase Space]   :   anti_delta+ kaon+
5:  BR:  0.09  [Phase Space]   :   anti_delta0 kaon0
6:  BR:  0.05  [Phase Space]   :   anti_sigma+ pi+
7:  BR:  0.05  [Phase Space]   :   anti_sigma- pi-
8:  BR:  0.05  [Phase Space]   :   anti_sigma(1385)+ pi+
9:  BR:  0.05  [Phase Space]   :   anti_sigma(1385)- pi-
10:  BR:  0.02  [Phase Space]   :   anti_proton k_star+
11:  BR:  0.02  [Phase Space]   :   anti_neutron k_star0


--- G4ParticleDefinition ---
 Particle Name : anti_sigma+
 PDG particle code : -3222 [PDG anti-particle code: 3222]
 Mass [GeV/c2] : 1.18937     Width : 8.209e-15
 Lifetime [nsec] : 0.08018
 Charge [e]: -1
 Spin : 1/2
 Parity : 1
 Charge conjugation : 0
 Isospin : (I,Iz): (2/2 , -2/2 ) 
 GParity : 0
 MagneticMoment [MeV/T] : -7.74873e-14
 Quark contents     (d,u,s,c,b,t) : 0, 0, 0, 0, 0, 0
 AntiQuark contents               : 0, 2, 1, 0, 0, 0
 Lepton number : 0 Baryon number : -1
 Particle type : baryon [sigma]
G4DecayTable:  anti_sigma+
0:  BR:  0.516  [Phase Space]   :   anti_proton pi0
1:  BR:  0.483  [Phase Space]   :   anti_neutron pi-


--- G4ParticleDefinition ---
 Particle Name : anti_sigma-
 PDG particle code : -3112 [PDG anti-particle code: 3112]
 Mass [GeV/c2] : 1.19745     Width : 4.45e-15
 Lifetime [nsec] : 0.1479
 Charge [e]: 1
 Spin : 1/2
 Parity : 1
 Charge conjugation : 0
 Isospin : (I,Iz): (2/2 , 2/2 ) 
 GParity : 0
 MagneticMoment [MeV/T] : 3.65684e-14
 Quark contents     (d,u,s,c,b,t) : 0, 0, 0, 0, 0, 0
 AntiQuark contents               : 2, 0, 1, 0, 0, 0
 Lepton number : 0 Baryon number : -1
 Particle type : baryon [sigma]
G4DecayTable:  anti_sigma-
0:  BR:  1  [Phase Space]   :   anti_neutron pi+


--- G4ParticleDefinition ---
 Particle Name : anti_sigma0
 PDG particle code : -3212 [PDG anti-particle code: 3212]
 Mass [GeV/c2] : 1.19264     Width : 8.9e-06
 Lifetime [nsec] : 7.39564e-11
 Charge [e]: 0
 Spin : 1/2
 Parity : 1
 Charge conjugation : 0
 Isospin : (I,Iz): (2/2 , 0/2 ) 
 GParity : 0
 Quark contents     (d,u,s,c,b,t) : 0, 0, 0, 0, 0, 0
 AntiQuark contents               : 1, 1, 1, 0, 0, 0
 Lepton number : 0 Baryon number : -1
 Particle type : baryon [sigma]
G4DecayTable:  anti_sigma0
0:  BR:  1  [Phase Space]   :   anti_lambda gamma


--- G4ParticleDefinition ---
 Particle Name : anti_sigma_b+
 PDG particle code : -5222 [PDG anti-particle code: 5222]
 Mass [GeV/c2] : 5.8113     Width : 0.0097
 Lifetime [nsec] : 0
 Charge [e]: -1
 Spin : 1/2
 Parity : 1
 Charge conjugation : 0
 Isospin : (I,Iz): (2/2 , -2/2 ) 
 GParity : 0
 Quark contents     (d,u,s,c,b,t) : 0, 0, 0, 0, 0, 0
 AntiQuark contents               : 0, 2, 0, 0, 1, 0
 Lepton number : 0 Baryon number : -1
 Particle type : baryon [sigma_b]
G4DecayTable:  anti_sigma_b+
0:  BR:  1  [Phase Space]   :   anti_lambda_b pi-


--- G4ParticleDefinition ---
 Particle Name : anti_sigma_b-
 PDG particle code : -5112 [PDG anti-particle code: 5112]
 Mass [GeV/c2] : 5.8155     Width : 0.0049
 Lifetime [nsec] : 0
 Charge [e]: 1
 Spin : 1/2
 Parity : 1
 Charge conjugation : 0
 Isospin : (I,Iz): (2/2 , 2/2 ) 
 GParity : 0
 Quark contents     (d,u,s,c,b,t) : 0, 0, 0, 0, 0, 0
 AntiQuark contents               : 2, 0, 0, 0, 1, 0
 Lepton number : 0 Baryon number : -1
 Particle type : baryon [sigma_b]
G4DecayTable:  anti_sigma_b-
0:  BR:  1  [Phase Space]   :   anti_lambda_b pi+


--- G4ParticleDefinition ---
 Particle Name : anti_sigma_b0
 PDG particle code : -5212 [PDG anti-particle code: 5212]
 Mass [GeV/c2] : 5.8078     Width : 0.005
 Lifetime [nsec] : 0
 Charge [e]: 0
 Spin : 1/2
 Parity : 1
 Charge conjugation : 0
 Isospin : (I,Iz): (2/2 , 0/2 ) 
 GParity : 0
 Quark contents     (d,u,s,c,b,t) : 0, 0, 0, 0, 0, 0
 AntiQuark contents               : 1, 1, 0, 0, 1, 0
 Lepton number : 0 Baryon number : -1
 Particle type : baryon [sigma_b]
G4DecayTable:  anti_sigma_b0
0:  BR:  1  [Phase Space]   :   anti_lambda_b pi0


--- G4ParticleDefinition ---
 Particle Name : anti_sigma_c+
 PDG particle code : -4212 [PDG anti-particle code: 4212]
 Mass [GeV/c2] : 2.4529     Width : 0.0022
 Lifetime [nsec] : 0
 Charge [e]: -1
 Spin : 1/2
 Parity : 1
 Charge conjugation : 0
 Isospin : (I,Iz): (2/2 , 0/2 ) 
 GParity : 0
 Quark contents     (d,u,s,c,b,t) : 0, 0, 0, 0, 0, 0
 AntiQuark contents               : 1, 1, 0, 1, 0, 0
 Lepton number : 0 Baryon number : -1
 Particle type : baryon [sigma_c]
G4DecayTable:  anti_sigma_c+
0:  BR:  1  [Phase Space]   :   anti_lambda_c+ pi0


--- G4ParticleDefinition ---
 Particle Name : anti_sigma_c++
 PDG particle code : -4222 [PDG anti-particle code: 4222]
 Mass [GeV/c2] : 2.45398     Width : 0.00226
 Lifetime [nsec] : 0
 Charge [e]: -2
 Spin : 1/2
 Parity : 1
 Charge conjugation : 0
 Isospin : (I,Iz): (2/2 , -2/2 ) 
 GParity : 0
 Quark contents     (d,u,s,c,b,t) : 0, 0, 0, 0, 0, 0
 AntiQuark contents               : 0, 2, 0, 1, 0, 0
 Lepton number : 0 Baryon number : -1
 Particle type : baryon [sigma_c]
G4DecayTable:  anti_sigma_c++
0:  BR:  1  [Phase Space]   :   anti_lambda_c+ pi-


--- G4ParticleDefinition ---
 Particle Name : anti_sigma_c0
 PDG particle code : -4112 [PDG anti-particle code: 4112]
 Mass [GeV/c2] : 2.45374     Width : 0.00216
 Lifetime [nsec] : 0
 Charge [e]: 0
 Spin : 1/2
 Parity : 1
 Charge conjugation : 0
 Isospin : (I,Iz): (2/2 , 2/2 ) 
 GParity : 0
 Quark contents     (d,u,s,c,b,t) : 0, 0, 0, 0, 0, 0
 AntiQuark contents               : 2, 0, 0, 1, 0, 0
 Lepton number : 0 Baryon number : -1
 Particle type : baryon [sigma_c]
G4DecayTable:  anti_sigma_c0
0:  BR:  1  [Phase Space]   :   anti_lambda_c+ pi+


--- G4ParticleDefinition ---
 Particle Name : anti_ss1_diquark
 PDG particle code : -3303 [PDG anti-particle code: 3303]
 Mass [GeV/c2] : 0.198     Width : 0
 Lifetime [nsec] : -1
 Charge [e]: 0.666667
 Spin : 2/2
 Parity : 1
 Charge conjugation : 0
 Isospin : (I,Iz): (0/2 , 0/2 ) 
 GParity : 0
 Quark contents     (d,u,s,c,b,t) : 0, 0, 0, 0, 0, 0
 AntiQuark contents               : 0, 0, 2, 0, 0, 0
 Lepton number : 0 Baryon number : 0
 Particle type : diquarks [di_quark]
 ShortLived : ON
 Stable : stable

--- G4ParticleDefinition ---
 Particle Name : anti_su0_diquark
 PDG particle code : -3201 [PDG anti-particle code: 3201]
 Mass [GeV/c2] : 0.1014     Width : 0
 Lifetime [nsec] : -1
 Charge [e]: -0.333333
 Spin : 0/2
 Parity : 1
 Charge conjugation : 0
 Isospin : (I,Iz): (1/2 , -1/2 ) 
 GParity : 0
 Quark contents     (d,u,s,c,b,t) : 0, 0, 0, 0, 0, 0
 AntiQuark contents               : 0, 1, 1, 0, 0, 0
 Lepton number : 0 Baryon number : 0
 Particle type : diquarks [di_quark]
 ShortLived : ON
 Stable : stable

--- G4ParticleDefinition ---
 Particle Name : anti_su1_diquark
 PDG particle code : -3203 [PDG anti-particle code: 3203]
 Mass [GeV/c2] : 0.1014     Width : 0
 Lifetime [nsec] : -1
 Charge [e]: -0.333333
 Spin : 2/2
 Parity : 1
 Charge conjugation : 0
 Isospin : (I,Iz): (1/2 , -1/2 ) 
 GParity : 0
 Quark contents     (d,u,s,c,b,t) : 0, 0, 0, 0, 0, 0
 AntiQuark contents               : 0, 1, 1, 0, 0, 0
 Lepton number : 0 Baryon number : 0
 Particle type : diquarks [di_quark]
 ShortLived : ON
 Stable : stable

--- G4ParticleDefinition ---
 Particle Name : anti_t_quark
 PDG particle code : -6 [PDG anti-particle code: 6]
 Mass [GeV/c2] : 173.21     Width : 2
 Lifetime [nsec] : -1
 Charge [e]: -0.666667
 Spin : 1/2
 Parity : 1
 Charge conjugation : 0
 Isospin : (I,Iz): (0/2 , 0/2 ) 
 GParity : 0
 Quark contents     (d,u,s,c,b,t) : 0, 0, 0, 0, 0, 0
 AntiQuark contents               : 0, 0, 0, 0, 0, 1
 Lepton number : 0 Baryon number : 0
 Particle type : quarks [quark]
 ShortLived : ON
 Stable : stable

--- G4ParticleDefinition ---
 Particle Name : anti_triton
 PDG particle code : -1000010030 [PDG anti-particle code: 1000010030]
 Mass [GeV/c2] : 2.80892     Width : 0
 Lifetime [nsec] : -1
 Charge [e]: -1
 Spin : 1/2
 Parity : 1
 Charge conjugation : 0
 Isospin : (I,Iz): (0/2 , 0/2 ) 
 GParity : 0
 MagneticMoment [MeV/T] : -9.39103e-14
 Quark contents     (d,u,s,c,b,t) : 0, 0, 0, 0, 0, 0
 AntiQuark contents               : 4, 5, 0, 0, 0, 0
 Lepton number : 0 Baryon number : -3
 Particle type : anti_nucleus [static]
 Atomic Number : 1  Atomic Mass : 3
 Stable : stable

--- G4ParticleDefinition ---
 Particle Name : anti_u_quark
 PDG particle code : -2 [PDG anti-particle code: 2]
 Mass [GeV/c2] : 0.0023     Width : 0
 Lifetime [nsec] : -1
 Charge [e]: -0.666667
 Spin : 1/2
 Parity : 1
 Charge conjugation : 0
 Isospin : (I,Iz): (1/2 , -1/2 ) 
 GParity : 0
 Quark contents     (d,u,s,c,b,t) : 0, 0, 0, 0, 0, 0
 AntiQuark contents               : 0, 1, 0, 0, 0, 0
 Lepton number : 0 Baryon number : 0
 Particle type : quarks [quark]
 ShortLived : ON
 Stable : stable

--- G4ParticleDefinition ---
 Particle Name : anti_ud0_diquark
 PDG particle code : -2101 [PDG anti-particle code: 2101]
 Mass [GeV/c2] : 0.0071     Width : 0
 Lifetime [nsec] : -1
 Charge [e]: -0.333333
 Spin : 0/2
 Parity : 1
 Charge conjugation : 0
 Isospin : (I,Iz): (0/2 , 0/2 ) 
 GParity : 0
 Quark contents     (d,u,s,c,b,t) : 0, 0, 0, 0, 0, 0
 AntiQuark contents               : 1, 1, 0, 0, 0, 0
 Lepton number : 0 Baryon number : 0
 Particle type : diquarks [di_quark]
 ShortLived : ON
 Stable : stable

--- G4ParticleDefinition ---
 Particle Name : anti_ud1_diquark
 PDG particle code : -2103 [PDG anti-particle code: 2103]
 Mass [GeV/c2] : 0.007     Width : 0
 Lifetime [nsec] : -1
 Charge [e]: -0.333333
 Spin : 2/2
 Parity : 1
 Charge conjugation : 0
 Isospin : (I,Iz): (2/2 , 0/2 ) 
 GParity : 0
 Quark contents     (d,u,s,c,b,t) : 0, 0, 0, 0, 0, 0
 AntiQuark contents               : 1, 1, 0, 0, 0, 0
 Lepton number : 0 Baryon number : 0
 Particle type : diquarks [di_quark]
 ShortLived : ON
 Stable : stable

--- G4ParticleDefinition ---
 Particle Name : anti_uu1_diquark
 PDG particle code : -2203 [PDG anti-particle code: 2203]
 Mass [GeV/c2] : 0.0046     Width : 0
 Lifetime [nsec] : -1
 Charge [e]: -1.33333
 Spin : 2/2
 Parity : 1
 Charge conjugation : 0
 Isospin : (I,Iz): (2/2 , -2/2 ) 
 GParity : 0
 Quark contents     (d,u,s,c,b,t) : 0, 0, 0, 0, 0, 0
 AntiQuark contents               : 0, 2, 0, 0, 0, 0
 Lepton number : 0 Baryon number : 0
 Particle type : diquarks [di_quark]
 ShortLived : ON
 Stable : stable

--- G4ParticleDefinition ---
 Particle Name : anti_xi(1530)-
 PDG particle code : -3314 [PDG anti-particle code: 3314]
 Mass [GeV/c2] : 1.535     Width : 0.0099
 Lifetime [nsec] : 0
 Charge [e]: 1
 Spin : 3/2
 Parity : 1
 Charge conjugation : 0
 Isospin : (I,Iz): (1/2 , 1/2 ) 
 GParity : 0
 Quark contents     (d,u,s,c,b,t) : 0, 0, 0, 0, 0, 0
 AntiQuark contents               : 1, 0, 2, 0, 0, 0
 Lepton number : 0 Baryon number : -1
 Particle type : baryon [xi(1530)]
 ShortLived : ON
G4DecayTable:  anti_xi(1530)-
0:  BR:  0.49  [Phase Space]   :   anti_xi0 pi+
1:  BR:  0.49  [Phase Space]   :   anti_xi- pi0
2:  BR:  0.02  [Phase Space]   :   anti_xi- gamma


--- G4ParticleDefinition ---
 Particle Name : anti_xi(1530)0
 PDG particle code : -3324 [PDG anti-particle code: 3324]
 Mass [GeV/c2] : 1.5318     Width : 0.0091
 Lifetime [nsec] : 0
 Charge [e]: -0
 Spin : 3/2
 Parity : 1
 Charge conjugation : 0
 Isospin : (I,Iz): (1/2 , -1/2 ) 
 GParity : 0
 Quark contents     (d,u,s,c,b,t) : 0, 0, 0, 0, 0, 0
 AntiQuark contents               : 0, 1, 2, 0, 0, 0
 Lepton number : 0 Baryon number : -1
 Particle type : baryon [xi(1530)]
 ShortLived : ON
G4DecayTable:  anti_xi(1530)0
0:  BR:  0.49  [Phase Space]   :   anti_xi0 pi0
1:  BR:  0.49  [Phase Space]   :   anti_xi- pi-
2:  BR:  0.02  [Phase Space]   :   anti_xi0 gamma


--- G4ParticleDefinition ---
 Particle Name : anti_xi(1690)-
 PDG particle code : -23314 [PDG anti-particle code: 23314]
 Mass [GeV/c2] : 1.69     Width : 0.05
 Lifetime [nsec] : 0
 Charge [e]: 1
 Spin : 3/2
 Parity : 1
 Charge conjugation : 0
 Isospin : (I,Iz): (1/2 , 1/2 ) 
 GParity : 0
 Quark contents     (d,u,s,c,b,t) : 0, 0, 0, 0, 0, 0
 AntiQuark contents               : 1, 0, 2, 0, 0, 0
 Lepton number : 0 Baryon number : -1
 Particle type : baryon [xi(1690)]
 ShortLived : ON
G4DecayTable:  anti_xi(1690)-
0:  BR:  0.7  [Phase Space]   :   anti_lambda kaon+
1:  BR:  0.1  [Phase Space]   :   anti_sigma0 kaon+
2:  BR:  0.1  [Phase Space]   :   anti_sigma- kaon0
3:  BR:  0.05  [Phase Space]   :   anti_xi0 pi+
4:  BR:  0.05  [Phase Space]   :   anti_xi- pi0


--- G4ParticleDefinition ---
 Particle Name : anti_xi(1690)0
 PDG particle code : -23324 [PDG anti-particle code: 23324]
 Mass [GeV/c2] : 1.69     Width : 0.05
 Lifetime [nsec] : 0
 Charge [e]: -0
 Spin : 3/2
 Parity : 1
 Charge conjugation : 0
 Isospin : (I,Iz): (1/2 , -1/2 ) 
 GParity : 0
 Quark contents     (d,u,s,c,b,t) : 0, 0, 0, 0, 0, 0
 AntiQuark contents               : 0, 1, 2, 0, 0, 0
 Lepton number : 0 Baryon number : -1
 Particle type : baryon [xi(1690)]
 ShortLived : ON
G4DecayTable:  anti_xi(1690)0
0:  BR:  0.7  [Phase Space]   :   anti_lambda anti_kaon0
1:  BR:  0.1  [Phase Space]   :   anti_sigma+ kaon+
2:  BR:  0.1  [Phase Space]   :   anti_sigma0 kaon0
3:  BR:  0.05  [Phase Space]   :   anti_xi0 pi0
4:  BR:  0.05  [Phase Space]   :   anti_xi- pi-


--- G4ParticleDefinition ---
 Particle Name : anti_xi(1820)-
 PDG particle code : -13314 [PDG anti-particle code: 13314]
 Mass [GeV/c2] : 1.823     Width : 0.024
 Lifetime [nsec] : 0
 Charge [e]: 1
 Spin : 3/2
 Parity : -1
 Charge conjugation : 0
 Isospin : (I,Iz): (1/2 , 1/2 ) 
 GParity : 0
 Quark contents     (d,u,s,c,b,t) : 0, 0, 0, 0, 0, 0
 AntiQuark contents               : 1, 0, 2, 0, 0, 0
 Lepton number : 0 Baryon number : -1
 Particle type : baryon [xi(1820)]
 ShortLived : ON
G4DecayTable:  anti_xi(1820)-
0:  BR:  0.7  [Phase Space]   :   anti_lambda kaon+
1:  BR:  0.075  [Phase Space]   :   anti_xi0 pi+
2:  BR:  0.075  [Phase Space]   :   anti_xi- pi0
3:  BR:  0.075  [Phase Space]   :   anti_sigma0 kaon+
4:  BR:  0.075  [Phase Space]   :   anti_sigma- kaon0


--- G4ParticleDefinition ---
 Particle Name : anti_xi(1820)0
 PDG particle code : -13324 [PDG anti-particle code: 13324]
 Mass [GeV/c2] : 1.823     Width : 0.024
 Lifetime [nsec] : 0
 Charge [e]: -0
 Spin : 3/2
 Parity : -1
 Charge conjugation : 0
 Isospin : (I,Iz): (1/2 , -1/2 ) 
 GParity : 0
 Quark contents     (d,u,s,c,b,t) : 0, 0, 0, 0, 0, 0
 AntiQuark contents               : 0, 1, 2, 0, 0, 0
 Lepton number : 0 Baryon number : -1
 Particle type : baryon [xi(1820)]
 ShortLived : ON
G4DecayTable:  anti_xi(1820)0
0:  BR:  0.7  [Phase Space]   :   anti_lambda anti_kaon0
1:  BR:  0.075  [Phase Space]   :   anti_xi0 pi0
2:  BR:  0.075  [Phase Space]   :   anti_xi- pi-
3:  BR:  0.075  [Phase Space]   :   anti_sigma+ kaon+
4:  BR:  0.075  [Phase Space]   :   anti_sigma0 kaon0


--- G4ParticleDefinition ---
 Particle Name : anti_xi(1950)-
 PDG particle code : -33314 [PDG anti-particle code: 33314]
 Mass [GeV/c2] : 1.95     Width : 0.06
 Lifetime [nsec] : 0
 Charge [e]: 1
 Spin : 3/2
 Parity : -1
 Charge conjugation : 0
 Isospin : (I,Iz): (1/2 , 1/2 ) 
 GParity : 0
 Quark contents     (d,u,s,c,b,t) : 0, 0, 0, 0, 0, 0
 AntiQuark contents               : 1, 0, 2, 0, 0, 0
 Lepton number : 0 Baryon number : -1
 Particle type : baryon [xi(1950)]
 ShortLived : ON
G4DecayTable:  anti_xi(1950)-
0:  BR:  0.5  [Phase Space]   :   anti_lambda kaon+
1:  BR:  0.125  [Phase Space]   :   anti_xi0 pi+
2:  BR:  0.125  [Phase Space]   :   anti_xi- pi0
3:  BR:  0.125  [Phase Space]   :   anti_sigma0 kaon+
4:  BR:  0.125  [Phase Space]   :   anti_sigma- kaon0


--- G4ParticleDefinition ---
 Particle Name : anti_xi(1950)0
 PDG particle code : -33324 [PDG anti-particle code: 33324]
 Mass [GeV/c2] : 1.95     Width : 0.06
 Lifetime [nsec] : 0
 Charge [e]: -0
 Spin : 3/2
 Parity : -1
 Charge conjugation : 0
 Isospin : (I,Iz): (1/2 , -1/2 ) 
 GParity : 0
 Quark contents     (d,u,s,c,b,t) : 0, 0, 0, 0, 0, 0
 AntiQuark contents               : 0, 1, 2, 0, 0, 0
 Lepton number : 0 Baryon number : -1
 Particle type : baryon [xi(1950)]
 ShortLived : ON
G4DecayTable:  anti_xi(1950)0
0:  BR:  0.5  [Phase Space]   :   anti_lambda anti_kaon0
1:  BR:  0.125  [Phase Space]   :   anti_xi0 pi0
2:  BR:  0.125  [Phase Space]   :   anti_xi- pi-
3:  BR:  0.125  [Phase Space]   :   anti_sigma+ kaon+
4:  BR:  0.125  [Phase Space]   :   anti_sigma0 kaon0


--- G4ParticleDefinition ---
 Particle Name : anti_xi(2030)-
 PDG particle code : -13316 [PDG anti-particle code: 13316]
 Mass [GeV/c2] : 2.025     Width : 0.02
 Lifetime [nsec] : 0
 Charge [e]: 1
 Spin : 5/2
 Parity : 1
 Charge conjugation : 0
 Isospin : (I,Iz): (1/2 , 1/2 ) 
 GParity : 0
 Quark contents     (d,u,s,c,b,t) : 0, 0, 0, 0, 0, 0
 AntiQuark contents               : 1, 0, 2, 0, 0, 0
 Lepton number : 0 Baryon number : -1
 Particle type : baryon [xi(2030)]
 ShortLived : ON
G4DecayTable:  anti_xi(2030)-
0:  BR:  0.35  [Phase Space]   :   anti_sigma0 kaon+
1:  BR:  0.35  [Phase Space]   :   anti_sigma- kaon0
2:  BR:  0.2  [Phase Space]   :   anti_lambda kaon+
3:  BR:  0.05  [Phase Space]   :   anti_xi0 pi+
4:  BR:  0.05  [Phase Space]   :   anti_xi- pi0


--- G4ParticleDefinition ---
 Particle Name : anti_xi(2030)0
 PDG particle code : -13326 [PDG anti-particle code: 13326]
 Mass [GeV/c2] : 2.025     Width : 0.02
 Lifetime [nsec] : 0
 Charge [e]: -0
 Spin : 5/2
 Parity : 1
 Charge conjugation : 0
 Isospin : (I,Iz): (1/2 , -1/2 ) 
 GParity : 0
 Quark contents     (d,u,s,c,b,t) : 0, 0, 0, 0, 0, 0
 AntiQuark contents               : 0, 1, 2, 0, 0, 0
 Lepton number : 0 Baryon number : -1
 Particle type : baryon [xi(2030)]
 ShortLived : ON
G4DecayTable:  anti_xi(2030)0
0:  BR:  0.35  [Phase Space]   :   anti_sigma+ kaon+
1:  BR:  0.35  [Phase Space]   :   anti_sigma0 kaon0
2:  BR:  0.2  [Phase Space]   :   anti_lambda anti_kaon0
3:  BR:  0.05  [Phase Space]   :   anti_xi0 pi0
4:  BR:  0.05  [Phase Space]   :   anti_xi- pi-


--- G4ParticleDefinition ---
 Particle Name : anti_xi-
 PDG particle code : -3312 [PDG anti-particle code: 3312]
 Mass [GeV/c2] : 1.32171     Width : 4.02e-15
 Lifetime [nsec] : 0.1639
 Charge [e]: 1
 Spin : 1/2
 Parity : 1
 Charge conjugation : 0
 Isospin : (I,Iz): (1/2 , 1/2 ) 
 GParity : 0
 MagneticMoment [MeV/T] : 2.0513e-14
 Quark contents     (d,u,s,c,b,t) : 0, 0, 0, 0, 0, 0
 AntiQuark contents               : 1, 0, 2, 0, 0, 0
 Lepton number : 0 Baryon number : -1
 Particle type : baryon [xi]
G4DecayTable:  anti_xi-
0:  BR:  1  [Phase Space]   :   anti_lambda pi+


--- G4ParticleDefinition ---
 Particle Name : anti_xi0
 PDG particle code : -3322 [PDG anti-particle code: 3322]
 Mass [GeV/c2] : 1.31486     Width : 2.27e-15
 Lifetime [nsec] : 0.29
 Charge [e]: 0
 Spin : 1/2
 Parity : 1
 Charge conjugation : 0
 Isospin : (I,Iz): (1/2 , -1/2 ) 
 GParity : 0
 MagneticMoment [MeV/T] : 3.94056e-14
 Quark contents     (d,u,s,c,b,t) : 0, 0, 0, 0, 0, 0
 AntiQuark contents               : 0, 1, 2, 0, 0, 0
 Lepton number : 0 Baryon number : -1
 Particle type : baryon [xi]
G4DecayTable:  anti_xi0
0:  BR:  1  [Phase Space]   :   anti_lambda pi0


--- G4ParticleDefinition ---
 Particle Name : anti_xi_b-
 PDG particle code : -5132 [PDG anti-particle code: 5132]
 Mass [GeV/c2] : 5.7949     Width : 4.2e-13
 Lifetime [nsec] : 0.00156
 Charge [e]: 1
 Spin : 1/2
 Parity : 1
 Charge conjugation : 0
 Isospin : (I,Iz): (1/2 , 1/2 ) 
 GParity : 0
 Quark contents     (d,u,s,c,b,t) : 0, 0, 0, 0, 0, 0
 AntiQuark contents               : 1, 0, 1, 0, 1, 0
 Lepton number : 0 Baryon number : -1
 Particle type : baryon [xi_b]
Decay Table is not defined !!

--- G4ParticleDefinition ---
 Particle Name : anti_xi_b0
 PDG particle code : -5232 [PDG anti-particle code: 5232]
 Mass [GeV/c2] : 5.7931     Width : 4.4e-13
 Lifetime [nsec] : 0.00149
 Charge [e]: 0
 Spin : 1/2
 Parity : 1
 Charge conjugation : 0
 Isospin : (I,Iz): (1/2 , -1/2 ) 
 GParity : 0
 Quark contents     (d,u,s,c,b,t) : 0, 0, 0, 0, 0, 0
 AntiQuark contents               : 0, 1, 1, 0, 1, 0
 Lepton number : 0 Baryon number : -1
 Particle type : baryon [xi_b]
Decay Table is not defined !!

--- G4ParticleDefinition ---
 Particle Name : anti_xi_c+
 PDG particle code : -4232 [PDG anti-particle code: 4232]
 Mass [GeV/c2] : 2.4678     Width : 1.49e-12
 Lifetime [nsec] : 0.000442
 Charge [e]: -1
 Spin : 1/2
 Parity : 1
 Charge conjugation : 0
 Isospin : (I,Iz): (1/2 , -1/2 ) 
 GParity : 0
 Quark contents     (d,u,s,c,b,t) : 0, 0, 0, 0, 0, 0
 AntiQuark contents               : 0, 1, 1, 1, 0, 0
 Lepton number : 0 Baryon number : -1
 Particle type : baryon [xi_c]
Decay Table is not defined !!

--- G4ParticleDefinition ---
 Particle Name : anti_xi_c0
 PDG particle code : -4132 [PDG anti-particle code: 4132]
 Mass [GeV/c2] : 2.47088     Width : 5.9e-12
 Lifetime [nsec] : 0.000112
 Charge [e]: 0
 Spin : 1/2
 Parity : 1
 Charge conjugation : 0
 Isospin : (I,Iz): (1/2 , 1/2 ) 
 GParity : 0
 Quark contents     (d,u,s,c,b,t) : 0, 0, 0, 0, 0, 0
 AntiQuark contents               : 1, 0, 1, 1, 0, 0
 Lepton number : 0 Baryon number : -1
 Particle type : baryon [xi_c]
Decay Table is not defined !!

--- G4ParticleDefinition ---
 Particle Name : b1(1235)+
 PDG particle code : 10213 [PDG anti-particle code: -10213]
 Mass [GeV/c2] : 1.2295     Width : 0.142
 Lifetime [nsec] : 0
 Charge [e]: 1
 Spin : 2/2
 Parity : 1
 Charge conjugation : -1
 Isospin : (I,Iz): (2/2 , 2/2 ) 
 GParity : 1
 Quark contents     (d,u,s,c,b,t) : 0, 1, 0, 0, 0, 0
 AntiQuark contents               : 1, 0, 0, 0, 0, 0
 Lepton number : 0 Baryon number : 0
 Particle type : meson [b1(1235)]
 ShortLived : ON
G4DecayTable:  b1(1235)+
0:  BR:  1  [Phase Space]   :   pi+ omega


--- G4ParticleDefinition ---
 Particle Name : b1(1235)-
 PDG particle code : -10213 [PDG anti-particle code: 10213]
 Mass [GeV/c2] : 1.2295     Width : 0.142
 Lifetime [nsec] : 0
 Charge [e]: -1
 Spin : 2/2
 Parity : 1
 Charge conjugation : -1
 Isospin : (I,Iz): (2/2 , -2/2 ) 
 GParity : 1
 Quark contents     (d,u,s,c,b,t) : 1, 0, 0, 0, 0, 0
 AntiQuark contents               : 0, 1, 0, 0, 0, 0
 Lepton number : 0 Baryon number : 0
 Particle type : meson [b1(1235)]
 ShortLived : ON
G4DecayTable:  b1(1235)-
0:  BR:  1  [Phase Space]   :   pi- omega


--- G4ParticleDefinition ---
 Particle Name : b1(1235)0
 PDG particle code : 10113 [PDG anti-particle code: 10113]
 Mass [GeV/c2] : 1.2295     Width : 0.142
 Lifetime [nsec] : 0
 Charge [e]: 0
 Spin : 2/2
 Parity : 1
 Charge conjugation : -1
 Isospin : (I,Iz): (2/2 , 0/2 ) 
 GParity : 1
 Quark contents     (d,u,s,c,b,t) : 1, 0, 0, 0, 0, 0
 AntiQuark contents               : 1, 0, 0, 0, 0, 0
 Lepton number : 0 Baryon number : 0
 Particle type : meson [b1(1235)]
 ShortLived : ON
G4DecayTable:  b1(1235)0
0:  BR:  1  [Phase Space]   :   pi0 omega


--- G4ParticleDefinition ---
 Particle Name : b_quark
 PDG particle code : 5 [PDG anti-particle code: -5]
 Mass [GeV/c2] : 4.18     Width : 0
 Lifetime [nsec] : -1
 Charge [e]: -0.333333
 Spin : 1/2
 Parity : 1
 Charge conjugation : 0
 Isospin : (I,Iz): (0/2 , 0/2 ) 
 GParity : 0
 Quark contents     (d,u,s,c,b,t) : 0, 0, 0, 0, 1, 0
 AntiQuark contents               : 0, 0, 0, 0, 0, 0
 Lepton number : 0 Baryon number : 0
 Particle type : quarks [quark]
 ShortLived : ON
 Stable : stable

--- G4ParticleDefinition ---
 Particle Name : c_quark
 PDG particle code : 4 [PDG anti-particle code: -4]
 Mass [GeV/c2] : 1.275     Width : 0
 Lifetime [nsec] : -1
 Charge [e]: 0.666667
 Spin : 1/2
 Parity : 1
 Charge conjugation : 0
 Isospin : (I,Iz): (0/2 , 0/2 ) 
 GParity : 0
 Quark contents     (d,u,s,c,b,t) : 0, 0, 0, 1, 0, 0
 AntiQuark contents               : 0, 0, 0, 0, 0, 0
 Lepton number : 0 Baryon number : 0
 Particle type : quarks [quark]
 ShortLived : ON
 Stable : stable

--- G4ParticleDefinition ---
 Particle Name : chargedgeantino
 PDG particle code : 0 [PDG anti-particle code: 0]
 Mass [GeV/c2] : 0     Width : 0
 Lifetime [nsec] : 0
 Charge [e]: 1
 Spin : 0/2
 Parity : 0
 Charge conjugation : 0
 Isospin : (I,Iz): (0/2 , 0/2 ) 
 GParity : 0
 Quark contents     (d,u,s,c,b,t) : 0, 0, 0, 0, 0, 0
 AntiQuark contents               : 0, 0, 0, 0, 0, 0
 Lepton number : 0 Baryon number : 0
 Particle type : geantino [geantino]
 Stable : stable

--- G4ParticleDefinition ---
 Particle Name : d_quark
 PDG particle code : 1 [PDG anti-particle code: -1]
 Mass [GeV/c2] : 0.0048     Width : 0
 Lifetime [nsec] : -1
 Charge [e]: -0.333333
 Spin : 1/2
 Parity : 1
 Charge conjugation : 0
 Isospin : (I,Iz): (1/2 , -1/2 ) 
 GParity : 0
 Quark contents     (d,u,s,c,b,t) : 1, 0, 0, 0, 0, 0
 AntiQuark contents               : 0, 0, 0, 0, 0, 0
 Lepton number : 0 Baryon number : 0
 Particle type : quarks [quark]
 ShortLived : ON
 Stable : stable

--- G4ParticleDefinition ---
 Particle Name : dd1_diquark
 PDG particle code : 1103 [PDG anti-particle code: -1103]
 Mass [GeV/c2] : 0.0096     Width : 0
 Lifetime [nsec] : -1
 Charge [e]: -0.666667
 Spin : 2/2
 Parity : 1
 Charge conjugation : 0
 Isospin : (I,Iz): (2/2 , -2/2 ) 
 GParity : 0
 Quark contents     (d,u,s,c,b,t) : 2, 0, 0, 0, 0, 0
 AntiQuark contents               : 0, 0, 0, 0, 0, 0
 Lepton number : 0 Baryon number : 0
 Particle type : diquarks [di_quark]
 ShortLived : ON
 Stable : stable

--- G4ParticleDefinition ---
 Particle Name : delta(1600)+
 PDG particle code : 32214 [PDG anti-particle code: -32214]
 Mass [GeV/c2] : 1.6     Width : 0.32
 Lifetime [nsec] : 0
 Charge [e]: 1
 Spin : 3/2
 Parity : 1
 Charge conjugation : 0
 Isospin : (I,Iz): (3/2 , 1/2 ) 
 GParity : 0
 Quark contents     (d,u,s,c,b,t) : 1, 2, 0, 0, 0, 0
 AntiQuark contents               : 0, 0, 0, 0, 0, 0
 Lepton number : 0 Baryon number : 1
 Particle type : baryon [delta(1600)]
 ShortLived : ON
G4DecayTable:  delta(1600)+
0:  BR:  0.293333  [Phase Space]   :   delta0 pi+
1:  BR:  0.22  [Phase Space]   :   delta++ pi-
2:  BR:  0.2  [Phase Space]   :   N(1440)+ pi0
3:  BR:  0.1  [Phase Space]   :   proton pi0
4:  BR:  0.1  [Phase Space]   :   N(1440)0 pi+
5:  BR:  0.05  [Phase Space]   :   neutron pi+
6:  BR:  0.0366667  [Phase Space]   :   delta+ pi0


--- G4ParticleDefinition ---
 Particle Name : delta(1600)++
 PDG particle code : 32224 [PDG anti-particle code: -32224]
 Mass [GeV/c2] : 1.6     Width : 0.32
 Lifetime [nsec] : 0
 Charge [e]: 2
 Spin : 3/2
 Parity : 1
 Charge conjugation : 0
 Isospin : (I,Iz): (3/2 , 3/2 ) 
 GParity : 0
 Quark contents     (d,u,s,c,b,t) : 0, 3, 0, 0, 0, 0
 AntiQuark contents               : 0, 0, 0, 0, 0, 0
 Lepton number : 0 Baryon number : 1
 Particle type : baryon [delta(1600)]
 ShortLived : ON
G4DecayTable:  delta(1600)++
0:  BR:  0.33  [Phase Space]   :   delta++ pi0
1:  BR:  0.3  [Phase Space]   :   N(1440)+ pi+
2:  BR:  0.22  [Phase Space]   :   delta+ pi+
3:  BR:  0.15  [Phase Space]   :   proton pi+


--- G4ParticleDefinition ---
 Particle Name : delta(1600)-
 PDG particle code : 31114 [PDG anti-particle code: -31114]
 Mass [GeV/c2] : 1.6     Width : 0.32
 Lifetime [nsec] : 0
 Charge [e]: -1
 Spin : 3/2
 Parity : 1
 Charge conjugation : 0
 Isospin : (I,Iz): (3/2 , -3/2 ) 
 GParity : 0
 Quark contents     (d,u,s,c,b,t) : 3, 0, 0, 0, 0, 0
 AntiQuark contents               : 0, 0, 0, 0, 0, 0
 Lepton number : 0 Baryon number : 1
 Particle type : baryon [delta(1600)]
 ShortLived : ON
G4DecayTable:  delta(1600)-
0:  BR:  0.33  [Phase Space]   :   delta- pi0
1:  BR:  0.3  [Phase Space]   :   N(1440)0 pi-
2:  BR:  0.22  [Phase Space]   :   delta0 pi-
3:  BR:  0.15  [Phase Space]   :   neutron pi-


--- G4ParticleDefinition ---
 Particle Name : delta(1600)0
 PDG particle code : 32114 [PDG anti-particle code: -32114]
 Mass [GeV/c2] : 1.6     Width : 0.32
 Lifetime [nsec] : 0
 Charge [e]: 0
 Spin : 3/2
 Parity : 1
 Charge conjugation : 0
 Isospin : (I,Iz): (3/2 , -1/2 ) 
 GParity : 0
 Quark contents     (d,u,s,c,b,t) : 2, 1, 0, 0, 0, 0
 AntiQuark contents               : 0, 0, 0, 0, 0, 0
 Lepton number : 0 Baryon number : 1
 Particle type : baryon [delta(1600)]
 ShortLived : ON
G4DecayTable:  delta(1600)0
0:  BR:  0.293333  [Phase Space]   :   delta+ pi-
1:  BR:  0.22  [Phase Space]   :   delta- pi+
2:  BR:  0.2  [Phase Space]   :   N(1440)+ pi-
3:  BR:  0.1  [Phase Space]   :   proton pi-
4:  BR:  0.1  [Phase Space]   :   N(1440)0 pi0
5:  BR:  0.05  [Phase Space]   :   neutron pi0
6:  BR:  0.0366667  [Phase Space]   :   delta0 pi0


--- G4ParticleDefinition ---
 Particle Name : delta(1620)+
 PDG particle code : 2122 [PDG anti-particle code: -2122]
 Mass [GeV/c2] : 1.63     Width : 0.14
 Lifetime [nsec] : 0
 Charge [e]: 1
 Spin : 1/2
 Parity : -1
 Charge conjugation : 0
 Isospin : (I,Iz): (3/2 , 1/2 ) 
 GParity : 0
 Quark contents     (d,u,s,c,b,t) : 1, 2, 0, 0, 0, 0
 AntiQuark contents               : 0, 0, 0, 0, 0, 0
 Lepton number : 0 Baryon number : 1
 Particle type : baryon [delta(1620)]
 ShortLived : ON
G4DecayTable:  delta(1620)+
0:  BR:  0.32  [Phase Space]   :   delta0 pi+
1:  BR:  0.24  [Phase Space]   :   delta++ pi-
2:  BR:  0.166667  [Phase Space]   :   proton pi0
3:  BR:  0.1  [Phase Space]   :   N(1440)+ pi0
4:  BR:  0.0833333  [Phase Space]   :   neutron pi+
5:  BR:  0.05  [Phase Space]   :   N(1440)0 pi+
6:  BR:  0.04  [Phase Space]   :   delta+ pi0


--- G4ParticleDefinition ---
 Particle Name : delta(1620)++
 PDG particle code : 2222 [PDG anti-particle code: -2222]
 Mass [GeV/c2] : 1.63     Width : 0.14
 Lifetime [nsec] : 0
 Charge [e]: 2
 Spin : 1/2
 Parity : -1
 Charge conjugation : 0
 Isospin : (I,Iz): (3/2 , 3/2 ) 
 GParity : 0
 Quark contents     (d,u,s,c,b,t) : 0, 3, 0, 0, 0, 0
 AntiQuark contents               : 0, 0, 0, 0, 0, 0
 Lepton number : 0 Baryon number : 1
 Particle type : baryon [delta(1620)]
 ShortLived : ON
G4DecayTable:  delta(1620)++
0:  BR:  0.36  [Phase Space]   :   delta++ pi0
1:  BR:  0.25  [Phase Space]   :   proton pi+
2:  BR:  0.24  [Phase Space]   :   delta+ pi+
3:  BR:  0.15  [Phase Space]   :   N(1440)+ pi+


--- G4ParticleDefinition ---
 Particle Name : delta(1620)-
 PDG particle code : 1112 [PDG anti-particle code: -1112]
 Mass [GeV/c2] : 1.63     Width : 0.14
 Lifetime [nsec] : 0
 Charge [e]: -1
 Spin : 1/2
 Parity : -1
 Charge conjugation : 0
 Isospin : (I,Iz): (3/2 , -3/2 ) 
 GParity : 0
 Quark contents     (d,u,s,c,b,t) : 3, 0, 0, 0, 0, 0
 AntiQuark contents               : 0, 0, 0, 0, 0, 0
 Lepton number : 0 Baryon number : 1
 Particle type : baryon [delta(1620)]
 ShortLived : ON
G4DecayTable:  delta(1620)-
0:  BR:  0.36  [Phase Space]   :   delta- pi0
1:  BR:  0.25  [Phase Space]   :   neutron pi-
2:  BR:  0.24  [Phase Space]   :   delta0 pi-
3:  BR:  0.15  [Phase Space]   :   N(1440)0 pi-


--- G4ParticleDefinition ---
 Particle Name : delta(1620)0
 PDG particle code : 1212 [PDG anti-particle code: -1212]
 Mass [GeV/c2] : 1.63     Width : 0.14
 Lifetime [nsec] : 0
 Charge [e]: 0
 Spin : 1/2
 Parity : -1
 Charge conjugation : 0
 Isospin : (I,Iz): (3/2 , -1/2 ) 
 GParity : 0
 Quark contents     (d,u,s,c,b,t) : 2, 1, 0, 0, 0, 0
 AntiQuark contents               : 0, 0, 0, 0, 0, 0
 Lepton number : 0 Baryon number : 1
 Particle type : baryon [delta(1620)]
 ShortLived : ON
G4DecayTable:  delta(1620)0
0:  BR:  0.32  [Phase Space]   :   delta+ pi-
1:  BR:  0.24  [Phase Space]   :   delta- pi+
2:  BR:  0.166667  [Phase Space]   :   proton pi-
3:  BR:  0.1  [Phase Space]   :   N(1440)+ pi-
4:  BR:  0.0833333  [Phase Space]   :   neutron pi0
5:  BR:  0.05  [Phase Space]   :   N(1440)0 pi0
6:  BR:  0.04  [Phase Space]   :   delta0 pi0


--- G4ParticleDefinition ---
 Particle Name : delta(1700)+
 PDG particle code : 12214 [PDG anti-particle code: -12214]
 Mass [GeV/c2] : 1.7     Width : 0.3
 Lifetime [nsec] : 0
 Charge [e]: 1
 Spin : 3/2
 Parity : -1
 Charge conjugation : 0
 Isospin : (I,Iz): (3/2 , 1/2 ) 
 GParity : 0
 Quark contents     (d,u,s,c,b,t) : 1, 2, 0, 0, 0, 0
 AntiQuark contents               : 0, 0, 0, 0, 0, 0
 Lepton number : 0 Baryon number : 1
 Particle type : baryon [delta(1700)]
 ShortLived : ON
G4DecayTable:  delta(1700)+
0:  BR:  0.293333  [Phase Space]   :   delta0 pi+
1:  BR:  0.22  [Phase Space]   :   delta++ pi-
2:  BR:  0.133333  [Phase Space]   :   proton pi0
3:  BR:  0.1  [Phase Space]   :   N(1440)+ pi0
4:  BR:  0.0666667  [Phase Space]   :   neutron pi+
5:  BR:  0.0666667  [Phase Space]   :   proton rho0
6:  BR:  0.05  [Phase Space]   :   N(1440)0 pi+
7:  BR:  0.0366667  [Phase Space]   :   delta+ pi0
8:  BR:  0.0333333  [Phase Space]   :   neutron rho+


--- G4ParticleDefinition ---
 Particle Name : delta(1700)++
 PDG particle code : 12224 [PDG anti-particle code: -12224]
 Mass [GeV/c2] : 1.7     Width : 0.3
 Lifetime [nsec] : 0
 Charge [e]: 2
 Spin : 3/2
 Parity : -1
 Charge conjugation : 0
 Isospin : (I,Iz): (3/2 , 3/2 ) 
 GParity : 0
 Quark contents     (d,u,s,c,b,t) : 0, 3, 0, 0, 0, 0
 AntiQuark contents               : 0, 0, 0, 0, 0, 0
 Lepton number : 0 Baryon number : 1
 Particle type : baryon [delta(1700)]
 ShortLived : ON
G4DecayTable:  delta(1700)++
0:  BR:  0.33  [Phase Space]   :   delta++ pi0
1:  BR:  0.22  [Phase Space]   :   delta+ pi+
2:  BR:  0.2  [Phase Space]   :   proton pi+
3:  BR:  0.15  [Phase Space]   :   N(1440)+ pi+
4:  BR:  0.1  [Phase Space]   :   proton rho+


--- G4ParticleDefinition ---
 Particle Name : delta(1700)-
 PDG particle code : 11114 [PDG anti-particle code: -11114]
 Mass [GeV/c2] : 1.7     Width : 0.3
 Lifetime [nsec] : 0
 Charge [e]: -1
 Spin : 3/2
 Parity : -1
 Charge conjugation : 0
 Isospin : (I,Iz): (3/2 , -3/2 ) 
 GParity : 0
 Quark contents     (d,u,s,c,b,t) : 3, 0, 0, 0, 0, 0
 AntiQuark contents               : 0, 0, 0, 0, 0, 0
 Lepton number : 0 Baryon number : 1
 Particle type : baryon [delta(1700)]
 ShortLived : ON
G4DecayTable:  delta(1700)-
0:  BR:  0.33  [Phase Space]   :   delta- pi0
1:  BR:  0.22  [Phase Space]   :   delta0 pi-
2:  BR:  0.2  [Phase Space]   :   neutron pi-
3:  BR:  0.15  [Phase Space]   :   N(1440)0 pi-
4:  BR:  0.1  [Phase Space]   :   neutron rho-


--- G4ParticleDefinition ---
 Particle Name : delta(1700)0
 PDG particle code : 12114 [PDG anti-particle code: -12114]
 Mass [GeV/c2] : 1.7     Width : 0.3
 Lifetime [nsec] : 0
 Charge [e]: 0
 Spin : 3/2
 Parity : -1
 Charge conjugation : 0
 Isospin : (I,Iz): (3/2 , -1/2 ) 
 GParity : 0
 Quark contents     (d,u,s,c,b,t) : 2, 1, 0, 0, 0, 0
 AntiQuark contents               : 0, 0, 0, 0, 0, 0
 Lepton number : 0 Baryon number : 1
 Particle type : baryon [delta(1700)]
 ShortLived : ON
G4DecayTable:  delta(1700)0
0:  BR:  0.293333  [Phase Space]   :   delta+ pi-
1:  BR:  0.22  [Phase Space]   :   delta- pi+
2:  BR:  0.133333  [Phase Space]   :   proton pi-
3:  BR:  0.1  [Phase Space]   :   N(1440)+ pi-
4:  BR:  0.0666667  [Phase Space]   :   neutron pi0
5:  BR:  0.0666667  [Phase Space]   :   proton rho-
6:  BR:  0.05  [Phase Space]   :   N(1440)0 pi0
7:  BR:  0.0366667  [Phase Space]   :   delta0 pi0
8:  BR:  0.0333333  [Phase Space]   :   neutron rho0


--- G4ParticleDefinition ---
 Particle Name : delta(1900)+
 PDG particle code : 12122 [PDG anti-particle code: -12122]
 Mass [GeV/c2] : 1.9     Width : 0.2
 Lifetime [nsec] : 0
 Charge [e]: 1
 Spin : 1/2
 Parity : -1
 Charge conjugation : 0
 Isospin : (I,Iz): (3/2 , 1/2 ) 
 GParity : 0
 Quark contents     (d,u,s,c,b,t) : 1, 2, 0, 0, 0, 0
 AntiQuark contents               : 0, 0, 0, 0, 0, 0
 Lepton number : 0 Baryon number : 1
 Particle type : baryon [delta(1900)]
 ShortLived : ON
G4DecayTable:  delta(1900)+
0:  BR:  0.2  [Phase Space]   :   proton pi0
1:  BR:  0.166667  [Phase Space]   :   N(1440)+ pi0
2:  BR:  0.16  [Phase Space]   :   delta0 pi+
3:  BR:  0.12  [Phase Space]   :   delta++ pi-
4:  BR:  0.1  [Phase Space]   :   neutron pi+
5:  BR:  0.1  [Phase Space]   :   proton rho0
6:  BR:  0.0833333  [Phase Space]   :   N(1440)0 pi+
7:  BR:  0.05  [Phase Space]   :   neutron rho+
8:  BR:  0.02  [Phase Space]   :   delta+ pi0


--- G4ParticleDefinition ---
 Particle Name : delta(1900)++
 PDG particle code : 12222 [PDG anti-particle code: -12222]
 Mass [GeV/c2] : 1.9     Width : 0.2
 Lifetime [nsec] : 0
 Charge [e]: 2
 Spin : 1/2
 Parity : -1
 Charge conjugation : 0
 Isospin : (I,Iz): (3/2 , 3/2 ) 
 GParity : 0
 Quark contents     (d,u,s,c,b,t) : 0, 3, 0, 0, 0, 0
 AntiQuark contents               : 0, 0, 0, 0, 0, 0
 Lepton number : 0 Baryon number : 1
 Particle type : baryon [delta(1900)]
 ShortLived : ON
G4DecayTable:  delta(1900)++
0:  BR:  0.3  [Phase Space]   :   proton pi+
1:  BR:  0.25  [Phase Space]   :   N(1440)+ pi+
2:  BR:  0.18  [Phase Space]   :   delta++ pi0
3:  BR:  0.15  [Phase Space]   :   proton rho+
4:  BR:  0.12  [Phase Space]   :   delta+ pi+


--- G4ParticleDefinition ---
 Particle Name : delta(1900)-
 PDG particle code : 11112 [PDG anti-particle code: -11112]
 Mass [GeV/c2] : 1.9     Width : 0.2
 Lifetime [nsec] : 0
 Charge [e]: -1
 Spin : 1/2
 Parity : -1
 Charge conjugation : 0
 Isospin : (I,Iz): (3/2 , -3/2 ) 
 GParity : 0
 Quark contents     (d,u,s,c,b,t) : 3, 0, 0, 0, 0, 0
 AntiQuark contents               : 0, 0, 0, 0, 0, 0
 Lepton number : 0 Baryon number : 1
 Particle type : baryon [delta(1900)]
 ShortLived : ON
G4DecayTable:  delta(1900)-
0:  BR:  0.3  [Phase Space]   :   neutron pi-
1:  BR:  0.25  [Phase Space]   :   N(1440)0 pi-
2:  BR:  0.18  [Phase Space]   :   delta- pi0
3:  BR:  0.15  [Phase Space]   :   neutron rho-
4:  BR:  0.12  [Phase Space]   :   delta0 pi-


--- G4ParticleDefinition ---
 Particle Name : delta(1900)0
 PDG particle code : 11212 [PDG anti-particle code: -11212]
 Mass [GeV/c2] : 1.9     Width : 0.2
 Lifetime [nsec] : 0
 Charge [e]: 0
 Spin : 1/2
 Parity : -1
 Charge conjugation : 0
 Isospin : (I,Iz): (3/2 , -1/2 ) 
 GParity : 0
 Quark contents     (d,u,s,c,b,t) : 2, 1, 0, 0, 0, 0
 AntiQuark contents               : 0, 0, 0, 0, 0, 0
 Lepton number : 0 Baryon number : 1
 Particle type : baryon [delta(1900)]
 ShortLived : ON
G4DecayTable:  delta(1900)0
0:  BR:  0.2  [Phase Space]   :   proton pi-
1:  BR:  0.166667  [Phase Space]   :   N(1440)+ pi-
2:  BR:  0.16  [Phase Space]   :   delta+ pi-
3:  BR:  0.12  [Phase Space]   :   delta- pi+
4:  BR:  0.1  [Phase Space]   :   neutron pi0
5:  BR:  0.1  [Phase Space]   :   proton rho-
6:  BR:  0.0833333  [Phase Space]   :   N(1440)0 pi0
7:  BR:  0.05  [Phase Space]   :   neutron rho0
8:  BR:  0.02  [Phase Space]   :   delta0 pi0


--- G4ParticleDefinition ---
 Particle Name : delta(1905)+
 PDG particle code : 2126 [PDG anti-particle code: -2126]
 Mass [GeV/c2] : 1.88     Width : 0.33
 Lifetime [nsec] : 0
 Charge [e]: 1
 Spin : 5/2
 Parity : 1
 Charge conjugation : 0
 Isospin : (I,Iz): (3/2 , 1/2 ) 
 GParity : 0
 Quark contents     (d,u,s,c,b,t) : 1, 2, 0, 0, 0, 0
 AntiQuark contents               : 0, 0, 0, 0, 0, 0
 Lepton number : 0 Baryon number : 1
 Particle type : baryon [delta(1905)]
 ShortLived : ON
G4DecayTable:  delta(1905)+
0:  BR:  0.4  [Phase Space]   :   proton rho0
1:  BR:  0.2  [Phase Space]   :   neutron rho+
2:  BR:  0.133333  [Phase Space]   :   proton pi0
3:  BR:  0.0666667  [Phase Space]   :   neutron pi+
4:  BR:  0.0666667  [Phase Space]   :   N(1440)+ pi0
5:  BR:  0.0533333  [Phase Space]   :   delta0 pi+
6:  BR:  0.04  [Phase Space]   :   delta++ pi-
7:  BR:  0.0333333  [Phase Space]   :   N(1440)0 pi+
8:  BR:  0.00666667  [Phase Space]   :   delta+ pi0


--- G4ParticleDefinition ---
 Particle Name : delta(1905)++
 PDG particle code : 2226 [PDG anti-particle code: -2226]
 Mass [GeV/c2] : 1.88     Width : 0.33
 Lifetime [nsec] : 0
 Charge [e]: 2
 Spin : 5/2
 Parity : 1
 Charge conjugation : 0
 Isospin : (I,Iz): (3/2 , 3/2 ) 
 GParity : 0
 Quark contents     (d,u,s,c,b,t) : 0, 3, 0, 0, 0, 0
 AntiQuark contents               : 0, 0, 0, 0, 0, 0
 Lepton number : 0 Baryon number : 1
 Particle type : baryon [delta(1905)]
 ShortLived : ON
G4DecayTable:  delta(1905)++
0:  BR:  0.6  [Phase Space]   :   proton rho+
1:  BR:  0.2  [Phase Space]   :   proton pi+
2:  BR:  0.1  [Phase Space]   :   N(1440)+ pi+
3:  BR:  0.06  [Phase Space]   :   delta++ pi0
4:  BR:  0.04  [Phase Space]   :   delta+ pi+


--- G4ParticleDefinition ---
 Particle Name : delta(1905)-
 PDG particle code : 1116 [PDG anti-particle code: -1116]
 Mass [GeV/c2] : 1.88     Width : 0.33
 Lifetime [nsec] : 0
 Charge [e]: -1
 Spin : 5/2
 Parity : 1
 Charge conjugation : 0
 Isospin : (I,Iz): (3/2 , -3/2 ) 
 GParity : 0
 Quark contents     (d,u,s,c,b,t) : 3, 0, 0, 0, 0, 0
 AntiQuark contents               : 0, 0, 0, 0, 0, 0
 Lepton number : 0 Baryon number : 1
 Particle type : baryon [delta(1905)]
 ShortLived : ON
G4DecayTable:  delta(1905)-
0:  BR:  0.6  [Phase Space]   :   neutron rho-
1:  BR:  0.2  [Phase Space]   :   neutron pi-
2:  BR:  0.1  [Phase Space]   :   N(1440)0 pi-
3:  BR:  0.06  [Phase Space]   :   delta- pi0
4:  BR:  0.04  [Phase Space]   :   delta0 pi-


--- G4ParticleDefinition ---
 Particle Name : delta(1905)0
 PDG particle code : 1216 [PDG anti-particle code: -1216]
 Mass [GeV/c2] : 1.88     Width : 0.33
 Lifetime [nsec] : 0
 Charge [e]: 0
 Spin : 5/2
 Parity : 1
 Charge conjugation : 0
 Isospin : (I,Iz): (3/2 , -1/2 ) 
 GParity : 0
 Quark contents     (d,u,s,c,b,t) : 2, 1, 0, 0, 0, 0
 AntiQuark contents               : 0, 0, 0, 0, 0, 0
 Lepton number : 0 Baryon number : 1
 Particle type : baryon [delta(1905)]
 ShortLived : ON
G4DecayTable:  delta(1905)0
0:  BR:  0.4  [Phase Space]   :   proton rho-
1:  BR:  0.2  [Phase Space]   :   neutron rho0
2:  BR:  0.133333  [Phase Space]   :   proton pi-
3:  BR:  0.0666667  [Phase Space]   :   neutron pi0
4:  BR:  0.0666667  [Phase Space]   :   N(1440)+ pi-
5:  BR:  0.0533333  [Phase Space]   :   delta+ pi-
6:  BR:  0.04  [Phase Space]   :   delta- pi+
7:  BR:  0.0333333  [Phase Space]   :   N(1440)0 pi0
8:  BR:  0.00666667  [Phase Space]   :   delta0 pi0


--- G4ParticleDefinition ---
 Particle Name : delta(1910)+
 PDG particle code : 22122 [PDG anti-particle code: -22122]
 Mass [GeV/c2] : 1.89     Width : 0.28
 Lifetime [nsec] : 0
 Charge [e]: 1
 Spin : 1/2
 Parity : 1
 Charge conjugation : 0
 Isospin : (I,Iz): (3/2 , 1/2 ) 
 GParity : 0
 Quark contents     (d,u,s,c,b,t) : 1, 2, 0, 0, 0, 0
 AntiQuark contents               : 0, 0, 0, 0, 0, 0
 Lepton number : 0 Baryon number : 1
 Particle type : baryon [delta(1910)]
 ShortLived : ON
G4DecayTable:  delta(1910)+
0:  BR:  0.266667  [Phase Space]   :   proton rho0
1:  BR:  0.233333  [Phase Space]   :   proton pi0
2:  BR:  0.133333  [Phase Space]   :   neutron rho+
3:  BR:  0.116667  [Phase Space]   :   neutron pi+
4:  BR:  0.08  [Phase Space]   :   delta0 pi+
5:  BR:  0.0666667  [Phase Space]   :   N(1440)+ pi0
6:  BR:  0.06  [Phase Space]   :   delta++ pi-
7:  BR:  0.0333333  [Phase Space]   :   N(1440)0 pi+
8:  BR:  0.01  [Phase Space]   :   delta+ pi0


--- G4ParticleDefinition ---
 Particle Name : delta(1910)++
 PDG particle code : 22222 [PDG anti-particle code: -22222]
 Mass [GeV/c2] : 1.89     Width : 0.28
 Lifetime [nsec] : 0
 Charge [e]: 2
 Spin : 1/2
 Parity : 1
 Charge conjugation : 0
 Isospin : (I,Iz): (3/2 , 3/2 ) 
 GParity : 0
 Quark contents     (d,u,s,c,b,t) : 0, 3, 0, 0, 0, 0
 AntiQuark contents               : 0, 0, 0, 0, 0, 0
 Lepton number : 0 Baryon number : 1
 Particle type : baryon [delta(1910)]
 ShortLived : ON
G4DecayTable:  delta(1910)++
0:  BR:  0.4  [Phase Space]   :   proton rho+
1:  BR:  0.35  [Phase Space]   :   proton pi+
2:  BR:  0.1  [Phase Space]   :   N(1440)+ pi+
3:  BR:  0.09  [Phase Space]   :   delta++ pi0
4:  BR:  0.06  [Phase Space]   :   delta+ pi+


--- G4ParticleDefinition ---
 Particle Name : delta(1910)-
 PDG particle code : 21112 [PDG anti-particle code: -21112]
 Mass [GeV/c2] : 1.89     Width : 0.28
 Lifetime [nsec] : 0
 Charge [e]: -1
 Spin : 1/2
 Parity : 1
 Charge conjugation : 0
 Isospin : (I,Iz): (3/2 , -3/2 ) 
 GParity : 0
 Quark contents     (d,u,s,c,b,t) : 3, 0, 0, 0, 0, 0
 AntiQuark contents               : 0, 0, 0, 0, 0, 0
 Lepton number : 0 Baryon number : 1
 Particle type : baryon [delta(1910)]
 ShortLived : ON
G4DecayTable:  delta(1910)-
0:  BR:  0.4  [Phase Space]   :   neutron rho-
1:  BR:  0.35  [Phase Space]   :   neutron pi-
2:  BR:  0.1  [Phase Space]   :   N(1440)0 pi-
3:  BR:  0.09  [Phase Space]   :   delta- pi0
4:  BR:  0.06  [Phase Space]   :   delta0 pi-


--- G4ParticleDefinition ---
 Particle Name : delta(1910)0
 PDG particle code : 21212 [PDG anti-particle code: -21212]
 Mass [GeV/c2] : 1.89     Width : 0.28
 Lifetime [nsec] : 0
 Charge [e]: 0
 Spin : 1/2
 Parity : 1
 Charge conjugation : 0
 Isospin : (I,Iz): (3/2 , -1/2 ) 
 GParity : 0
 Quark contents     (d,u,s,c,b,t) : 2, 1, 0, 0, 0, 0
 AntiQuark contents               : 0, 0, 0, 0, 0, 0
 Lepton number : 0 Baryon number : 1
 Particle type : baryon [delta(1910)]
 ShortLived : ON
G4DecayTable:  delta(1910)0
0:  BR:  0.266667  [Phase Space]   :   proton rho-
1:  BR:  0.233333  [Phase Space]   :   proton pi-
2:  BR:  0.133333  [Phase Space]   :   neutron rho0
3:  BR:  0.116667  [Phase Space]   :   neutron pi0
4:  BR:  0.08  [Phase Space]   :   delta+ pi-
5:  BR:  0.0666667  [Phase Space]   :   N(1440)+ pi-
6:  BR:  0.06  [Phase Space]   :   delta- pi+
7:  BR:  0.0333333  [Phase Space]   :   N(1440)0 pi0
8:  BR:  0.01  [Phase Space]   :   delta0 pi0


--- G4ParticleDefinition ---
 Particle Name : delta(1920)+
 PDG particle code : 22214 [PDG anti-particle code: -22214]
 Mass [GeV/c2] : 1.92     Width : 0.26
 Lifetime [nsec] : 0
 Charge [e]: 1
 Spin : 3/2
 Parity : 1
 Charge conjugation : 0
 Isospin : (I,Iz): (3/2 , 1/2 ) 
 GParity : 0
 Quark contents     (d,u,s,c,b,t) : 1, 2, 0, 0, 0, 0
 AntiQuark contents               : 0, 0, 0, 0, 0, 0
 Lepton number : 0 Baryon number : 1
 Particle type : baryon [delta(1920)]
 ShortLived : ON
G4DecayTable:  delta(1920)+
0:  BR:  0.2  [Phase Space]   :   proton rho0
1:  BR:  0.166667  [Phase Space]   :   N(1440)+ pi0
2:  BR:  0.16  [Phase Space]   :   delta0 pi+
3:  BR:  0.12  [Phase Space]   :   delta++ pi-
4:  BR:  0.1  [Phase Space]   :   proton pi0
5:  BR:  0.1  [Phase Space]   :   neutron rho+
6:  BR:  0.0833333  [Phase Space]   :   N(1440)0 pi+
7:  BR:  0.05  [Phase Space]   :   neutron pi+
8:  BR:  0.02  [Phase Space]   :   delta+ pi0


--- G4ParticleDefinition ---
 Particle Name : delta(1920)++
 PDG particle code : 22224 [PDG anti-particle code: -22224]
 Mass [GeV/c2] : 1.92     Width : 0.26
 Lifetime [nsec] : 0
 Charge [e]: 2
 Spin : 3/2
 Parity : 1
 Charge conjugation : 0
 Isospin : (I,Iz): (3/2 , 3/2 ) 
 GParity : 0
 Quark contents     (d,u,s,c,b,t) : 0, 3, 0, 0, 0, 0
 AntiQuark contents               : 0, 0, 0, 0, 0, 0
 Lepton number : 0 Baryon number : 1
 Particle type : baryon [delta(1920)]
 ShortLived : ON
G4DecayTable:  delta(1920)++
0:  BR:  0.3  [Phase Space]   :   proton rho+
1:  BR:  0.25  [Phase Space]   :   N(1440)+ pi+
2:  BR:  0.18  [Phase Space]   :   delta++ pi0
3:  BR:  0.15  [Phase Space]   :   proton pi+
4:  BR:  0.12  [Phase Space]   :   delta+ pi+


--- G4ParticleDefinition ---
 Particle Name : delta(1920)-
 PDG particle code : 21114 [PDG anti-particle code: -21114]
 Mass [GeV/c2] : 1.92     Width : 0.26
 Lifetime [nsec] : 0
 Charge [e]: -1
 Spin : 3/2
 Parity : 1
 Charge conjugation : 0
 Isospin : (I,Iz): (3/2 , -3/2 ) 
 GParity : 0
 Quark contents     (d,u,s,c,b,t) : 3, 0, 0, 0, 0, 0
 AntiQuark contents               : 0, 0, 0, 0, 0, 0
 Lepton number : 0 Baryon number : 1
 Particle type : baryon [delta(1920)]
 ShortLived : ON
G4DecayTable:  delta(1920)-
0:  BR:  0.3  [Phase Space]   :   neutron rho-
1:  BR:  0.25  [Phase Space]   :   N(1440)0 pi-
2:  BR:  0.18  [Phase Space]   :   delta- pi0
3:  BR:  0.15  [Phase Space]   :   neutron pi-
4:  BR:  0.12  [Phase Space]   :   delta0 pi-


--- G4ParticleDefinition ---
 Particle Name : delta(1920)0
 PDG particle code : 22114 [PDG anti-particle code: -22114]
 Mass [GeV/c2] : 1.92     Width : 0.26
 Lifetime [nsec] : 0
 Charge [e]: 0
 Spin : 3/2
 Parity : 1
 Charge conjugation : 0
 Isospin : (I,Iz): (3/2 , -1/2 ) 
 GParity : 0
 Quark contents     (d,u,s,c,b,t) : 2, 1, 0, 0, 0, 0
 AntiQuark contents               : 0, 0, 0, 0, 0, 0
 Lepton number : 0 Baryon number : 1
 Particle type : baryon [delta(1920)]
 ShortLived : ON
G4DecayTable:  delta(1920)0
0:  BR:  0.2  [Phase Space]   :   proton rho-
1:  BR:  0.166667  [Phase Space]   :   N(1440)+ pi-
2:  BR:  0.16  [Phase Space]   :   delta+ pi-
3:  BR:  0.12  [Phase Space]   :   delta- pi+
4:  BR:  0.1  [Phase Space]   :   proton pi-
5:  BR:  0.1  [Phase Space]   :   neutron rho0
6:  BR:  0.0833333  [Phase Space]   :   N(1440)0 pi0
7:  BR:  0.05  [Phase Space]   :   neutron pi0
8:  BR:  0.02  [Phase Space]   :   delta0 pi0


--- G4ParticleDefinition ---
 Particle Name : delta(1930)+
 PDG particle code : 12126 [PDG anti-particle code: -12126]
 Mass [GeV/c2] : 1.95     Width : 0.36
 Lifetime [nsec] : 0
 Charge [e]: 1
 Spin : 5/2
 Parity : -1
 Charge conjugation : 0
 Isospin : (I,Iz): (3/2 , 1/2 ) 
 GParity : 0
 Quark contents     (d,u,s,c,b,t) : 1, 2, 0, 0, 0, 0
 AntiQuark contents               : 0, 0, 0, 0, 0, 0
 Lepton number : 0 Baryon number : 1
 Particle type : baryon [delta(1930)]
 ShortLived : ON
G4DecayTable:  delta(1930)+
0:  BR:  0.2  [Phase Space]   :   N(1440)+ pi0
1:  BR:  0.166667  [Phase Space]   :   proton rho0
2:  BR:  0.133333  [Phase Space]   :   proton pi0
3:  BR:  0.133333  [Phase Space]   :   delta0 pi+
4:  BR:  0.1  [Phase Space]   :   delta++ pi-
5:  BR:  0.1  [Phase Space]   :   N(1440)0 pi+
6:  BR:  0.0833333  [Phase Space]   :   neutron rho+
7:  BR:  0.0666667  [Phase Space]   :   neutron pi+
8:  BR:  0.0166667  [Phase Space]   :   delta+ pi0


--- G4ParticleDefinition ---
 Particle Name : delta(1930)++
 PDG particle code : 12226 [PDG anti-particle code: -12226]
 Mass [GeV/c2] : 1.95     Width : 0.36
 Lifetime [nsec] : 0
 Charge [e]: 2
 Spin : 5/2
 Parity : -1
 Charge conjugation : 0
 Isospin : (I,Iz): (3/2 , 3/2 ) 
 GParity : 0
 Quark contents     (d,u,s,c,b,t) : 0, 3, 0, 0, 0, 0
 AntiQuark contents               : 0, 0, 0, 0, 0, 0
 Lepton number : 0 Baryon number : 1
 Particle type : baryon [delta(1930)]
 ShortLived : ON
G4DecayTable:  delta(1930)++
0:  BR:  0.3  [Phase Space]   :   N(1440)+ pi+
1:  BR:  0.25  [Phase Space]   :   proton rho+
2:  BR:  0.2  [Phase Space]   :   proton pi+
3:  BR:  0.15  [Phase Space]   :   delta++ pi0
4:  BR:  0.1  [Phase Space]   :   delta+ pi+


--- G4ParticleDefinition ---
 Particle Name : delta(1930)-
 PDG particle code : 11116 [PDG anti-particle code: -11116]
 Mass [GeV/c2] : 1.95     Width : 0.36
 Lifetime [nsec] : 0
 Charge [e]: -1
 Spin : 5/2
 Parity : -1
 Charge conjugation : 0
 Isospin : (I,Iz): (3/2 , -3/2 ) 
 GParity : 0
 Quark contents     (d,u,s,c,b,t) : 3, 0, 0, 0, 0, 0
 AntiQuark contents               : 0, 0, 0, 0, 0, 0
 Lepton number : 0 Baryon number : 1
 Particle type : baryon [delta(1930)]
 ShortLived : ON
G4DecayTable:  delta(1930)-
0:  BR:  0.3  [Phase Space]   :   N(1440)0 pi-
1:  BR:  0.25  [Phase Space]   :   neutron rho-
2:  BR:  0.2  [Phase Space]   :   neutron pi-
3:  BR:  0.15  [Phase Space]   :   delta- pi0
4:  BR:  0.1  [Phase Space]   :   delta0 pi-


--- G4ParticleDefinition ---
 Particle Name : delta(1930)0
 PDG particle code : 11216 [PDG anti-particle code: -11216]
 Mass [GeV/c2] : 1.95     Width : 0.36
 Lifetime [nsec] : 0
 Charge [e]: 0
 Spin : 5/2
 Parity : -1
 Charge conjugation : 0
 Isospin : (I,Iz): (3/2 , -1/2 ) 
 GParity : 0
 Quark contents     (d,u,s,c,b,t) : 2, 1, 0, 0, 0, 0
 AntiQuark contents               : 0, 0, 0, 0, 0, 0
 Lepton number : 0 Baryon number : 1
 Particle type : baryon [delta(1930)]
 ShortLived : ON
G4DecayTable:  delta(1930)0
0:  BR:  0.2  [Phase Space]   :   N(1440)+ pi-
1:  BR:  0.166667  [Phase Space]   :   proton rho-
2:  BR:  0.133333  [Phase Space]   :   proton pi-
3:  BR:  0.133333  [Phase Space]   :   delta+ pi-
4:  BR:  0.1  [Phase Space]   :   delta- pi+
5:  BR:  0.1  [Phase Space]   :   N(1440)0 pi0
6:  BR:  0.0833333  [Phase Space]   :   neutron rho0
7:  BR:  0.0666667  [Phase Space]   :   neutron pi0
8:  BR:  0.0166667  [Phase Space]   :   delta0 pi0


--- G4ParticleDefinition ---
 Particle Name : delta(1950)+
 PDG particle code : 2218 [PDG anti-particle code: -2218]
 Mass [GeV/c2] : 1.93     Width : 0.28
 Lifetime [nsec] : 0
 Charge [e]: 1
 Spin : 7/2
 Parity : 1
 Charge conjugation : 0
 Isospin : (I,Iz): (3/2 , 1/2 ) 
 GParity : 0
 Quark contents     (d,u,s,c,b,t) : 1, 2, 0, 0, 0, 0
 AntiQuark contents               : 0, 0, 0, 0, 0, 0
 Lepton number : 0 Baryon number : 1
 Particle type : baryon [delta(1950)]
 ShortLived : ON
G4DecayTable:  delta(1950)+
0:  BR:  0.293333  [Phase Space]   :   proton pi0
1:  BR:  0.146667  [Phase Space]   :   neutron pi+
2:  BR:  0.133333  [Phase Space]   :   N(1440)+ pi0
3:  BR:  0.106667  [Phase Space]   :   delta0 pi+
4:  BR:  0.1  [Phase Space]   :   proton rho0
5:  BR:  0.08  [Phase Space]   :   delta++ pi-
6:  BR:  0.0666667  [Phase Space]   :   N(1440)0 pi+
7:  BR:  0.05  [Phase Space]   :   neutron rho+
8:  BR:  0.0133333  [Phase Space]   :   delta+ pi0
9:  BR:  0.01  [Phase Space]   :   proton gamma


--- G4ParticleDefinition ---
 Particle Name : delta(1950)++
 PDG particle code : 2228 [PDG anti-particle code: -2228]
 Mass [GeV/c2] : 1.93     Width : 0.28
 Lifetime [nsec] : 0
 Charge [e]: 2
 Spin : 7/2
 Parity : 1
 Charge conjugation : 0
 Isospin : (I,Iz): (3/2 , 3/2 ) 
 GParity : 0
 Quark contents     (d,u,s,c,b,t) : 0, 3, 0, 0, 0, 0
 AntiQuark contents               : 0, 0, 0, 0, 0, 0
 Lepton number : 0 Baryon number : 1
 Particle type : baryon [delta(1950)]
 ShortLived : ON
G4DecayTable:  delta(1950)++
0:  BR:  0.44  [Phase Space]   :   proton pi+
1:  BR:  0.2  [Phase Space]   :   N(1440)+ pi+
2:  BR:  0.15  [Phase Space]   :   proton rho+
3:  BR:  0.12  [Phase Space]   :   delta++ pi0
4:  BR:  0.08  [Phase Space]   :   delta+ pi+


--- G4ParticleDefinition ---
 Particle Name : delta(1950)-
 PDG particle code : 1118 [PDG anti-particle code: -1118]
 Mass [GeV/c2] : 1.93     Width : 0.28
 Lifetime [nsec] : 0
 Charge [e]: -1
 Spin : 7/2
 Parity : 1
 Charge conjugation : 0
 Isospin : (I,Iz): (3/2 , -3/2 ) 
 GParity : 0
 Quark contents     (d,u,s,c,b,t) : 3, 0, 0, 0, 0, 0
 AntiQuark contents               : 0, 0, 0, 0, 0, 0
 Lepton number : 0 Baryon number : 1
 Particle type : baryon [delta(1950)]
 ShortLived : ON
G4DecayTable:  delta(1950)-
0:  BR:  0.44  [Phase Space]   :   neutron pi-
1:  BR:  0.2  [Phase Space]   :   N(1440)0 pi-
2:  BR:  0.15  [Phase Space]   :   neutron rho-
3:  BR:  0.12  [Phase Space]   :   delta- pi0
4:  BR:  0.08  [Phase Space]   :   delta0 pi-


--- G4ParticleDefinition ---
 Particle Name : delta(1950)0
 PDG particle code : 2118 [PDG anti-particle code: -2118]
 Mass [GeV/c2] : 1.93     Width : 0.28
 Lifetime [nsec] : 0
 Charge [e]: 0
 Spin : 7/2
 Parity : 1
 Charge conjugation : 0
 Isospin : (I,Iz): (3/2 , -1/2 ) 
 GParity : 0
 Quark contents     (d,u,s,c,b,t) : 2, 1, 0, 0, 0, 0
 AntiQuark contents               : 0, 0, 0, 0, 0, 0
 Lepton number : 0 Baryon number : 1
 Particle type : baryon [delta(1950)]
 ShortLived : ON
G4DecayTable:  delta(1950)0
0:  BR:  0.293333  [Phase Space]   :   proton pi-
1:  BR:  0.146667  [Phase Space]   :   neutron pi0
2:  BR:  0.133333  [Phase Space]   :   N(1440)+ pi-
3:  BR:  0.106667  [Phase Space]   :   delta+ pi-
4:  BR:  0.1  [Phase Space]   :   proton rho-
5:  BR:  0.08  [Phase Space]   :   delta- pi+
6:  BR:  0.0666667  [Phase Space]   :   N(1440)0 pi0
7:  BR:  0.05  [Phase Space]   :   neutron rho0
8:  BR:  0.0133333  [Phase Space]   :   delta0 pi0
9:  BR:  0.01  [Phase Space]   :   neutron gamma


--- G4ParticleDefinition ---
 Particle Name : delta+
 PDG particle code : 2214 [PDG anti-particle code: -2214]
 Mass [GeV/c2] : 1.232     Width : 0.12
 Lifetime [nsec] : 0
 Charge [e]: 1
 Spin : 3/2
 Parity : 1
 Charge conjugation : 0
 Isospin : (I,Iz): (3/2 , 1/2 ) 
 GParity : 0
 Quark contents     (d,u,s,c,b,t) : 1, 2, 0, 0, 0, 0
 AntiQuark contents               : 0, 0, 0, 0, 0, 0
 Lepton number : 0 Baryon number : 1
 Particle type : baryon [delta(1232)]
 ShortLived : ON
G4DecayTable:  delta+
0:  BR:  0.495  [Phase Space]   :   proton pi0
1:  BR:  0.495  [Phase Space]   :   neutron pi+
2:  BR:  0.01  [Phase Space]   :   proton gamma


--- G4ParticleDefinition ---
 Particle Name : delta++
 PDG particle code : 2224 [PDG anti-particle code: -2224]
 Mass [GeV/c2] : 1.232     Width : 0.12
 Lifetime [nsec] : 0
 Charge [e]: 2
 Spin : 3/2
 Parity : 1
 Charge conjugation : 0
 Isospin : (I,Iz): (3/2 , 3/2 ) 
 GParity : 0
 Quark contents     (d,u,s,c,b,t) : 0, 3, 0, 0, 0, 0
 AntiQuark contents               : 0, 0, 0, 0, 0, 0
 Lepton number : 0 Baryon number : 1
 Particle type : baryon [delta]
 ShortLived : ON
G4DecayTable:  delta++
0:  BR:  1  [Phase Space]   :   proton pi+


--- G4ParticleDefinition ---
 Particle Name : delta-
 PDG particle code : 1114 [PDG anti-particle code: -1114]
 Mass [GeV/c2] : 1.232     Width : 0.117
 Lifetime [nsec] : 0
 Charge [e]: -1
 Spin : 3/2
 Parity : 1
 Charge conjugation : 0
 Isospin : (I,Iz): (3/2 , -3/2 ) 
 GParity : 0
 Quark contents     (d,u,s,c,b,t) : 3, 0, 0, 0, 0, 0
 AntiQuark contents               : 0, 0, 0, 0, 0, 0
 Lepton number : 0 Baryon number : 1
 Particle type : baryon [delta(1232)]
 ShortLived : ON
G4DecayTable:  delta-
0:  BR:  1  [Phase Space]   :   neutron pi-


--- G4ParticleDefinition ---
 Particle Name : delta0
 PDG particle code : 2114 [PDG anti-particle code: -2114]
 Mass [GeV/c2] : 1.232     Width : 0.12
 Lifetime [nsec] : 0
 Charge [e]: 0
 Spin : 3/2
 Parity : 1
 Charge conjugation : 0
 Isospin : (I,Iz): (3/2 , -1/2 ) 
 GParity : 0
 Quark contents     (d,u,s,c,b,t) : 2, 1, 0, 0, 0, 0
 AntiQuark contents               : 0, 0, 0, 0, 0, 0
 Lepton number : 0 Baryon number : 1
 Particle type : baryon [delta(1232)]
 ShortLived : ON
G4DecayTable:  delta0
0:  BR:  0.495  [Phase Space]   :   proton pi-
1:  BR:  0.495  [Phase Space]   :   neutron pi0
2:  BR:  0.01  [Phase Space]   :   neutron gamma


--- G4ParticleDefinition ---
 Particle Name : deuteron
 PDG particle code : 1000010020 [PDG anti-particle code: -1000010020]
 Mass [GeV/c2] : 1.87561     Width : 0
 Lifetime [nsec] : -1
 Charge [e]: 1
 Spin : 2/2
 Parity : 1
 Charge conjugation : 0
 Isospin : (I,Iz): (0/2 , 0/2 ) 
 GParity : 0
 MagneticMoment [MeV/T] : 2.70303e-14
 Quark contents     (d,u,s,c,b,t) : 3, 3, 0, 0, 0, 0
 AntiQuark contents               : 0, 0, 0, 0, 0, 0
 Lepton number : 0 Baryon number : 2
 Particle type : nucleus [static]
 Atomic Number : 1  Atomic Mass : 2
 Stable : stable

--- G4ParticleDefinition ---
 Particle Name : e+
 PDG particle code : -11 [PDG anti-particle code: 11]
 Mass [GeV/c2] : 0.000510999     Width : 0
 Lifetime [nsec] : -1
 Charge [e]: 1
 Spin : 1/2
 Parity : 0
 Charge conjugation : 0
 Isospin : (I,Iz): (0/2 , 0/2 ) 
 GParity : 0
 MagneticMoment [MeV/T] : 5.79509e-11
 Quark contents     (d,u,s,c,b,t) : 0, 0, 0, 0, 0, 0
 AntiQuark contents               : 0, 0, 0, 0, 0, 0
 Lepton number : -1 Baryon number : 0
 Particle type : lepton [e]
 Stable : stable

--- G4ParticleDefinition ---
 Particle Name : e-
 PDG particle code : 11 [PDG anti-particle code: -11]
 Mass [GeV/c2] : 0.000510999     Width : 0
 Lifetime [nsec] : -1
 Charge [e]: -1
 Spin : 1/2
 Parity : 0
 Charge conjugation : 0
 Isospin : (I,Iz): (0/2 , 0/2 ) 
 GParity : 0
 MagneticMoment [MeV/T] : -5.79509e-11
 Quark contents     (d,u,s,c,b,t) : 0, 0, 0, 0, 0, 0
 AntiQuark contents               : 0, 0, 0, 0, 0, 0
 Lepton number : 1 Baryon number : 0
 Particle type : lepton [e]
 Stable : stable

--- G4ParticleDefinition ---
 Particle Name : eta
 PDG particle code : 221 [PDG anti-particle code: 221]
 Mass [GeV/c2] : 0.547862     Width : 1.31e-06
 Lifetime [nsec] : 0
 Charge [e]: 0
 Spin : 0/2
 Parity : -1
 Charge conjugation : 1
 Isospin : (I,Iz): (0/2 , 0/2 ) 
 GParity : 1
 Quark contents     (d,u,s,c,b,t) : 0, 1, 0, 0, 0, 0
 AntiQuark contents               : 0, 1, 0, 0, 0, 0
 Lepton number : 0 Baryon number : 0
 Particle type : meson [eta]
G4DecayTable:  eta
0:  BR:  0.3942  [Phase Space]   :   gamma gamma
1:  BR:  0.3256  [Phase Space]   :   pi0 pi0 pi0
2:  BR:  0.226  [Phase Space]   :   pi0 pi+ pi-
3:  BR:  0.0468  [Phase Space]   :   gamma pi+ pi-


--- G4ParticleDefinition ---
 Particle Name : eta(1295)
 PDG particle code : 100221 [PDG anti-particle code: 100221]
 Mass [GeV/c2] : 1.294     Width : 0.055
 Lifetime [nsec] : 0
 Charge [e]: 0
 Spin : 0/2
 Parity : -1
 Charge conjugation : 1
 Isospin : (I,Iz): (0/2 , 0/2 ) 
 GParity : 1
 Quark contents     (d,u,s,c,b,t) : 0, 1, 0, 0, 0, 0
 AntiQuark contents               : 0, 1, 0, 0, 0, 0
 Lepton number : 0 Baryon number : 0
 Particle type : meson [eta(1295)]
 ShortLived : ON
G4DecayTable:  eta(1295)
0:  BR:  0.666667  [Phase Space]   :   eta pi+ pi-
1:  BR:  0.333333  [Phase Space]   :   eta pi0 pi0


--- G4ParticleDefinition ---
 Particle Name : eta(1405)
 PDG particle code : 9020221 [PDG anti-particle code: 9020221]
 Mass [GeV/c2] : 1.4088     Width : 0.051
 Lifetime [nsec] : 0
 Charge [e]: 0
 Spin : 0/2
 Parity : -1
 Charge conjugation : 1
 Isospin : (I,Iz): (0/2 , 0/2 ) 
 GParity : 1
 Quark contents     (d,u,s,c,b,t) : 0, 1, 0, 0, 0, 0
 AntiQuark contents               : 0, 1, 0, 0, 0, 0
 Lepton number : 0 Baryon number : 0
 Particle type : meson [eta(1405)]
 ShortLived : ON
G4DecayTable:  eta(1405)
0:  BR:  1  [Phase Space]   :   rho+ rho-


--- G4ParticleDefinition ---
 Particle Name : eta(1475)
 PDG particle code : 100331 [PDG anti-particle code: 100331]
 Mass [GeV/c2] : 1.476     Width : 0.085
 Lifetime [nsec] : 0
 Charge [e]: 0
 Spin : 0/2
 Parity : -1
 Charge conjugation : 1
 Isospin : (I,Iz): (0/2 , 0/2 ) 
 GParity : 1
 Quark contents     (d,u,s,c,b,t) : 0, 0, 1, 0, 0, 0
 AntiQuark contents               : 0, 0, 1, 0, 0, 0
 Lepton number : 0 Baryon number : 0
 Particle type : meson [eta(1475)]
 ShortLived : ON
G4DecayTable:  eta(1475)
0:  BR:  0.2  [Phase Space]   :   kaon+ anti_kaon0 pi-
1:  BR:  0.2  [Phase Space]   :   kaon- kaon0 pi+
2:  BR:  0.133333  [Phase Space]   :   eta pi+ pi-
3:  BR:  0.1  [Phase Space]   :   kaon+ kaon- pi0
4:  BR:  0.1  [Phase Space]   :   kaon0 anti_kaon0 pi0
5:  BR:  0.0666667  [Phase Space]   :   eta pi0 pi0
6:  BR:  0.05  [Phase Space]   :   kaon+ k_star-
7:  BR:  0.05  [Phase Space]   :   kaon- k_star0
8:  BR:  0.05  [Phase Space]   :   kaon0 anti_k_star0
9:  BR:  0.05  [Phase Space]   :   anti_kaon0 k_star0


--- G4ParticleDefinition ---
 Particle Name : eta2(1645)
 PDG particle code : 10225 [PDG anti-particle code: 10225]
 Mass [GeV/c2] : 1.617     Width : 0.181
 Lifetime [nsec] : 0
 Charge [e]: 0
 Spin : 4/2
 Parity : -1
 Charge conjugation : 1
 Isospin : (I,Iz): (0/2 , 0/2 ) 
 GParity : 1
 Quark contents     (d,u,s,c,b,t) : 0, 1, 0, 0, 0, 0
 AntiQuark contents               : 0, 1, 0, 0, 0, 0
 Lepton number : 0 Baryon number : 0
 Particle type : meson [eta2(1645)]
 ShortLived : ON
G4DecayTable:  eta2(1645)
0:  BR:  0.3  [Phase Space]   :   pi+ a2(1320)-
1:  BR:  0.3  [Phase Space]   :   pi0 a2(1320)0
2:  BR:  0.3  [Phase Space]   :   pi- a2(1320)+
3:  BR:  0.0333333  [Phase Space]   :   kaon+ anti_kaon0 pi-
4:  BR:  0.0333333  [Phase Space]   :   kaon- kaon0 pi+
5:  BR:  0.0166667  [Phase Space]   :   kaon+ kaon- pi0
6:  BR:  0.0166667  [Phase Space]   :   kaon0 anti_kaon0 pi0


--- G4ParticleDefinition ---
 Particle Name : eta2(1870)
 PDG particle code : 10335 [PDG anti-particle code: 10335]
 Mass [GeV/c2] : 1.842     Width : 0.225
 Lifetime [nsec] : 0
 Charge [e]: 0
 Spin : 4/2
 Parity : -1
 Charge conjugation : 1
 Isospin : (I,Iz): (0/2 , 0/2 ) 
 GParity : 1
 Quark contents     (d,u,s,c,b,t) : 0, 0, 1, 0, 0, 0
 AntiQuark contents               : 0, 0, 1, 0, 0, 0
 Lepton number : 0 Baryon number : 0
 Particle type : meson [eta2(1870)]
 ShortLived : ON
G4DecayTable:  eta2(1870)
0:  BR:  0.25  [Phase Space]   :   pi+ pi- pi+ pi-
1:  BR:  0.25  [Phase Space]   :   pi+ pi- pi0 pi0
2:  BR:  0.166667  [Phase Space]   :   pi+ a2(1320)-
3:  BR:  0.166667  [Phase Space]   :   pi0 a2(1320)0
4:  BR:  0.166667  [Phase Space]   :   pi- a2(1320)+


--- G4ParticleDefinition ---
 Particle Name : eta_prime
 PDG particle code : 331 [PDG anti-particle code: 331]
 Mass [GeV/c2] : 0.95778     Width : 0.000198
 Lifetime [nsec] : 0
 Charge [e]: 0
 Spin : 0/2
 Parity : -1
 Charge conjugation : 1
 Isospin : (I,Iz): (0/2 , 0/2 ) 
 GParity : 1
 Quark contents     (d,u,s,c,b,t) : 0, 0, 1, 0, 0, 0
 AntiQuark contents               : 0, 0, 1, 0, 0, 0
 Lepton number : 0 Baryon number : 0
 Particle type : meson [eta_prime]
G4DecayTable:  eta_prime
0:  BR:  0.429  [Phase Space]   :   eta pi+ pi-
1:  BR:  0.291  [Phase Space]   :   rho0 gamma
2:  BR:  0.222  [Phase Space]   :   eta pi0 pi0
3:  BR:  0.0275  [Phase Space]   :   omega gamma
4:  BR:  0.022  [Phase Space]   :   gamma gamma


--- G4ParticleDefinition ---
 Particle Name : etac
 PDG particle code : 441 [PDG anti-particle code: 441]
 Mass [GeV/c2] : 2.9836     Width : 0.0322
 Lifetime [nsec] : 0
 Charge [e]: 0
 Spin : 0/2
 Parity : -1
 Charge conjugation : 1
 Isospin : (I,Iz): (0/2 , 0/2 ) 
 GParity : 1
 Quark contents     (d,u,s,c,b,t) : 0, 0, 0, 1, 0, 0
 AntiQuark contents               : 0, 0, 0, 1, 0, 0
 Lepton number : 0 Baryon number : 0
 Particle type : meson [etac]
Decay Table is not defined !!

--- G4ParticleDefinition ---
 Particle Name : f0(1370)
 PDG particle code : 30221 [PDG anti-particle code: 30221]
 Mass [GeV/c2] : 1.35     Width : 0.35
 Lifetime [nsec] : 0
 Charge [e]: 0
 Spin : 0/2
 Parity : 1
 Charge conjugation : 1
 Isospin : (I,Iz): (0/2 , 0/2 ) 
 GParity : 1
 Quark contents     (d,u,s,c,b,t) : 0, 1, 0, 0, 0, 0
 AntiQuark contents               : 0, 1, 0, 0, 0, 0
 Lepton number : 0 Baryon number : 0
 Particle type : meson [f0(1370)]
 ShortLived : ON
G4DecayTable:  f0(1370)
0:  BR:  0.35  [Phase Space]   :   pi+ pi- pi+ pi-
1:  BR:  0.35  [Phase Space]   :   pi+ pi- pi0 pi0
2:  BR:  0.1  [Phase Space]   :   kaon+ kaon-
3:  BR:  0.1  [Phase Space]   :   kaon0 anti_kaon0
4:  BR:  0.0666667  [Phase Space]   :   pi+ pi-
5:  BR:  0.0333333  [Phase Space]   :   pi0 pi0


--- G4ParticleDefinition ---
 Particle Name : f0(1500)
 PDG particle code : 9030221 [PDG anti-particle code: 9030221]
 Mass [GeV/c2] : 1.505     Width : 0.109
 Lifetime [nsec] : 0
 Charge [e]: 0
 Spin : 0/2
 Parity : 1
 Charge conjugation : 1
 Isospin : (I,Iz): (0/2 , 0/2 ) 
 GParity : 1
 Quark contents     (d,u,s,c,b,t) : 0, 1, 0, 0, 0, 0
 AntiQuark contents               : 0, 1, 0, 0, 0, 0
 Lepton number : 0 Baryon number : 0
 Particle type : meson [f0(1500)]
 ShortLived : ON
G4DecayTable:  f0(1500)
0:  BR:  1  [Phase Space]   :   eta eta


--- G4ParticleDefinition ---
 Particle Name : f0(1710)
 PDG particle code : 10331 [PDG anti-particle code: 10331]
 Mass [GeV/c2] : 1.722     Width : 0.135
 Lifetime [nsec] : 0
 Charge [e]: 0
 Spin : 0/2
 Parity : 1
 Charge conjugation : 1
 Isospin : (I,Iz): (0/2 , 0/2 ) 
 GParity : 1
 Quark contents     (d,u,s,c,b,t) : 0, 0, 1, 0, 0, 0
 AntiQuark contents               : 0, 0, 1, 0, 0, 0
 Lepton number : 0 Baryon number : 0
 Particle type : meson [f0(1710)]
 ShortLived : ON
G4DecayTable:  f0(1710)
0:  BR:  0.4  [Phase Space]   :   kaon0S kaon0S
1:  BR:  0.4  [Phase Space]   :   kaon+ kaon-
2:  BR:  0.2  [Phase Space]   :   eta eta


--- G4ParticleDefinition ---
 Particle Name : f0(500)
 PDG particle code : 9000221 [PDG anti-particle code: 9000221]
 Mass [GeV/c2] : 0.475     Width : 0.55
 Lifetime [nsec] : 0
 Charge [e]: 0
 Spin : 0/2
 Parity : 1
 Charge conjugation : 1
 Isospin : (I,Iz): (0/2 , 0/2 ) 
 GParity : 1
 Quark contents     (d,u,s,c,b,t) : 0, 1, 0, 0, 0, 0
 AntiQuark contents               : 0, 1, 0, 0, 0, 0
 Lepton number : 0 Baryon number : 0
 Particle type : meson [f0(500)]
 ShortLived : ON
G4DecayTable:  f0(500)
0:  BR:  1  [Phase Space]   :   pi+ pi-


--- G4ParticleDefinition ---
 Particle Name : f0(980)
 PDG particle code : 9010221 [PDG anti-particle code: 9010221]
 Mass [GeV/c2] : 0.99     Width : 0.07
 Lifetime [nsec] : 0
 Charge [e]: 0
 Spin : 0/2
 Parity : 1
 Charge conjugation : 1
 Isospin : (I,Iz): (0/2 , 0/2 ) 
 GParity : 1
 Quark contents     (d,u,s,c,b,t) : 0, 1, 0, 0, 0, 0
 AntiQuark contents               : 0, 1, 0, 0, 0, 0
 Lepton number : 0 Baryon number : 0
 Particle type : meson [f0(980)]
 ShortLived : ON
G4DecayTable:  f0(980)
0:  BR:  1  [Phase Space]   :   pi+ pi-


--- G4ParticleDefinition ---
 Particle Name : f1(1285)
 PDG particle code : 20223 [PDG anti-particle code: 20223]
 Mass [GeV/c2] : 1.2819     Width : 0.0242
 Lifetime [nsec] : 0
 Charge [e]: 0
 Spin : 2/2
 Parity : 1
 Charge conjugation : 1
 Isospin : (I,Iz): (0/2 , 0/2 ) 
 GParity : 1
 Quark contents     (d,u,s,c,b,t) : 0, 1, 0, 0, 0, 0
 AntiQuark contents               : 0, 1, 0, 0, 0, 0
 Lepton number : 0 Baryon number : 0
 Particle type : meson [f1(1285)]
 ShortLived : ON
G4DecayTable:  f1(1285)
0:  BR:  0.36  [Phase Space]   :   eta pi+ pi-
1:  BR:  0.18  [Phase Space]   :   eta pi0 pi0
2:  BR:  0.1  [Phase Space]   :   pi+ pi- pi+ pi-
3:  BR:  0.1  [Phase Space]   :   pi+ pi- pi0 pi0
4:  BR:  0.07  [Phase Space]   :   rho0 gamma
5:  BR:  0.03  [Phase Space]   :   kaon+ anti_kaon0 pi-
6:  BR:  0.03  [Phase Space]   :   kaon- kaon0 pi+
7:  BR:  0.02  [Phase Space]   :   rho0 pi+ pi-
8:  BR:  0.015  [Phase Space]   :   kaon+ kaon- pi0
9:  BR:  0.015  [Phase Space]   :   kaon0 anti_kaon0 pi0


--- G4ParticleDefinition ---
 Particle Name : f1(1420)
 PDG particle code : 20333 [PDG anti-particle code: 20333]
 Mass [GeV/c2] : 1.4264     Width : 0.0549
 Lifetime [nsec] : 0
 Charge [e]: 0
 Spin : 2/2
 Parity : 1
 Charge conjugation : 1
 Isospin : (I,Iz): (0/2 , 0/2 ) 
 GParity : 1
 Quark contents     (d,u,s,c,b,t) : 0, 0, 1, 0, 0, 0
 AntiQuark contents               : 0, 0, 1, 0, 0, 0
 Lepton number : 0 Baryon number : 0
 Particle type : meson [f1(1420)]
 ShortLived : ON
G4DecayTable:  f1(1420)
0:  BR:  0.166667  [Phase Space]   :   kaon+ anti_kaon0 pi-
1:  BR:  0.166667  [Phase Space]   :   kaon- kaon0 pi+
2:  BR:  0.125  [Phase Space]   :   kaon+ k_star-
3:  BR:  0.125  [Phase Space]   :   kaon- k_star0
4:  BR:  0.125  [Phase Space]   :   kaon0 anti_k_star0
5:  BR:  0.125  [Phase Space]   :   anti_kaon0 k_star0
6:  BR:  0.0833333  [Phase Space]   :   kaon+ kaon- pi0
7:  BR:  0.0833333  [Phase Space]   :   kaon0 anti_kaon0 pi0


--- G4ParticleDefinition ---
 Particle Name : f2(1270)
 PDG particle code : 225 [PDG anti-particle code: 225]
 Mass [GeV/c2] : 1.2751     Width : 0.1851
 Lifetime [nsec] : 0
 Charge [e]: 0
 Spin : 4/2
 Parity : 1
 Charge conjugation : 1
 Isospin : (I,Iz): (0/2 , 0/2 ) 
 GParity : 1
 Quark contents     (d,u,s,c,b,t) : 0, 1, 0, 0, 0, 0
 AntiQuark contents               : 0, 1, 0, 0, 0, 0
 Lepton number : 0 Baryon number : 0
 Particle type : meson [f2(1270)]
 ShortLived : ON
G4DecayTable:  f2(1270)
0:  BR:  0.333333  [Phase Space]   :   pi+ pi-
1:  BR:  0.166667  [Phase Space]   :   pi0 pi0
2:  BR:  0.15  [Phase Space]   :   pi+ pi- pi+ pi-
3:  BR:  0.15  [Phase Space]   :   pi+ pi- pi0 pi0
4:  BR:  0.1  [Phase Space]   :   kaon+ kaon-
5:  BR:  0.1  [Phase Space]   :   kaon0 anti_kaon0


--- G4ParticleDefinition ---
 Particle Name : f2(1810)
 PDG particle code : 9030225 [PDG anti-particle code: 9030225]
 Mass [GeV/c2] : 1.815     Width : 0.197
 Lifetime [nsec] : 0
 Charge [e]: 0
 Spin : 4/2
 Parity : 1
 Charge conjugation : 1
 Isospin : (I,Iz): (0/2 , 0/2 ) 
 GParity : 1
 Quark contents     (d,u,s,c,b,t) : 0, 1, 0, 0, 0, 0
 AntiQuark contents               : 0, 1, 0, 0, 0, 0
 Lepton number : 0 Baryon number : 0
 Particle type : meson [f2(1810)]
 ShortLived : ON
G4DecayTable:  f2(1810)
0:  BR:  0.333333  [Phase Space]   :   pi+ pi-
1:  BR:  0.2  [Phase Space]   :   eta pi+ pi-
2:  BR:  0.166667  [Phase Space]   :   pi0 pi0
3:  BR:  0.1  [Phase Space]   :   kaon+ kaon-
4:  BR:  0.1  [Phase Space]   :   kaon0 anti_kaon0
5:  BR:  0.1  [Phase Space]   :   eta pi0 pi0


--- G4ParticleDefinition ---
 Particle Name : f2(2010)
 PDG particle code : 9060225 [PDG anti-particle code: 9060225]
 Mass [GeV/c2] : 2.01     Width : 0.2
 Lifetime [nsec] : 0
 Charge [e]: 0
 Spin : 4/2
 Parity : 1
 Charge conjugation : 1
 Isospin : (I,Iz): (0/2 , 0/2 ) 
 GParity : 1
 Quark contents     (d,u,s,c,b,t) : 0, 1, 0, 0, 0, 0
 AntiQuark contents               : 0, 1, 0, 0, 0, 0
 Lepton number : 0 Baryon number : 0
 Particle type : meson [f2(2010)]
 ShortLived : ON
G4DecayTable:  f2(2010)
0:  BR:  0.5  [Phase Space]   :   kaon+ kaon-
1:  BR:  0.5  [Phase Space]   :   kaon0 anti_kaon0


--- G4ParticleDefinition ---
 Particle Name : f2_prime(1525)
 PDG particle code : 335 [PDG anti-particle code: 335]
 Mass [GeV/c2] : 1.525     Width : 0.073
 Lifetime [nsec] : 0
 Charge [e]: 0
 Spin : 4/2
 Parity : 1
 Charge conjugation : 1
 Isospin : (I,Iz): (0/2 , 0/2 ) 
 GParity : 1
 Quark contents     (d,u,s,c,b,t) : 0, 0, 1, 0, 0, 0
 AntiQuark contents               : 0, 0, 1, 0, 0, 0
 Lepton number : 0 Baryon number : 0
 Particle type : meson [f2_prime(1525)]
 ShortLived : ON
G4DecayTable:  f2_prime(1525)
0:  BR:  0.445  [Phase Space]   :   kaon+ kaon-
1:  BR:  0.445  [Phase Space]   :   kaon0 anti_kaon0
2:  BR:  0.1  [Phase Space]   :   eta eta
3:  BR:  0.00666667  [Phase Space]   :   pi+ pi-
4:  BR:  0.00333333  [Phase Space]   :   pi0 pi0


--- G4ParticleDefinition ---
 Particle Name : gamma
 PDG particle code : 22 [PDG anti-particle code: 22]
 Mass [GeV/c2] : 0     Width : 0
 Lifetime [nsec] : 0
 Charge [e]: 0
 Spin : 2/2
 Parity : -1
 Charge conjugation : -1
 Isospin : (I,Iz): (0/2 , 0/2 ) 
 GParity : 0
 Quark contents     (d,u,s,c,b,t) : 0, 0, 0, 0, 0, 0
 AntiQuark contents               : 0, 0, 0, 0, 0, 0
 Lepton number : 0 Baryon number : 0
 Particle type : gamma [photon]
 Stable : stable

--- G4ParticleDefinition ---
 Particle Name : geantino
 PDG particle code : 0 [PDG anti-particle code: 0]
 Mass [GeV/c2] : 0     Width : 0
 Lifetime [nsec] : 0
 Charge [e]: 0
 Spin : 0/2
 Parity : 0
 Charge conjugation : 0
 Isospin : (I,Iz): (0/2 , 0/2 ) 
 GParity : 0
 Quark contents     (d,u,s,c,b,t) : 0, 0, 0, 0, 0, 0
 AntiQuark contents               : 0, 0, 0, 0, 0, 0
 Lepton number : 0 Baryon number : 0
 Particle type : geantino [geantino]
 Stable : stable

--- G4ParticleDefinition ---
 Particle Name : gluon
 PDG particle code : 21 [PDG anti-particle code: 21]
 Mass [GeV/c2] : 0     Width : 0
 Lifetime [nsec] : -1
 Charge [e]: 0
 Spin : 2/2
 Parity : -1
 Charge conjugation : 0
 Isospin : (I,Iz): (0/2 , 0/2 ) 
 GParity : 0
 Quark contents     (d,u,s,c,b,t) : 0, 0, 0, 0, 0, 0
 AntiQuark contents               : 0, 0, 0, 0, 0, 0
 Lepton number : 0 Baryon number : 0
 Particle type : gluons [gluon]
 ShortLived : ON
 Stable : stable

--- G4ParticleDefinition ---
 Particle Name : h1(1170)
 PDG particle code : 10223 [PDG anti-particle code: 10223]
 Mass [GeV/c2] : 1.17     Width : 0.36
 Lifetime [nsec] : 0
 Charge [e]: 0
 Spin : 2/2
 Parity : 1
 Charge conjugation : -1
 Isospin : (I,Iz): (0/2 , 0/2 ) 
 GParity : -1
 Quark contents     (d,u,s,c,b,t) : 0, 1, 0, 0, 0, 0
 AntiQuark contents               : 0, 1, 0, 0, 0, 0
 Lepton number : 0 Baryon number : 0
 Particle type : meson [h1(1170)]
 ShortLived : ON
G4DecayTable:  h1(1170)
0:  BR:  0.3  [Phase Space]   :   pi+ rho-
1:  BR:  0.3  [Phase Space]   :   pi0 rho0
2:  BR:  0.3  [Phase Space]   :   pi- rho+
3:  BR:  0.1  [Phase Space]   :   pi+ pi- pi0


--- G4ParticleDefinition ---
 Particle Name : h1(1380)
 PDG particle code : 10333 [PDG anti-particle code: 10333]
 Mass [GeV/c2] : 1.386     Width : 0.091
 Lifetime [nsec] : 0
 Charge [e]: 0
 Spin : 2/2
 Parity : 1
 Charge conjugation : -1
 Isospin : (I,Iz): (0/2 , 0/2 ) 
 GParity : -1
 Quark contents     (d,u,s,c,b,t) : 0, 0, 1, 0, 0, 0
 AntiQuark contents               : 0, 0, 1, 0, 0, 0
 Lepton number : 0 Baryon number : 0
 Particle type : meson [h1(1380)]
 ShortLived : ON
G4DecayTable:  h1(1380)
0:  BR:  0.25  [Phase Space]   :   kaon+ k_star-
1:  BR:  0.25  [Phase Space]   :   kaon- k_star0
2:  BR:  0.25  [Phase Space]   :   kaon0 anti_k_star0
3:  BR:  0.25  [Phase Space]   :   anti_kaon0 k_star0


--- G4ParticleDefinition ---
 Particle Name : k(1460)+
 PDG particle code : 100321 [PDG anti-particle code: -100321]
 Mass [GeV/c2] : 1.46     Width : 0.26
 Lifetime [nsec] : 0
 Charge [e]: 1
 Spin : 0/2
 Parity : -1
 Charge conjugation : 1
 Isospin : (I,Iz): (1/2 , 1/2 ) 
 GParity : 0
 Quark contents     (d,u,s,c,b,t) : 0, 1, 0, 0, 0, 0
 AntiQuark contents               : 0, 0, 1, 0, 0, 0
 Lepton number : 0 Baryon number : 0
 Particle type : meson [k(1460)]
 ShortLived : ON
G4DecayTable:  k(1460)+
0:  BR:  0.333333  [Phase Space]   :   k_star0 pi+
1:  BR:  0.333333  [Phase Space]   :   kaon0 rho+
2:  BR:  0.166667  [Phase Space]   :   k_star+ pi0
3:  BR:  0.166667  [Phase Space]   :   kaon+ rho0


--- G4ParticleDefinition ---
 Particle Name : k(1460)-
 PDG particle code : -100321 [PDG anti-particle code: 100321]
 Mass [GeV/c2] : 1.46     Width : 0.26
 Lifetime [nsec] : 0
 Charge [e]: -1
 Spin : 0/2
 Parity : -1
 Charge conjugation : 1
 Isospin : (I,Iz): (1/2 , -1/2 ) 
 GParity : 0
 Quark contents     (d,u,s,c,b,t) : 0, 0, 1, 0, 0, 0
 AntiQuark contents               : 0, 1, 0, 0, 0, 0
 Lepton number : 0 Baryon number : 0
 Particle type : meson [k(1460)]
 ShortLived : ON
G4DecayTable:  k(1460)-
0:  BR:  0.333333  [Phase Space]   :   anti_k_star0 pi-
1:  BR:  0.333333  [Phase Space]   :   anti_kaon0 rho-
2:  BR:  0.166667  [Phase Space]   :   k_star- pi0
3:  BR:  0.166667  [Phase Space]   :   kaon- rho0


--- G4ParticleDefinition ---
 Particle Name : k(1460)0
 PDG particle code : 100311 [PDG anti-particle code: -100311]
 Mass [GeV/c2] : 1.46     Width : 0.26
 Lifetime [nsec] : 0
 Charge [e]: 0
 Spin : 0/2
 Parity : -1
 Charge conjugation : 1
 Isospin : (I,Iz): (1/2 , -1/2 ) 
 GParity : 0
 Quark contents     (d,u,s,c,b,t) : 1, 0, 0, 0, 0, 0
 AntiQuark contents               : 0, 0, 1, 0, 0, 0
 Lepton number : 0 Baryon number : 0
 Particle type : meson [k(1460)]
 ShortLived : ON
G4DecayTable:  k(1460)0
0:  BR:  0.333333  [Phase Space]   :   k_star+ pi-
1:  BR:  0.333333  [Phase Space]   :   kaon+ rho-
2:  BR:  0.166667  [Phase Space]   :   k_star0 pi0
3:  BR:  0.166667  [Phase Space]   :   kaon0 rho0


--- G4ParticleDefinition ---
 Particle Name : k0_star(1430)+
 PDG particle code : 10321 [PDG anti-particle code: -10321]
 Mass [GeV/c2] : 1.43     Width : 0.27
 Lifetime [nsec] : 0
 Charge [e]: 1
 Spin : 0/2
 Parity : 1
 Charge conjugation : 1
 Isospin : (I,Iz): (1/2 , 1/2 ) 
 GParity : 0
 Quark contents     (d,u,s,c,b,t) : 0, 1, 0, 0, 0, 0
 AntiQuark contents               : 0, 0, 1, 0, 0, 0
 Lepton number : 0 Baryon number : 0
 Particle type : meson [k0_star(1430)]
 ShortLived : ON
G4DecayTable:  k0_star(1430)+
0:  BR:  0.666667  [Phase Space]   :   kaon0 pi+
1:  BR:  0.333333  [Phase Space]   :   kaon+ pi0


--- G4ParticleDefinition ---
 Particle Name : k0_star(1430)-
 PDG particle code : -10321 [PDG anti-particle code: 10321]
 Mass [GeV/c2] : 1.43     Width : 0.27
 Lifetime [nsec] : 0
 Charge [e]: -1
 Spin : 0/2
 Parity : 1
 Charge conjugation : 1
 Isospin : (I,Iz): (1/2 , -1/2 ) 
 GParity : 0
 Quark contents     (d,u,s,c,b,t) : 0, 0, 1, 0, 0, 0
 AntiQuark contents               : 0, 1, 0, 0, 0, 0
 Lepton number : 0 Baryon number : 0
 Particle type : meson [k0_star(1430)]
 ShortLived : ON
G4DecayTable:  k0_star(1430)-
0:  BR:  0.666667  [Phase Space]   :   anti_kaon0 pi-
1:  BR:  0.333333  [Phase Space]   :   kaon- pi0


--- G4ParticleDefinition ---
 Particle Name : k0_star(1430)0
 PDG particle code : 10311 [PDG anti-particle code: -10311]
 Mass [GeV/c2] : 1.43     Width : 0.27
 Lifetime [nsec] : 0
 Charge [e]: 0
 Spin : 0/2
 Parity : 1
 Charge conjugation : 1
 Isospin : (I,Iz): (1/2 , -1/2 ) 
 GParity : 0
 Quark contents     (d,u,s,c,b,t) : 1, 0, 0, 0, 0, 0
 AntiQuark contents               : 0, 0, 1, 0, 0, 0
 Lepton number : 0 Baryon number : 0
 Particle type : meson [k0_star(1430)]
 ShortLived : ON
G4DecayTable:  k0_star(1430)0
0:  BR:  0.666667  [Phase Space]   :   kaon+ pi-
1:  BR:  0.333333  [Phase Space]   :   kaon0 pi0


--- G4ParticleDefinition ---
 Particle Name : k1(1270)+
 PDG particle code : 10323 [PDG anti-particle code: -10323]
 Mass [GeV/c2] : 1.272     Width : 0.09
 Lifetime [nsec] : 0
 Charge [e]: 1
 Spin : 2/2
 Parity : 1
 Charge conjugation : -1
 Isospin : (I,Iz): (1/2 , 1/2 ) 
 GParity : 0
 Quark contents     (d,u,s,c,b,t) : 0, 1, 0, 0, 0, 0
 AntiQuark contents               : 0, 0, 1, 0, 0, 0
 Lepton number : 0 Baryon number : 0
 Particle type : meson [k1(1270)]
 ShortLived : ON
G4DecayTable:  k1(1270)+
0:  BR:  0.313333  [Phase Space]   :   k_star0 pi+
1:  BR:  0.28  [Phase Space]   :   kaon0 rho+
2:  BR:  0.156667  [Phase Space]   :   k_star+ pi0
3:  BR:  0.14  [Phase Space]   :   kaon+ rho0
4:  BR:  0.11  [Phase Space]   :   kaon+ omega


--- G4ParticleDefinition ---
 Particle Name : k1(1270)-
 PDG particle code : -10323 [PDG anti-particle code: 10323]
 Mass [GeV/c2] : 1.272     Width : 0.09
 Lifetime [nsec] : 0
 Charge [e]: -1
 Spin : 2/2
 Parity : 1
 Charge conjugation : -1
 Isospin : (I,Iz): (1/2 , -1/2 ) 
 GParity : 0
 Quark contents     (d,u,s,c,b,t) : 0, 0, 1, 0, 0, 0
 AntiQuark contents               : 0, 1, 0, 0, 0, 0
 Lepton number : 0 Baryon number : 0
 Particle type : meson [k1(1270)]
 ShortLived : ON
G4DecayTable:  k1(1270)-
0:  BR:  0.313333  [Phase Space]   :   anti_k_star0 pi-
1:  BR:  0.28  [Phase Space]   :   anti_kaon0 rho-
2:  BR:  0.156667  [Phase Space]   :   k_star- pi0
3:  BR:  0.14  [Phase Space]   :   kaon- rho0
4:  BR:  0.11  [Phase Space]   :   kaon- omega


--- G4ParticleDefinition ---
 Particle Name : k1(1270)0
 PDG particle code : 10313 [PDG anti-particle code: -10313]
 Mass [GeV/c2] : 1.272     Width : 0.09
 Lifetime [nsec] : 0
 Charge [e]: 0
 Spin : 2/2
 Parity : 1
 Charge conjugation : -1
 Isospin : (I,Iz): (1/2 , -1/2 ) 
 GParity : 0
 Quark contents     (d,u,s,c,b,t) : 1, 0, 0, 0, 0, 0
 AntiQuark contents               : 0, 0, 1, 0, 0, 0
 Lepton number : 0 Baryon number : 0
 Particle type : meson [k1(1270)]
 ShortLived : ON
G4DecayTable:  k1(1270)0
0:  BR:  0.313333  [Phase Space]   :   k_star+ pi-
1:  BR:  0.28  [Phase Space]   :   kaon+ rho-
2:  BR:  0.156667  [Phase Space]   :   k_star0 pi0
3:  BR:  0.14  [Phase Space]   :   kaon0 rho0
4:  BR:  0.11  [Phase Space]   :   kaon0 omega


--- G4ParticleDefinition ---
 Particle Name : k1(1400)+
 PDG particle code : 20323 [PDG anti-particle code: -20323]
 Mass [GeV/c2] : 1.403     Width : 0.174
 Lifetime [nsec] : 0
 Charge [e]: 1
 Spin : 2/2
 Parity : 1
 Charge conjugation : 1
 Isospin : (I,Iz): (1/2 , 1/2 ) 
 GParity : 0
 Quark contents     (d,u,s,c,b,t) : 0, 1, 0, 0, 0, 0
 AntiQuark contents               : 0, 0, 1, 0, 0, 0
 Lepton number : 0 Baryon number : 0
 Particle type : meson [k1(1400)]
 ShortLived : ON
G4DecayTable:  k1(1400)+
0:  BR:  0.64  [Phase Space]   :   k_star0 pi+
1:  BR:  0.32  [Phase Space]   :   k_star+ pi0
2:  BR:  0.02  [Phase Space]   :   kaon0 rho+
3:  BR:  0.01  [Phase Space]   :   kaon+ rho0
4:  BR:  0.01  [Phase Space]   :   kaon+ omega


--- G4ParticleDefinition ---
 Particle Name : k1(1400)-
 PDG particle code : -20323 [PDG anti-particle code: 20323]
 Mass [GeV/c2] : 1.403     Width : 0.174
 Lifetime [nsec] : 0
 Charge [e]: -1
 Spin : 2/2
 Parity : 1
 Charge conjugation : 1
 Isospin : (I,Iz): (1/2 , -1/2 ) 
 GParity : 0
 Quark contents     (d,u,s,c,b,t) : 0, 0, 1, 0, 0, 0
 AntiQuark contents               : 0, 1, 0, 0, 0, 0
 Lepton number : 0 Baryon number : 0
 Particle type : meson [k1(1400)]
 ShortLived : ON
G4DecayTable:  k1(1400)-
0:  BR:  0.64  [Phase Space]   :   anti_k_star0 pi-
1:  BR:  0.32  [Phase Space]   :   k_star- pi0
2:  BR:  0.02  [Phase Space]   :   anti_kaon0 rho-
3:  BR:  0.01  [Phase Space]   :   kaon- rho0
4:  BR:  0.01  [Phase Space]   :   kaon- omega


--- G4ParticleDefinition ---
 Particle Name : k1(1400)0
 PDG particle code : 20313 [PDG anti-particle code: -20313]
 Mass [GeV/c2] : 1.403     Width : 0.174
 Lifetime [nsec] : 0
 Charge [e]: 0
 Spin : 2/2
 Parity : 1
 Charge conjugation : 1
 Isospin : (I,Iz): (1/2 , -1/2 ) 
 GParity : 0
 Quark contents     (d,u,s,c,b,t) : 1, 0, 0, 0, 0, 0
 AntiQuark contents               : 0, 0, 1, 0, 0, 0
 Lepton number : 0 Baryon number : 0
 Particle type : meson [k1(1400)]
 ShortLived : ON
G4DecayTable:  k1(1400)0
0:  BR:  0.64  [Phase Space]   :   k_star+ pi-
1:  BR:  0.32  [Phase Space]   :   k_star0 pi0
2:  BR:  0.02  [Phase Space]   :   kaon+ rho-
3:  BR:  0.01  [Phase Space]   :   kaon0 rho0
4:  BR:  0.01  [Phase Space]   :   kaon0 omega


--- G4ParticleDefinition ---
 Particle Name : k2(1770)+
 PDG particle code : 10325 [PDG anti-particle code: -10325]
 Mass [GeV/c2] : 1.773     Width : 0.186
 Lifetime [nsec] : 0
 Charge [e]: 1
 Spin : 4/2
 Parity : -1
 Charge conjugation : 1
 Isospin : (I,Iz): (1/2 , 1/2 ) 
 GParity : 0
 Quark contents     (d,u,s,c,b,t) : 0, 1, 0, 0, 0, 0
 AntiQuark contents               : 0, 0, 1, 0, 0, 0
 Lepton number : 0 Baryon number : 0
 Particle type : meson [k2(1770)]
 ShortLived : ON
G4DecayTable:  k2(1770)+
0:  BR:  0.666667  [Phase Space]   :   k2_star(1430)0 pi+
1:  BR:  0.333333  [Phase Space]   :   k2_star(1430)+ pi0


--- G4ParticleDefinition ---
 Particle Name : k2(1770)-
 PDG particle code : -10325 [PDG anti-particle code: 10325]
 Mass [GeV/c2] : 1.773     Width : 0.186
 Lifetime [nsec] : 0
 Charge [e]: -1
 Spin : 4/2
 Parity : -1
 Charge conjugation : 1
 Isospin : (I,Iz): (1/2 , -1/2 ) 
 GParity : 0
 Quark contents     (d,u,s,c,b,t) : 0, 0, 1, 0, 0, 0
 AntiQuark contents               : 0, 1, 0, 0, 0, 0
 Lepton number : 0 Baryon number : 0
 Particle type : meson [k2(1770)]
 ShortLived : ON
G4DecayTable:  k2(1770)-
0:  BR:  0.666667  [Phase Space]   :   anti_k2_star(1430)0 pi-
1:  BR:  0.333333  [Phase Space]   :   k2_star(1430)- pi0


--- G4ParticleDefinition ---
 Particle Name : k2(1770)0
 PDG particle code : 10315 [PDG anti-particle code: -10315]
 Mass [GeV/c2] : 1.773     Width : 0.186
 Lifetime [nsec] : 0
 Charge [e]: 0
 Spin : 4/2
 Parity : -1
 Charge conjugation : 1
 Isospin : (I,Iz): (1/2 , -1/2 ) 
 GParity : 0
 Quark contents     (d,u,s,c,b,t) : 1, 0, 0, 0, 0, 0
 AntiQuark contents               : 0, 0, 1, 0, 0, 0
 Lepton number : 0 Baryon number : 0
 Particle type : meson [k2(1770)]
 ShortLived : ON
G4DecayTable:  k2(1770)0
0:  BR:  0.666667  [Phase Space]   :   k2_star(1430)+ pi-
1:  BR:  0.333333  [Phase Space]   :   k2_star(1430)0 pi0


--- G4ParticleDefinition ---
 Particle Name : k2_star(1430)+
 PDG particle code : 325 [PDG anti-particle code: -325]
 Mass [GeV/c2] : 1.4256     Width : 0.0985
 Lifetime [nsec] : 0
 Charge [e]: 1
 Spin : 4/2
 Parity : 1
 Charge conjugation : 1
 Isospin : (I,Iz): (1/2 , 1/2 ) 
 GParity : 0
 Quark contents     (d,u,s,c,b,t) : 0, 1, 0, 0, 0, 0
 AntiQuark contents               : 0, 0, 1, 0, 0, 0
 Lepton number : 0 Baryon number : 0
 Particle type : meson [k2_star(1430)]
 ShortLived : ON
G4DecayTable:  k2_star(1430)+
0:  BR:  0.333333  [Phase Space]   :   kaon0 pi+
1:  BR:  0.166667  [Phase Space]   :   kaon+ pi0
2:  BR:  0.166667  [Phase Space]   :   k_star0 pi+
3:  BR:  0.0866667  [Phase Space]   :   k_star0 pi+ pi0
4:  BR:  0.0833333  [Phase Space]   :   k_star+ pi0
5:  BR:  0.06  [Phase Space]   :   kaon0 rho+
6:  BR:  0.0433333  [Phase Space]   :   k_star+ pi+ pi-
7:  BR:  0.03  [Phase Space]   :   kaon+ rho0
8:  BR:  0.03  [Phase Space]   :   kaon+ omega


--- G4ParticleDefinition ---
 Particle Name : k2_star(1430)-
 PDG particle code : -325 [PDG anti-particle code: 325]
 Mass [GeV/c2] : 1.4256     Width : 0.0985
 Lifetime [nsec] : 0
 Charge [e]: -1
 Spin : 4/2
 Parity : 1
 Charge conjugation : 1
 Isospin : (I,Iz): (1/2 , -1/2 ) 
 GParity : 0
 Quark contents     (d,u,s,c,b,t) : 0, 0, 1, 0, 0, 0
 AntiQuark contents               : 0, 1, 0, 0, 0, 0
 Lepton number : 0 Baryon number : 0
 Particle type : meson [k2_star(1430)]
 ShortLived : ON
G4DecayTable:  k2_star(1430)-
0:  BR:  0.333333  [Phase Space]   :   anti_kaon0 pi-
1:  BR:  0.166667  [Phase Space]   :   kaon- pi0
2:  BR:  0.166667  [Phase Space]   :   anti_k_star0 pi-
3:  BR:  0.0866667  [Phase Space]   :   anti_k_star0 pi- pi0
4:  BR:  0.0833333  [Phase Space]   :   k_star- pi0
5:  BR:  0.06  [Phase Space]   :   anti_kaon0 rho-
6:  BR:  0.0433333  [Phase Space]   :   k_star- pi+ pi-
7:  BR:  0.03  [Phase Space]   :   kaon- rho0
8:  BR:  0.03  [Phase Space]   :   kaon- omega


--- G4ParticleDefinition ---
 Particle Name : k2_star(1430)0
 PDG particle code : 315 [PDG anti-particle code: -315]
 Mass [GeV/c2] : 1.4324     Width : 0.109
 Lifetime [nsec] : 0
 Charge [e]: 0
 Spin : 4/2
 Parity : 1
 Charge conjugation : 1
 Isospin : (I,Iz): (1/2 , -1/2 ) 
 GParity : 0
 Quark contents     (d,u,s,c,b,t) : 1, 0, 0, 0, 0, 0
 AntiQuark contents               : 0, 0, 1, 0, 0, 0
 Lepton number : 0 Baryon number : 0
 Particle type : meson [k2_star(1430)]
 ShortLived : ON
G4DecayTable:  k2_star(1430)0
0:  BR:  0.333333  [Phase Space]   :   kaon+ pi-
1:  BR:  0.166667  [Phase Space]   :   kaon0 pi0
2:  BR:  0.166667  [Phase Space]   :   k_star+ pi-
3:  BR:  0.0866667  [Phase Space]   :   k_star+ pi- pi0
4:  BR:  0.0833333  [Phase Space]   :   k_star0 pi0
5:  BR:  0.06  [Phase Space]   :   kaon+ rho-
6:  BR:  0.0433333  [Phase Space]   :   k_star0 pi+ pi-
7:  BR:  0.03  [Phase Space]   :   kaon0 rho0
8:  BR:  0.03  [Phase Space]   :   kaon0 omega


--- G4ParticleDefinition ---
 Particle Name : k2_star(1980)+
 PDG particle code : 100325 [PDG anti-particle code: -100325]
 Mass [GeV/c2] : 1.973     Width : 0.373
 Lifetime [nsec] : 0
 Charge [e]: 1
 Spin : 4/2
 Parity : 1
 Charge conjugation : 1
 Isospin : (I,Iz): (1/2 , 1/2 ) 
 GParity : 0
 Quark contents     (d,u,s,c,b,t) : 0, 1, 0, 0, 0, 0
 AntiQuark contents               : 0, 0, 1, 0, 0, 0
 Lepton number : 0 Baryon number : 0
 Particle type : meson [k2_star(1980)]
 ShortLived : ON
G4DecayTable:  k2_star(1980)+
0:  BR:  0.4  [Phase Space]   :   kaon+ omega
1:  BR:  0.4  [Phase Space]   :   kaon0 rho+
2:  BR:  0.2  [Phase Space]   :   kaon+ rho0


--- G4ParticleDefinition ---
 Particle Name : k2_star(1980)-
 PDG particle code : -100325 [PDG anti-particle code: 100325]
 Mass [GeV/c2] : 1.973     Width : 0.373
 Lifetime [nsec] : 0
 Charge [e]: -1
 Spin : 4/2
 Parity : 1
 Charge conjugation : 1
 Isospin : (I,Iz): (1/2 , -1/2 ) 
 GParity : 0
 Quark contents     (d,u,s,c,b,t) : 0, 0, 1, 0, 0, 0
 AntiQuark contents               : 0, 1, 0, 0, 0, 0
 Lepton number : 0 Baryon number : 0
 Particle type : meson [k2_star(1980)]
 ShortLived : ON
G4DecayTable:  k2_star(1980)-
0:  BR:  0.4  [Phase Space]   :   kaon- omega
1:  BR:  0.4  [Phase Space]   :   anti_kaon0 rho-
2:  BR:  0.2  [Phase Space]   :   kaon- rho0


--- G4ParticleDefinition ---
 Particle Name : k2_star(1980)0
 PDG particle code : 100315 [PDG anti-particle code: -100315]
 Mass [GeV/c2] : 1.973     Width : 0.373
 Lifetime [nsec] : 0
 Charge [e]: 0
 Spin : 4/2
 Parity : 1
 Charge conjugation : 1
 Isospin : (I,Iz): (1/2 , -1/2 ) 
 GParity : 0
 Quark contents     (d,u,s,c,b,t) : 1, 0, 0, 0, 0, 0
 AntiQuark contents               : 0, 0, 1, 0, 0, 0
 Lepton number : 0 Baryon number : 0
 Particle type : meson [k2_star(1980)]
 ShortLived : ON
G4DecayTable:  k2_star(1980)0
0:  BR:  0.4  [Phase Space]   :   kaon0 omega
1:  BR:  0.4  [Phase Space]   :   kaon+ rho-
2:  BR:  0.2  [Phase Space]   :   kaon0 rho0


--- G4ParticleDefinition ---
 Particle Name : k3_star(1780)+
 PDG particle code : 327 [PDG anti-particle code: -327]
 Mass [GeV/c2] : 1.776     Width : 0.159
 Lifetime [nsec] : 0
 Charge [e]: 1
 Spin : 6/2
 Parity : -1
 Charge conjugation : -1
 Isospin : (I,Iz): (1/2 , 1/2 ) 
 GParity : 0
 Quark contents     (d,u,s,c,b,t) : 0, 1, 0, 0, 0, 0
 AntiQuark contents               : 0, 0, 1, 0, 0, 0
 Lepton number : 0 Baryon number : 0
 Particle type : meson [k3_star(1780)]
 ShortLived : ON
G4DecayTable:  k3_star(1780)+
0:  BR:  0.3  [Phase Space]   :   kaon+ eta
1:  BR:  0.206667  [Phase Space]   :   kaon0 rho+
2:  BR:  0.133333  [Phase Space]   :   k_star0 pi+
3:  BR:  0.126667  [Phase Space]   :   kaon0 pi+
4:  BR:  0.103333  [Phase Space]   :   kaon+ rho0
5:  BR:  0.0666667  [Phase Space]   :   k_star+ pi0
6:  BR:  0.0633333  [Phase Space]   :   kaon+ pi0


--- G4ParticleDefinition ---
 Particle Name : k3_star(1780)-
 PDG particle code : -327 [PDG anti-particle code: 327]
 Mass [GeV/c2] : 1.776     Width : 0.159
 Lifetime [nsec] : 0
 Charge [e]: -1
 Spin : 6/2
 Parity : -1
 Charge conjugation : -1
 Isospin : (I,Iz): (1/2 , -1/2 ) 
 GParity : 0
 Quark contents     (d,u,s,c,b,t) : 0, 0, 1, 0, 0, 0
 AntiQuark contents               : 0, 1, 0, 0, 0, 0
 Lepton number : 0 Baryon number : 0
 Particle type : meson [k3_star(1780)]
 ShortLived : ON
G4DecayTable:  k3_star(1780)-
0:  BR:  0.3  [Phase Space]   :   kaon- eta
1:  BR:  0.206667  [Phase Space]   :   anti_kaon0 rho-
2:  BR:  0.133333  [Phase Space]   :   anti_k_star0 pi-
3:  BR:  0.126667  [Phase Space]   :   anti_kaon0 pi-
4:  BR:  0.103333  [Phase Space]   :   kaon- rho0
5:  BR:  0.0666667  [Phase Space]   :   k_star- pi0
6:  BR:  0.0633333  [Phase Space]   :   kaon- pi0


--- G4ParticleDefinition ---
 Particle Name : k3_star(1780)0
 PDG particle code : 317 [PDG anti-particle code: -317]
 Mass [GeV/c2] : 1.776     Width : 0.159
 Lifetime [nsec] : 0
 Charge [e]: 0
 Spin : 6/2
 Parity : -1
 Charge conjugation : -1
 Isospin : (I,Iz): (1/2 , -1/2 ) 
 GParity : 0
 Quark contents     (d,u,s,c,b,t) : 1, 0, 0, 0, 0, 0
 AntiQuark contents               : 0, 0, 1, 0, 0, 0
 Lepton number : 0 Baryon number : 0
 Particle type : meson [k3_star(1780)]
 ShortLived : ON
G4DecayTable:  k3_star(1780)0
0:  BR:  0.3  [Phase Space]   :   kaon0 eta
1:  BR:  0.206667  [Phase Space]   :   kaon+ rho-
2:  BR:  0.133333  [Phase Space]   :   k_star+ pi-
3:  BR:  0.126667  [Phase Space]   :   kaon+ pi-
4:  BR:  0.103333  [Phase Space]   :   kaon0 rho0
5:  BR:  0.0666667  [Phase Space]   :   k_star0 pi0
6:  BR:  0.0633333  [Phase Space]   :   kaon0 pi0


--- G4ParticleDefinition ---
 Particle Name : k_star(1410)+
 PDG particle code : 100323 [PDG anti-particle code: -100323]
 Mass [GeV/c2] : 1.414     Width : 0.232
 Lifetime [nsec] : 0
 Charge [e]: 1
 Spin : 2/2
 Parity : -1
 Charge conjugation : -1
 Isospin : (I,Iz): (1/2 , 1/2 ) 
 GParity : 0
 Quark contents     (d,u,s,c,b,t) : 0, 1, 0, 0, 0, 0
 AntiQuark contents               : 0, 0, 1, 0, 0, 0
 Lepton number : 0 Baryon number : 0
 Particle type : meson [k_star(1410)]
 ShortLived : ON
G4DecayTable:  k_star(1410)+
0:  BR:  0.433333  [Phase Space]   :   k_star0 pi+
1:  BR:  0.216667  [Phase Space]   :   k_star+ pi0
2:  BR:  0.2  [Phase Space]   :   kaon0 pi+
3:  BR:  0.1  [Phase Space]   :   kaon+ pi0
4:  BR:  0.0333333  [Phase Space]   :   kaon0 rho+
5:  BR:  0.0166667  [Phase Space]   :   kaon+ rho0


--- G4ParticleDefinition ---
 Particle Name : k_star(1410)-
 PDG particle code : -100323 [PDG anti-particle code: 100323]
 Mass [GeV/c2] : 1.414     Width : 0.232
 Lifetime [nsec] : 0
 Charge [e]: -1
 Spin : 2/2
 Parity : -1
 Charge conjugation : -1
 Isospin : (I,Iz): (1/2 , -1/2 ) 
 GParity : 0
 Quark contents     (d,u,s,c,b,t) : 0, 0, 1, 0, 0, 0
 AntiQuark contents               : 0, 1, 0, 0, 0, 0
 Lepton number : 0 Baryon number : 0
 Particle type : meson [k_star(1410)]
 ShortLived : ON
G4DecayTable:  k_star(1410)-
0:  BR:  0.433333  [Phase Space]   :   anti_k_star0 pi-
1:  BR:  0.216667  [Phase Space]   :   k_star- pi0
2:  BR:  0.2  [Phase Space]   :   anti_kaon0 pi-
3:  BR:  0.1  [Phase Space]   :   kaon- pi0
4:  BR:  0.0333333  [Phase Space]   :   anti_kaon0 rho-
5:  BR:  0.0166667  [Phase Space]   :   kaon- rho0


--- G4ParticleDefinition ---
 Particle Name : k_star(1410)0
 PDG particle code : 100313 [PDG anti-particle code: -100313]
 Mass [GeV/c2] : 1.414     Width : 0.232
 Lifetime [nsec] : 0
 Charge [e]: 0
 Spin : 2/2
 Parity : -1
 Charge conjugation : -1
 Isospin : (I,Iz): (1/2 , -1/2 ) 
 GParity : 0
 Quark contents     (d,u,s,c,b,t) : 1, 0, 0, 0, 0, 0
 AntiQuark contents               : 0, 0, 1, 0, 0, 0
 Lepton number : 0 Baryon number : 0
 Particle type : meson [k_star(1410)]
 ShortLived : ON
G4DecayTable:  k_star(1410)0
0:  BR:  0.433333  [Phase Space]   :   k_star+ pi-
1:  BR:  0.216667  [Phase Space]   :   k_star0 pi0
2:  BR:  0.2  [Phase Space]   :   kaon+ pi-
3:  BR:  0.1  [Phase Space]   :   kaon0 pi0
4:  BR:  0.0333333  [Phase Space]   :   kaon+ rho-
5:  BR:  0.0166667  [Phase Space]   :   kaon0 rho0


--- G4ParticleDefinition ---
 Particle Name : k_star(1680)+
 PDG particle code : 30323 [PDG anti-particle code: -30323]
 Mass [GeV/c2] : 1.717     Width : 0.32
 Lifetime [nsec] : 0
 Charge [e]: 1
 Spin : 2/2
 Parity : -1
 Charge conjugation : -1
 Isospin : (I,Iz): (1/2 , 1/2 ) 
 GParity : 0
 Quark contents     (d,u,s,c,b,t) : 0, 1, 0, 0, 0, 0
 AntiQuark contents               : 0, 0, 1, 0, 0, 0
 Lepton number : 0 Baryon number : 0
 Particle type : meson [k_star(1680)]
 ShortLived : ON
G4DecayTable:  k_star(1680)+
0:  BR:  0.3  [Phase Space]   :   kaon+ omega
1:  BR:  0.266667  [Phase Space]   :   k_star0 pi+
2:  BR:  0.2  [Phase Space]   :   kaon0 rho+
3:  BR:  0.133333  [Phase Space]   :   k_star+ pi0
4:  BR:  0.1  [Phase Space]   :   kaon+ rho0


--- G4ParticleDefinition ---
 Particle Name : k_star(1680)-
 PDG particle code : -30323 [PDG anti-particle code: 30323]
 Mass [GeV/c2] : 1.717     Width : 0.32
 Lifetime [nsec] : 0
 Charge [e]: -1
 Spin : 2/2
 Parity : -1
 Charge conjugation : -1
 Isospin : (I,Iz): (1/2 , -1/2 ) 
 GParity : 0
 Quark contents     (d,u,s,c,b,t) : 0, 0, 1, 0, 0, 0
 AntiQuark contents               : 0, 1, 0, 0, 0, 0
 Lepton number : 0 Baryon number : 0
 Particle type : meson [k_star(1680)]
 ShortLived : ON
G4DecayTable:  k_star(1680)-
0:  BR:  0.3  [Phase Space]   :   kaon- omega
1:  BR:  0.266667  [Phase Space]   :   anti_k_star0 pi-
2:  BR:  0.2  [Phase Space]   :   anti_kaon0 rho-
3:  BR:  0.133333  [Phase Space]   :   k_star- pi0
4:  BR:  0.1  [Phase Space]   :   kaon- rho0


--- G4ParticleDefinition ---
 Particle Name : k_star(1680)0
 PDG particle code : 30313 [PDG anti-particle code: -30313]
 Mass [GeV/c2] : 1.717     Width : 0.32
 Lifetime [nsec] : 0
 Charge [e]: 0
 Spin : 2/2
 Parity : -1
 Charge conjugation : -1
 Isospin : (I,Iz): (1/2 , -1/2 ) 
 GParity : 0
 Quark contents     (d,u,s,c,b,t) : 1, 0, 0, 0, 0, 0
 AntiQuark contents               : 0, 0, 1, 0, 0, 0
 Lepton number : 0 Baryon number : 0
 Particle type : meson [k_star(1680)]
 ShortLived : ON
G4DecayTable:  k_star(1680)0
0:  BR:  0.3  [Phase Space]   :   kaon0 omega
1:  BR:  0.266667  [Phase Space]   :   k_star+ pi-
2:  BR:  0.2  [Phase Space]   :   kaon+ rho-
3:  BR:  0.133333  [Phase Space]   :   k_star0 pi0
4:  BR:  0.1  [Phase Space]   :   kaon0 rho0


--- G4ParticleDefinition ---
 Particle Name : k_star+
 PDG particle code : 323 [PDG anti-particle code: -323]
 Mass [GeV/c2] : 0.89166     Width : 0.0508
 Lifetime [nsec] : 0
 Charge [e]: 1
 Spin : 2/2
 Parity : -1
 Charge conjugation : 0
 Isospin : (I,Iz): (1/2 , 1/2 ) 
 GParity : 0
 Quark contents     (d,u,s,c,b,t) : 0, 1, 0, 0, 0, 0
 AntiQuark contents               : 0, 0, 1, 0, 0, 0
 Lepton number : 0 Baryon number : 0
 Particle type : meson [k_star]
 ShortLived : ON
G4DecayTable:  k_star+
0:  BR:  0.5  [Phase Space]   :   kaon+ pi0
1:  BR:  0.5  [Phase Space]   :   kaon0 pi+


--- G4ParticleDefinition ---
 Particle Name : k_star-
 PDG particle code : -323 [PDG anti-particle code: 323]
 Mass [GeV/c2] : 0.89166     Width : 0.0508
 Lifetime [nsec] : 0
 Charge [e]: -1
 Spin : 2/2
 Parity : -1
 Charge conjugation : 0
 Isospin : (I,Iz): (1/2 , 1/2 ) 
 GParity : 0
 Quark contents     (d,u,s,c,b,t) : 0, 0, 1, 0, 0, 0
 AntiQuark contents               : 0, 1, 0, 0, 0, 0
 Lepton number : 0 Baryon number : 0
 Particle type : meson [k_star]
 ShortLived : ON
G4DecayTable:  k_star-
0:  BR:  0.5  [Phase Space]   :   kaon- pi0
1:  BR:  0.5  [Phase Space]   :   anti_kaon0 pi-


--- G4ParticleDefinition ---
 Particle Name : k_star0
 PDG particle code : 313 [PDG anti-particle code: -313]
 Mass [GeV/c2] : 0.89581     Width : 0.0474
 Lifetime [nsec] : 0
 Charge [e]: 0
 Spin : 2/2
 Parity : -1
 Charge conjugation : 0
 Isospin : (I,Iz): (1/2 , -1/2 ) 
 GParity : 0
 Quark contents     (d,u,s,c,b,t) : 1, 0, 0, 0, 0, 0
 AntiQuark contents               : 0, 0, 1, 0, 0, 0
 Lepton number : 0 Baryon number : 0
 Particle type : meson [k_star]
 ShortLived : ON
G4DecayTable:  k_star0
0:  BR:  0.5  [Phase Space]   :   kaon+ pi-
1:  BR:  0.5  [Phase Space]   :   kaon0 pi0


--- G4ParticleDefinition ---
 Particle Name : kaon+
 PDG particle code : 321 [PDG anti-particle code: -321]
 Mass [GeV/c2] : 0.493677     Width : 5.317e-17
 Lifetime [nsec] : 12.38
 Charge [e]: 1
 Spin : 0/2
 Parity : -1
 Charge conjugation : 0
 Isospin : (I,Iz): (1/2 , 1/2 ) 
 GParity : 0
 Quark contents     (d,u,s,c,b,t) : 0, 1, 0, 0, 0, 0
 AntiQuark contents               : 0, 0, 1, 0, 0, 0
 Lepton number : 0 Baryon number : 0
 Particle type : meson [kaon]
G4DecayTable:  kaon+
0:  BR:  0.6355  [Phase Space]   :   mu+ nu_mu
1:  BR:  0.2066  [Phase Space]   :   pi+ pi0
2:  BR:  0.0559  [Phase Space]   :   pi+ pi+ pi-
3:  BR:  0.0507  [KL3 Decay]   :   pi0 e+ nu_e
4:  BR:  0.0335  [KL3 Decay]   :   pi0 mu+ nu_mu
5:  BR:  0.01761  [Phase Space]   :   pi+ pi0 pi0


--- G4ParticleDefinition ---
 Particle Name : kaon-
 PDG particle code : -321 [PDG anti-particle code: 321]
 Mass [GeV/c2] : 0.493677     Width : 5.317e-17
 Lifetime [nsec] : 12.38
 Charge [e]: -1
 Spin : 0/2
 Parity : -1
 Charge conjugation : 0
 Isospin : (I,Iz): (1/2 , -1/2 ) 
 GParity : 0
 Quark contents     (d,u,s,c,b,t) : 0, 0, 1, 0, 0, 0
 AntiQuark contents               : 0, 1, 0, 0, 0, 0
 Lepton number : 0 Baryon number : 0
 Particle type : meson [kaon]
G4DecayTable:  kaon-
0:  BR:  0.6355  [Phase Space]   :   mu- anti_nu_mu
1:  BR:  0.2066  [Phase Space]   :   pi- pi0
2:  BR:  0.0559  [Phase Space]   :   pi- pi+ pi-
3:  BR:  0.0507  [KL3 Decay]   :   pi0 e- anti_nu_e
4:  BR:  0.0335  [KL3 Decay]   :   pi0 mu- anti_nu_mu
5:  BR:  0.01761  [Phase Space]   :   pi- pi0 pi0


--- G4ParticleDefinition ---
 Particle Name : kaon0
 PDG particle code : 311 [PDG anti-particle code: -311]
 Mass [GeV/c2] : 0.497614     Width : 0
 Lifetime [nsec] : 0
 Charge [e]: 0
 Spin : 0/2
 Parity : -1
 Charge conjugation : 0
 Isospin : (I,Iz): (1/2 , -1/2 ) 
 GParity : 0
 Quark contents     (d,u,s,c,b,t) : 1, 0, 0, 0, 0, 0
 AntiQuark contents               : 0, 0, 1, 0, 0, 0
 Lepton number : 0 Baryon number : 0
 Particle type : meson [kaon]
G4DecayTable:  kaon0
0:  BR:  0.5  [Phase Space]   :   kaon0L
1:  BR:  0.5  [Phase Space]   :   kaon0S


--- G4ParticleDefinition ---
 Particle Name : kaon0L
 PDG particle code : 130 [PDG anti-particle code: 130]
 Mass [GeV/c2] : 0.497614     Width : 1.287e-17
 Lifetime [nsec] : 51.16
 Charge [e]: 0
 Spin : 0/2
 Parity : -1
 Charge conjugation : 0
 Isospin : (I,Iz): (1/2 , 0/2 ) 
 GParity : 0
 Quark contents     (d,u,s,c,b,t) : 1, 0, 0, 0, 0, 0
 AntiQuark contents               : 0, 0, 1, 0, 0, 0
 Lepton number : 0 Baryon number : 0
 Particle type : meson [kaon]
G4DecayTable:  kaon0L
0:  BR:  0.2027  [KL3 Decay]   :   pi- e+ nu_e
1:  BR:  0.2027  [KL3 Decay]   :   pi+ e- anti_nu_e
2:  BR:  0.1952  [Phase Space]   :   pi0 pi0 pi0
3:  BR:  0.1352  [KL3 Decay]   :   pi- mu+ nu_mu
4:  BR:  0.1352  [KL3 Decay]   :   pi+ mu- anti_nu_mu
5:  BR:  0.1254  [Phase Space]   :   pi0 pi+ pi-


--- G4ParticleDefinition ---
 Particle Name : kaon0S
 PDG particle code : 310 [PDG anti-particle code: 310]
 Mass [GeV/c2] : 0.497614     Width : 7.3508e-15
 Lifetime [nsec] : 0.08954
 Charge [e]: 0
 Spin : 0/2
 Parity : -1
 Charge conjugation : 0
 Isospin : (I,Iz): (1/2 , 0/2 ) 
 GParity : 0
 Quark contents     (d,u,s,c,b,t) : 1, 0, 0, 0, 0, 0
 AntiQuark contents               : 0, 0, 1, 0, 0, 0
 Lepton number : 0 Baryon number : 0
 Particle type : meson [kaon]
G4DecayTable:  kaon0S
0:  BR:  0.692  [Phase Space]   :   pi+ pi-
1:  BR:  0.3069  [Phase Space]   :   pi0 pi0


--- G4ParticleDefinition ---
 Particle Name : lambda
 PDG particle code : 3122 [PDG anti-particle code: -3122]
 Mass [GeV/c2] : 1.11568     Width : 2.501e-15
 Lifetime [nsec] : 0.2631
 Charge [e]: 0
 Spin : 1/2
 Parity : 1
 Charge conjugation : 0
 Isospin : (I,Iz): (0/2 , 0/2 ) 
 GParity : 0
 MagneticMoment [MeV/T] : -1.93245e-14
 Quark contents     (d,u,s,c,b,t) : 1, 1, 1, 0, 0, 0
 AntiQuark contents               : 0, 0, 0, 0, 0, 0
 Lepton number : 0 Baryon number : 1
 Particle type : baryon [lambda]
G4DecayTable:  lambda
0:  BR:  0.639  [Phase Space]   :   proton pi-
1:  BR:  0.358  [Phase Space]   :   neutron pi0


--- G4ParticleDefinition ---
 Particle Name : lambda(1405)
 PDG particle code : 13122 [PDG anti-particle code: -13122]
 Mass [GeV/c2] : 1.4051     Width : 0.0505
 Lifetime [nsec] : 0
 Charge [e]: 0
 Spin : 1/2
 Parity : -1
 Charge conjugation : 0
 Isospin : (I,Iz): (0/2 , 0/2 ) 
 GParity : 0
 Quark contents     (d,u,s,c,b,t) : 1, 1, 1, 0, 0, 0
 AntiQuark contents               : 0, 0, 0, 0, 0, 0
 Lepton number : 0 Baryon number : 1
 Particle type : baryon [lambda(1405)]
 ShortLived : ON
G4DecayTable:  lambda(1405)
0:  BR:  0.333333  [Phase Space]   :   sigma+ pi-
1:  BR:  0.333333  [Phase Space]   :   sigma0 pi0
2:  BR:  0.333333  [Phase Space]   :   sigma- pi+


--- G4ParticleDefinition ---
 Particle Name : lambda(1520)
 PDG particle code : 3124 [PDG anti-particle code: -3124]
 Mass [GeV/c2] : 1.5195     Width : 0.0156
 Lifetime [nsec] : 0
 Charge [e]: 0
 Spin : 3/2
 Parity : -1
 Charge conjugation : 0
 Isospin : (I,Iz): (0/2 , 0/2 ) 
 GParity : 0
 Quark contents     (d,u,s,c,b,t) : 1, 1, 1, 0, 0, 0
 AntiQuark contents               : 0, 0, 0, 0, 0, 0
 Lepton number : 0 Baryon number : 1
 Particle type : baryon [lambda(1520)]
 ShortLived : ON
G4DecayTable:  lambda(1520)
0:  BR:  0.225  [Phase Space]   :   proton kaon-
1:  BR:  0.225  [Phase Space]   :   neutron anti_kaon0
2:  BR:  0.143333  [Phase Space]   :   sigma+ pi-
3:  BR:  0.143333  [Phase Space]   :   sigma0 pi0
4:  BR:  0.143333  [Phase Space]   :   sigma- pi+
5:  BR:  0.0366667  [Phase Space]   :   sigma(1385)+ pi-
6:  BR:  0.0366667  [Phase Space]   :   sigma(1385)0 pi0
7:  BR:  0.0366667  [Phase Space]   :   sigma(1385)- pi+
8:  BR:  0.01  [Phase Space]   :   lambda gamma


--- G4ParticleDefinition ---
 Particle Name : lambda(1600)
 PDG particle code : 23122 [PDG anti-particle code: -23122]
 Mass [GeV/c2] : 1.6     Width : 0.15
 Lifetime [nsec] : 0
 Charge [e]: 0
 Spin : 1/2
 Parity : 1
 Charge conjugation : 0
 Isospin : (I,Iz): (0/2 , 0/2 ) 
 GParity : 0
 Quark contents     (d,u,s,c,b,t) : 1, 1, 1, 0, 0, 0
 AntiQuark contents               : 0, 0, 0, 0, 0, 0
 Lepton number : 0 Baryon number : 1
 Particle type : baryon [lambda(1600)]
 ShortLived : ON
G4DecayTable:  lambda(1600)
0:  BR:  0.216667  [Phase Space]   :   sigma+ pi-
1:  BR:  0.216667  [Phase Space]   :   sigma0 pi0
2:  BR:  0.216667  [Phase Space]   :   sigma- pi+
3:  BR:  0.175  [Phase Space]   :   proton kaon-
4:  BR:  0.175  [Phase Space]   :   neutron anti_kaon0


--- G4ParticleDefinition ---
 Particle Name : lambda(1670)
 PDG particle code : 33122 [PDG anti-particle code: -33122]
 Mass [GeV/c2] : 1.67     Width : 0.035
 Lifetime [nsec] : 0
 Charge [e]: 0
 Spin : 1/2
 Parity : -1
 Charge conjugation : 0
 Isospin : (I,Iz): (0/2 , 0/2 ) 
 GParity : 0
 Quark contents     (d,u,s,c,b,t) : 1, 1, 1, 0, 0, 0
 AntiQuark contents               : 0, 0, 0, 0, 0, 0
 Lepton number : 0 Baryon number : 1
 Particle type : baryon [lambda(1670)]
 ShortLived : ON
G4DecayTable:  lambda(1670)
0:  BR:  0.3  [Phase Space]   :   lambda eta
1:  BR:  0.166667  [Phase Space]   :   sigma+ pi-
2:  BR:  0.166667  [Phase Space]   :   sigma0 pi0
3:  BR:  0.166667  [Phase Space]   :   sigma- pi+
4:  BR:  0.1  [Phase Space]   :   proton kaon-
5:  BR:  0.1  [Phase Space]   :   neutron anti_kaon0


--- G4ParticleDefinition ---
 Particle Name : lambda(1690)
 PDG particle code : 13124 [PDG anti-particle code: -13124]
 Mass [GeV/c2] : 1.69     Width : 0.06
 Lifetime [nsec] : 0
 Charge [e]: 0
 Spin : 3/2
 Parity : -1
 Charge conjugation : 0
 Isospin : (I,Iz): (0/2 , 0/2 ) 
 GParity : 0
 Quark contents     (d,u,s,c,b,t) : 1, 1, 1, 0, 0, 0
 AntiQuark contents               : 0, 0, 0, 0, 0, 0
 Lepton number : 0 Baryon number : 1
 Particle type : baryon [lambda(1690)]
 ShortLived : ON
G4DecayTable:  lambda(1690)
0:  BR:  0.15  [Phase Space]   :   sigma+ pi-
1:  BR:  0.15  [Phase Space]   :   sigma0 pi0
2:  BR:  0.15  [Phase Space]   :   sigma- pi+
3:  BR:  0.125  [Phase Space]   :   proton kaon-
4:  BR:  0.125  [Phase Space]   :   neutron anti_kaon0
5:  BR:  0.1  [Phase Space]   :   sigma(1385)+ pi-
6:  BR:  0.1  [Phase Space]   :   sigma(1385)0 pi0
7:  BR:  0.1  [Phase Space]   :   sigma(1385)- pi+


--- G4ParticleDefinition ---
 Particle Name : lambda(1800)
 PDG particle code : 43122 [PDG anti-particle code: -43122]
 Mass [GeV/c2] : 1.8     Width : 0.3
 Lifetime [nsec] : 0
 Charge [e]: 0
 Spin : 1/2
 Parity : -1
 Charge conjugation : 0
 Isospin : (I,Iz): (0/2 , 0/2 ) 
 GParity : 0
 Quark contents     (d,u,s,c,b,t) : 1, 1, 1, 0, 0, 0
 AntiQuark contents               : 0, 0, 0, 0, 0, 0
 Lepton number : 0 Baryon number : 1
 Particle type : baryon [lambda(1800)]
 ShortLived : ON
G4DecayTable:  lambda(1800)
0:  BR:  0.2  [Phase Space]   :   proton kaon-
1:  BR:  0.2  [Phase Space]   :   neutron anti_kaon0
2:  BR:  0.1  [Phase Space]   :   proton k_star-
3:  BR:  0.1  [Phase Space]   :   neutron anti_k_star0
4:  BR:  0.0666667  [Phase Space]   :   sigma+ pi-
5:  BR:  0.0666667  [Phase Space]   :   sigma0 pi0
6:  BR:  0.0666667  [Phase Space]   :   sigma- pi+
7:  BR:  0.0666667  [Phase Space]   :   sigma(1385)+ pi-
8:  BR:  0.0666667  [Phase Space]   :   sigma(1385)0 pi0
9:  BR:  0.0666667  [Phase Space]   :   sigma(1385)- pi+


--- G4ParticleDefinition ---
 Particle Name : lambda(1810)
 PDG particle code : 53122 [PDG anti-particle code: -53122]
 Mass [GeV/c2] : 1.81     Width : 0.15
 Lifetime [nsec] : 0
 Charge [e]: 0
 Spin : 1/2
 Parity : 1
 Charge conjugation : 0
 Isospin : (I,Iz): (0/2 , 0/2 ) 
 GParity : 0
 Quark contents     (d,u,s,c,b,t) : 1, 1, 1, 0, 0, 0
 AntiQuark contents               : 0, 0, 0, 0, 0, 0
 Lepton number : 0 Baryon number : 1
 Particle type : baryon [lambda(1810)]
 ShortLived : ON
G4DecayTable:  lambda(1810)
0:  BR:  0.225  [Phase Space]   :   proton k_star-
1:  BR:  0.225  [Phase Space]   :   neutron anti_k_star0
2:  BR:  0.175  [Phase Space]   :   proton kaon-
3:  BR:  0.175  [Phase Space]   :   neutron anti_kaon0
4:  BR:  0.05  [Phase Space]   :   sigma+ pi-
5:  BR:  0.05  [Phase Space]   :   sigma0 pi0
6:  BR:  0.05  [Phase Space]   :   sigma- pi+
7:  BR:  0.0166667  [Phase Space]   :   sigma(1385)+ pi-
8:  BR:  0.0166667  [Phase Space]   :   sigma(1385)0 pi0
9:  BR:  0.0166667  [Phase Space]   :   sigma(1385)- pi+


--- G4ParticleDefinition ---
 Particle Name : lambda(1820)
 PDG particle code : 3126 [PDG anti-particle code: -3126]
 Mass [GeV/c2] : 1.82     Width : 0.08
 Lifetime [nsec] : 0
 Charge [e]: 0
 Spin : 5/2
 Parity : 1
 Charge conjugation : 0
 Isospin : (I,Iz): (0/2 , 0/2 ) 
 GParity : 0
 Quark contents     (d,u,s,c,b,t) : 1, 1, 1, 0, 0, 0
 AntiQuark contents               : 0, 0, 0, 0, 0, 0
 Lepton number : 0 Baryon number : 1
 Particle type : baryon [lambda(1820)]
 ShortLived : ON
G4DecayTable:  lambda(1820)
0:  BR:  0.365  [Phase Space]   :   proton kaon-
1:  BR:  0.365  [Phase Space]   :   neutron anti_kaon0
2:  BR:  0.0533333  [Phase Space]   :   sigma+ pi-
3:  BR:  0.0533333  [Phase Space]   :   sigma0 pi0
4:  BR:  0.0533333  [Phase Space]   :   sigma- pi+
5:  BR:  0.0366667  [Phase Space]   :   sigma(1385)+ pi-
6:  BR:  0.0366667  [Phase Space]   :   sigma(1385)0 pi0
7:  BR:  0.0366667  [Phase Space]   :   sigma(1385)- pi+


--- G4ParticleDefinition ---
 Particle Name : lambda(1830)
 PDG particle code : 13126 [PDG anti-particle code: -13126]
 Mass [GeV/c2] : 1.83     Width : 0.095
 Lifetime [nsec] : 0
 Charge [e]: 0
 Spin : 5/2
 Parity : -1
 Charge conjugation : 0
 Isospin : (I,Iz): (0/2 , 0/2 ) 
 GParity : 0
 Quark contents     (d,u,s,c,b,t) : 1, 1, 1, 0, 0, 0
 AntiQuark contents               : 0, 0, 0, 0, 0, 0
 Lepton number : 0 Baryon number : 1
 Particle type : baryon [lambda(1830)]
 ShortLived : ON
G4DecayTable:  lambda(1830)
0:  BR:  0.233333  [Phase Space]   :   sigma+ pi-
1:  BR:  0.233333  [Phase Space]   :   sigma0 pi0
2:  BR:  0.233333  [Phase Space]   :   sigma- pi+
3:  BR:  0.0666667  [Phase Space]   :   sigma(1385)+ pi-
4:  BR:  0.0666667  [Phase Space]   :   sigma(1385)0 pi0
5:  BR:  0.0666667  [Phase Space]   :   sigma(1385)- pi+
6:  BR:  0.05  [Phase Space]   :   proton kaon-
7:  BR:  0.05  [Phase Space]   :   neutron anti_kaon0


--- G4ParticleDefinition ---
 Particle Name : lambda(1890)
 PDG particle code : 23124 [PDG anti-particle code: -23124]
 Mass [GeV/c2] : 1.89     Width : 0.1
 Lifetime [nsec] : 0
 Charge [e]: 0
 Spin : 3/2
 Parity : 1
 Charge conjugation : 0
 Isospin : (I,Iz): (0/2 , 0/2 ) 
 GParity : 0
 Quark contents     (d,u,s,c,b,t) : 1, 1, 1, 0, 0, 0
 AntiQuark contents               : 0, 0, 0, 0, 0, 0
 Lepton number : 0 Baryon number : 1
 Particle type : baryon [lambda(1890)]
 ShortLived : ON
G4DecayTable:  lambda(1890)
0:  BR:  0.185  [Phase Space]   :   proton kaon-
1:  BR:  0.185  [Phase Space]   :   neutron anti_kaon0
2:  BR:  0.105  [Phase Space]   :   proton k_star-
3:  BR:  0.105  [Phase Space]   :   neutron anti_k_star0
4:  BR:  0.103333  [Phase Space]   :   sigma(1385)+ pi-
5:  BR:  0.103333  [Phase Space]   :   sigma(1385)0 pi0
6:  BR:  0.103333  [Phase Space]   :   sigma(1385)- pi+
7:  BR:  0.0366667  [Phase Space]   :   sigma+ pi-
8:  BR:  0.0366667  [Phase Space]   :   sigma0 pi0
9:  BR:  0.0366667  [Phase Space]   :   sigma- pi+


--- G4ParticleDefinition ---
 Particle Name : lambda(2100)
 PDG particle code : 3128 [PDG anti-particle code: -3128]
 Mass [GeV/c2] : 2.1     Width : 0.2
 Lifetime [nsec] : 0
 Charge [e]: 0
 Spin : 7/2
 Parity : -1
 Charge conjugation : 0
 Isospin : (I,Iz): (0/2 , 0/2 ) 
 GParity : 0
 Quark contents     (d,u,s,c,b,t) : 1, 1, 1, 0, 0, 0
 AntiQuark contents               : 0, 0, 0, 0, 0, 0
 Lepton number : 0 Baryon number : 1
 Particle type : baryon [lambda(2100)]
 ShortLived : ON
G4DecayTable:  lambda(2100)
0:  BR:  0.175  [Phase Space]   :   proton kaon-
1:  BR:  0.175  [Phase Space]   :   neutron anti_kaon0
2:  BR:  0.1  [Phase Space]   :   proton k_star-
3:  BR:  0.1  [Phase Space]   :   neutron anti_k_star0
4:  BR:  0.1  [Phase Space]   :   sigma(1385)+ pi-
5:  BR:  0.1  [Phase Space]   :   sigma(1385)0 pi0
6:  BR:  0.1  [Phase Space]   :   sigma(1385)- pi+
7:  BR:  0.08  [Phase Space]   :   lambda omega
8:  BR:  0.02  [Phase Space]   :   lambda eta
9:  BR:  0.0166667  [Phase Space]   :   sigma+ pi-
10:  BR:  0.0166667  [Phase Space]   :   sigma0 pi0
11:  BR:  0.0166667  [Phase Space]   :   sigma- pi+


--- G4ParticleDefinition ---
 Particle Name : lambda(2110)
 PDG particle code : 23126 [PDG anti-particle code: -23126]
 Mass [GeV/c2] : 2.11     Width : 0.2
 Lifetime [nsec] : 0
 Charge [e]: 0
 Spin : 5/2
 Parity : 1
 Charge conjugation : 0
 Isospin : (I,Iz): (0/2 , 0/2 ) 
 GParity : 0
 Quark contents     (d,u,s,c,b,t) : 1, 1, 1, 0, 0, 0
 AntiQuark contents               : 0, 0, 0, 0, 0, 0
 Lepton number : 0 Baryon number : 1
 Particle type : baryon [lambda(2110)]
 ShortLived : ON
G4DecayTable:  lambda(2110)
0:  BR:  0.225  [Phase Space]   :   proton k_star-
1:  BR:  0.225  [Phase Space]   :   neutron anti_k_star0
2:  BR:  0.125  [Phase Space]   :   proton kaon-
3:  BR:  0.125  [Phase Space]   :   neutron anti_kaon0
4:  BR:  0.1  [Phase Space]   :   sigma+ pi-
5:  BR:  0.1  [Phase Space]   :   sigma0 pi0
6:  BR:  0.1  [Phase Space]   :   sigma- pi+


--- G4ParticleDefinition ---
 Particle Name : lambda_b
 PDG particle code : 5122 [PDG anti-particle code: -5122]
 Mass [GeV/c2] : 5.6195     Width : 4.54e-13
 Lifetime [nsec] : 0.001451
 Charge [e]: 0
 Spin : 1/2
 Parity : 1
 Charge conjugation : 0
 Isospin : (I,Iz): (0/2 , 0/2 ) 
 GParity : 0
 Quark contents     (d,u,s,c,b,t) : 1, 1, 0, 0, 1, 0
 AntiQuark contents               : 0, 0, 0, 0, 0, 0
 Lepton number : 0 Baryon number : 1
 Particle type : baryon [lambda_b]
Decay Table is not defined !!

--- G4ParticleDefinition ---
 Particle Name : lambda_c+
 PDG particle code : 4122 [PDG anti-particle code: -4122]
 Mass [GeV/c2] : 2.28646     Width : 3.3e-12
 Lifetime [nsec] : 0.0002
 Charge [e]: 1
 Spin : 1/2
 Parity : 1
 Charge conjugation : 0
 Isospin : (I,Iz): (0/2 , 0/2 ) 
 GParity : 0
 Quark contents     (d,u,s,c,b,t) : 1, 1, 0, 1, 0, 0
 AntiQuark contents               : 0, 0, 0, 0, 0, 0
 Lepton number : 0 Baryon number : 1
 Particle type : baryon [lambda_c]
Decay Table is not defined !!

--- G4ParticleDefinition ---
 Particle Name : mu+
 PDG particle code : -13 [PDG anti-particle code: 13]
 Mass [GeV/c2] : 0.105658     Width : 2.99598e-19
 Lifetime [nsec] : 2196.98
 Charge [e]: 1
 Spin : 1/2
 Parity : 0
 Charge conjugation : 0
 Isospin : (I,Iz): (0/2 , 0/2 ) 
 GParity : 0
 MagneticMoment [MeV/T] : 2.80272e-13
 Quark contents     (d,u,s,c,b,t) : 0, 0, 0, 0, 0, 0
 AntiQuark contents               : 0, 0, 0, 0, 0, 0
 Lepton number : -1 Baryon number : 0
 Particle type : lepton [mu]
G4DecayTable:  mu+
0:  BR:  1  [Muon Decay]   :   e+ nu_e anti_nu_mu


--- G4ParticleDefinition ---
 Particle Name : mu-
 PDG particle code : 13 [PDG anti-particle code: -13]
 Mass [GeV/c2] : 0.105658     Width : 2.99598e-19
 Lifetime [nsec] : 2196.98
 Charge [e]: -1
 Spin : 1/2
 Parity : 0
 Charge conjugation : 0
 Isospin : (I,Iz): (0/2 , 0/2 ) 
 GParity : 0
 MagneticMoment [MeV/T] : -2.80272e-13
 Quark contents     (d,u,s,c,b,t) : 0, 0, 0, 0, 0, 0
 AntiQuark contents               : 0, 0, 0, 0, 0, 0
 Lepton number : 1 Baryon number : 0
 Particle type : lepton [mu]
G4DecayTable:  mu-
0:  BR:  1  [Muon Decay]   :   e- anti_nu_e nu_mu


--- G4ParticleDefinition ---
 Particle Name : neutron
 PDG particle code : 2112 [PDG anti-particle code: -2112]
 Mass [GeV/c2] : 0.939565     Width : 7.477e-28
 Lifetime [nsec] : 8.803e+11
 Charge [e]: 0
 Spin : 1/2
 Parity : 1
 Charge conjugation : 0
 Isospin : (I,Iz): (1/2 , -1/2 ) 
 GParity : 0
 MagneticMoment [MeV/T] : -6.03077e-14
 Quark contents     (d,u,s,c,b,t) : 2, 1, 0, 0, 0, 0
 AntiQuark contents               : 0, 0, 0, 0, 0, 0
 Lepton number : 0 Baryon number : 1
 Particle type : baryon [nucleon]
G4DecayTable:  neutron
0:  BR:  1  [Neutron Decay]   :   e- anti_nu_e proton


--- G4ParticleDefinition ---
 Particle Name : nu_e
 PDG particle code : 12 [PDG anti-particle code: -12]
 Mass [GeV/c2] : 0     Width : 0
 Lifetime [nsec] : 0
 Charge [e]: 0
 Spin : 1/2
 Parity : 0
 Charge conjugation : 0
 Isospin : (I,Iz): (0/2 , 0/2 ) 
 GParity : 0
 Quark contents     (d,u,s,c,b,t) : 0, 0, 0, 0, 0, 0
 AntiQuark contents               : 0, 0, 0, 0, 0, 0
 Lepton number : 1 Baryon number : 0
 Particle type : lepton [e]
 Stable : stable

--- G4ParticleDefinition ---
 Particle Name : nu_mu
 PDG particle code : 14 [PDG anti-particle code: -14]
 Mass [GeV/c2] : 0     Width : 0
 Lifetime [nsec] : 0
 Charge [e]: 0
 Spin : 1/2
 Parity : 0
 Charge conjugation : 0
 Isospin : (I,Iz): (0/2 , 0/2 ) 
 GParity : 0
 Quark contents     (d,u,s,c,b,t) : 0, 0, 0, 0, 0, 0
 AntiQuark contents               : 0, 0, 0, 0, 0, 0
 Lepton number : 1 Baryon number : 0
 Particle type : lepton [mu]
 Stable : stable

--- G4ParticleDefinition ---
 Particle Name : nu_tau
 PDG particle code : 16 [PDG anti-particle code: -16]
 Mass [GeV/c2] : 0     Width : 0
 Lifetime [nsec] : 0
 Charge [e]: 0
 Spin : 1/2
 Parity : 0
 Charge conjugation : 0
 Isospin : (I,Iz): (0/2 , 0/2 ) 
 GParity : 0
 Quark contents     (d,u,s,c,b,t) : 0, 0, 0, 0, 0, 0
 AntiQuark contents               : 0, 0, 0, 0, 0, 0
 Lepton number : 1 Baryon number : 0
 Particle type : lepton [tau]
 Stable : stable

--- G4ParticleDefinition ---
 Particle Name : omega
 PDG particle code : 223 [PDG anti-particle code: 223]
 Mass [GeV/c2] : 0.78265     Width : 0.00849
 Lifetime [nsec] : 0
 Charge [e]: 0
 Spin : 2/2
 Parity : -1
 Charge conjugation : -1
 Isospin : (I,Iz): (0/2 , 0/2 ) 
 GParity : -1
 Quark contents     (d,u,s,c,b,t) : 0, 1, 0, 0, 0, 0
 AntiQuark contents               : 0, 1, 0, 0, 0, 0
 Lepton number : 0 Baryon number : 0
 Particle type : meson [omega]
 ShortLived : ON
G4DecayTable:  omega
0:  BR:  0.891  [Phase Space]   :   pi+ pi- pi0
1:  BR:  0.089  [Phase Space]   :   gamma pi0
2:  BR:  0.017  [Phase Space]   :   pi+ pi-


--- G4ParticleDefinition ---
 Particle Name : omega(1420)
 PDG particle code : 100223 [PDG anti-particle code: 100223]
 Mass [GeV/c2] : 1.425     Width : 0.215
 Lifetime [nsec] : 0
 Charge [e]: 0
 Spin : 2/2
 Parity : -1
 Charge conjugation : -1
 Isospin : (I,Iz): (0/2 , 0/2 ) 
 GParity : -1
 Quark contents     (d,u,s,c,b,t) : 0, 1, 0, 0, 0, 0
 AntiQuark contents               : 0, 1, 0, 0, 0, 0
 Lepton number : 0 Baryon number : 0
 Particle type : meson [omega(1420)]
 ShortLived : ON
G4DecayTable:  omega(1420)
0:  BR:  0.333333  [Phase Space]   :   pi+ rho-
1:  BR:  0.333333  [Phase Space]   :   pi0 rho0
2:  BR:  0.333333  [Phase Space]   :   pi- rho+


--- G4ParticleDefinition ---
 Particle Name : omega(1650)
 PDG particle code : 30223 [PDG anti-particle code: 30223]
 Mass [GeV/c2] : 1.67     Width : 0.315
 Lifetime [nsec] : 0
 Charge [e]: 0
 Spin : 2/2
 Parity : -1
 Charge conjugation : -1
 Isospin : (I,Iz): (0/2 , 0/2 ) 
 GParity : -1
 Quark contents     (d,u,s,c,b,t) : 0, 1, 0, 0, 0, 0
 AntiQuark contents               : 0, 1, 0, 0, 0, 0
 Lepton number : 0 Baryon number : 0
 Particle type : meson [omega(1650)]
 ShortLived : ON
G4DecayTable:  omega(1650)
0:  BR:  0.333333  [Phase Space]   :   omega pi+ pi-
1:  BR:  0.166667  [Phase Space]   :   pi+ rho-
2:  BR:  0.166667  [Phase Space]   :   pi0 rho0
3:  BR:  0.166667  [Phase Space]   :   pi- rho+
4:  BR:  0.166667  [Phase Space]   :   omega pi0 pi0


--- G4ParticleDefinition ---
 Particle Name : omega-
 PDG particle code : 3334 [PDG anti-particle code: -3334]
 Mass [GeV/c2] : 1.67245     Width : 8.07e-15
 Lifetime [nsec] : 0.0821
 Charge [e]: -1
 Spin : 3/2
 Parity : 1
 Charge conjugation : 0
 Isospin : (I,Iz): (0/2 , 0/2 ) 
 GParity : 0
 MagneticMoment [MeV/T] : -6.36795e-14
 Quark contents     (d,u,s,c,b,t) : 0, 0, 3, 0, 0, 0
 AntiQuark contents               : 0, 0, 0, 0, 0, 0
 Lepton number : 0 Baryon number : 1
 Particle type : baryon [omega]
G4DecayTable:  omega-
0:  BR:  0.678  [Phase Space]   :   lambda kaon-
1:  BR:  0.236  [Phase Space]   :   xi0 pi-
2:  BR:  0.086  [Phase Space]   :   xi- pi0


--- G4ParticleDefinition ---
 Particle Name : omega3(1670)
 PDG particle code : 227 [PDG anti-particle code: 227]
 Mass [GeV/c2] : 1.667     Width : 0.168
 Lifetime [nsec] : 0
 Charge [e]: 0
 Spin : 6/2
 Parity : -1
 Charge conjugation : -1
 Isospin : (I,Iz): (0/2 , 0/2 ) 
 GParity : -1
 Quark contents     (d,u,s,c,b,t) : 0, 1, 0, 0, 0, 0
 AntiQuark contents               : 0, 1, 0, 0, 0, 0
 Lepton number : 0 Baryon number : 0
 Particle type : meson [omega3(1670)]
 ShortLived : ON
G4DecayTable:  omega3(1670)
0:  BR:  0.333333  [Phase Space]   :   omega pi+ pi-
1:  BR:  0.166667  [Phase Space]   :   pi+ rho-
2:  BR:  0.166667  [Phase Space]   :   pi0 rho0
3:  BR:  0.166667  [Phase Space]   :   pi- rho+
4:  BR:  0.166667  [Phase Space]   :   omega pi0 pi0


--- G4ParticleDefinition ---
 Particle Name : omega_b-
 PDG particle code : 5332 [PDG anti-particle code: -5332]
 Mass [GeV/c2] : 6.0488     Width : 5.8e-13
 Lifetime [nsec] : 0.0011
 Charge [e]: -1
 Spin : 1/2
 Parity : 1
 Charge conjugation : 0
 Isospin : (I,Iz): (0/2 , 0/2 ) 
 GParity : 0
 Quark contents     (d,u,s,c,b,t) : 0, 0, 2, 0, 1, 0
 AntiQuark contents               : 0, 0, 0, 0, 0, 0
 Lepton number : 0 Baryon number : 1
 Particle type : baryon [omega_b]
Decay Table is not defined !!

--- G4ParticleDefinition ---
 Particle Name : omega_c0
 PDG particle code : 4332 [PDG anti-particle code: -4332]
 Mass [GeV/c2] : 2.6952     Width : 9.6e-12
 Lifetime [nsec] : 6.9e-05
 Charge [e]: 0
 Spin : 1/2
 Parity : 1
 Charge conjugation : 0
 Isospin : (I,Iz): (0/2 , 0/2 ) 
 GParity : 0
 Quark contents     (d,u,s,c,b,t) : 0, 0, 2, 1, 0, 0
 AntiQuark contents               : 0, 0, 0, 0, 0, 0
 Lepton number : 0 Baryon number : 1
 Particle type : baryon [omega_c]
Decay Table is not defined !!

--- G4ParticleDefinition ---
 Particle Name : opticalphoton
 PDG particle code : 0 [PDG anti-particle code: 0]
 Mass [GeV/c2] : 0     Width : 0
 Lifetime [nsec] : 0
 Charge [e]: 0
 Spin : 2/2
 Parity : -1
 Charge conjugation : -1
 Isospin : (I,Iz): (0/2 , 0/2 ) 
 GParity : 0
 Quark contents     (d,u,s,c,b,t) : 0, 0, 0, 0, 0, 0
 AntiQuark contents               : 0, 0, 0, 0, 0, 0
 Lepton number : 0 Baryon number : 0
 Particle type : opticalphoton [photon]
 Stable : stable

--- G4ParticleDefinition ---
 Particle Name : phi
 PDG particle code : 333 [PDG anti-particle code: 333]
 Mass [GeV/c2] : 1.01946     Width : 0.004266
 Lifetime [nsec] : 0
 Charge [e]: 0
 Spin : 2/2
 Parity : -1
 Charge conjugation : -1
 Isospin : (I,Iz): (0/2 , 0/2 ) 
 GParity : -1
 Quark contents     (d,u,s,c,b,t) : 0, 0, 1, 0, 0, 0
 AntiQuark contents               : 0, 0, 1, 0, 0, 0
 Lepton number : 0 Baryon number : 0
 Particle type : meson [phi]
 ShortLived : ON
G4DecayTable:  phi
0:  BR:  0.492  [Phase Space]   :   kaon+ kaon-
1:  BR:  0.34  [Phase Space]   :   kaon0S kaon0L
2:  BR:  0.153  [Phase Space]   :   rho0 pi0


--- G4ParticleDefinition ---
 Particle Name : phi(1680)
 PDG particle code : 100333 [PDG anti-particle code: 100333]
 Mass [GeV/c2] : 1.68     Width : 0.15
 Lifetime [nsec] : 0
 Charge [e]: 0
 Spin : 2/2
 Parity : -1
 Charge conjugation : -1
 Isospin : (I,Iz): (0/2 , 0/2 ) 
 GParity : -1
 Quark contents     (d,u,s,c,b,t) : 0, 0, 1, 0, 0, 0
 AntiQuark contents               : 0, 0, 1, 0, 0, 0
 Lepton number : 0 Baryon number : 0
 Particle type : meson [phi(1680)]
 ShortLived : ON
G4DecayTable:  phi(1680)
0:  BR:  0.2  [Phase Space]   :   kaon+ k_star-
1:  BR:  0.2  [Phase Space]   :   kaon- k_star0
2:  BR:  0.2  [Phase Space]   :   kaon0 anti_k_star0
3:  BR:  0.2  [Phase Space]   :   anti_kaon0 k_star0
4:  BR:  0.05  [Phase Space]   :   kaon+ kaon-
5:  BR:  0.05  [Phase Space]   :   kaon0 anti_kaon0
6:  BR:  0.0333333  [Phase Space]   :   kaon+ anti_kaon0 pi-
7:  BR:  0.0333333  [Phase Space]   :   kaon- kaon0 pi+
8:  BR:  0.0166667  [Phase Space]   :   kaon+ kaon- pi0
9:  BR:  0.0166667  [Phase Space]   :   kaon0 anti_kaon0 pi0


--- G4ParticleDefinition ---
 Particle Name : phi3(1850)
 PDG particle code : 337 [PDG anti-particle code: 337]
 Mass [GeV/c2] : 1.854     Width : 0.087
 Lifetime [nsec] : 0
 Charge [e]: 0
 Spin : 6/2
 Parity : -1
 Charge conjugation : -1
 Isospin : (I,Iz): (0/2 , 0/2 ) 
 GParity : -1
 Quark contents     (d,u,s,c,b,t) : 0, 0, 1, 0, 0, 0
 AntiQuark contents               : 0, 0, 1, 0, 0, 0
 Lepton number : 0 Baryon number : 0
 Particle type : meson [phi3(1850)]
 ShortLived : ON
G4DecayTable:  phi3(1850)
0:  BR:  0.3  [Phase Space]   :   kaon+ kaon-
1:  BR:  0.3  [Phase Space]   :   kaon0 anti_kaon0
2:  BR:  0.1  [Phase Space]   :   kaon+ k_star-
3:  BR:  0.1  [Phase Space]   :   kaon- k_star0
4:  BR:  0.1  [Phase Space]   :   kaon0 anti_k_star0
5:  BR:  0.1  [Phase Space]   :   anti_kaon0 k_star0


--- G4ParticleDefinition ---
 Particle Name : pi(1300)+
 PDG particle code : 100211 [PDG anti-particle code: -100211]
 Mass [GeV/c2] : 1.3     Width : 0.4
 Lifetime [nsec] : 0
 Charge [e]: 1
 Spin : 0/2
 Parity : -1
 Charge conjugation : 1
 Isospin : (I,Iz): (2/2 , 2/2 ) 
 GParity : -1
 Quark contents     (d,u,s,c,b,t) : 0, 1, 0, 0, 0, 0
 AntiQuark contents               : 1, 0, 0, 0, 0, 0
 Lepton number : 0 Baryon number : 0
 Particle type : meson [pi(1300)]
 ShortLived : ON
G4DecayTable:  pi(1300)+
0:  BR:  0.333333  [Phase Space]   :   pi+ pi+ pi-
1:  BR:  0.25  [Phase Space]   :   pi+ rho0
2:  BR:  0.25  [Phase Space]   :   pi0 rho+
3:  BR:  0.166667  [Phase Space]   :   pi+ pi0 pi0


--- G4ParticleDefinition ---
 Particle Name : pi(1300)-
 PDG particle code : -100211 [PDG anti-particle code: 100211]
 Mass [GeV/c2] : 1.3     Width : 0.4
 Lifetime [nsec] : 0
 Charge [e]: -1
 Spin : 0/2
 Parity : -1
 Charge conjugation : 1
 Isospin : (I,Iz): (2/2 , -2/2 ) 
 GParity : -1
 Quark contents     (d,u,s,c,b,t) : 1, 0, 0, 0, 0, 0
 AntiQuark contents               : 0, 1, 0, 0, 0, 0
 Lepton number : 0 Baryon number : 0
 Particle type : meson [pi(1300)]
 ShortLived : ON
G4DecayTable:  pi(1300)-
0:  BR:  0.333333  [Phase Space]   :   pi- pi+ pi-
1:  BR:  0.25  [Phase Space]   :   pi- rho0
2:  BR:  0.25  [Phase Space]   :   pi0 rho-
3:  BR:  0.166667  [Phase Space]   :   pi- pi0 pi0


--- G4ParticleDefinition ---
 Particle Name : pi(1300)0
 PDG particle code : 100111 [PDG anti-particle code: 100111]
 Mass [GeV/c2] : 1.3     Width : 0.4
 Lifetime [nsec] : 0
 Charge [e]: 0
 Spin : 0/2
 Parity : -1
 Charge conjugation : 1
 Isospin : (I,Iz): (2/2 , 0/2 ) 
 GParity : -1
 Quark contents     (d,u,s,c,b,t) : 1, 0, 0, 0, 0, 0
 AntiQuark contents               : 1, 0, 0, 0, 0, 0
 Lepton number : 0 Baryon number : 0
 Particle type : meson [pi(1300)]
 ShortLived : ON
G4DecayTable:  pi(1300)0
0:  BR:  0.333333  [Phase Space]   :   pi0 pi+ pi-
1:  BR:  0.25  [Phase Space]   :   pi+ rho-
2:  BR:  0.25  [Phase Space]   :   pi- rho+
3:  BR:  0.166667  [Phase Space]   :   pi0 pi0 pi0


--- G4ParticleDefinition ---
 Particle Name : pi+
 PDG particle code : 211 [PDG anti-particle code: -211]
 Mass [GeV/c2] : 0.13957     Width : 2.5284e-17
 Lifetime [nsec] : 26.033
 Charge [e]: 1
 Spin : 0/2
 Parity : -1
 Charge conjugation : 0
 Isospin : (I,Iz): (2/2 , 2/2 ) 
 GParity : -1
 Quark contents     (d,u,s,c,b,t) : 0, 1, 0, 0, 0, 0
 AntiQuark contents               : 1, 0, 0, 0, 0, 0
 Lepton number : 0 Baryon number : 0
 Particle type : meson [pi]
G4DecayTable:  pi+
0:  BR:  1  [Phase Space]   :   mu+ nu_mu


--- G4ParticleDefinition ---
 Particle Name : pi-
 PDG particle code : -211 [PDG anti-particle code: 211]
 Mass [GeV/c2] : 0.13957     Width : 2.5284e-17
 Lifetime [nsec] : 26.033
 Charge [e]: -1
 Spin : 0/2
 Parity : -1
 Charge conjugation : 0
 Isospin : (I,Iz): (2/2 , -2/2 ) 
 GParity : -1
 Quark contents     (d,u,s,c,b,t) : 1, 0, 0, 0, 0, 0
 AntiQuark contents               : 0, 1, 0, 0, 0, 0
 Lepton number : 0 Baryon number : 0
 Particle type : meson [pi]
G4DecayTable:  pi-
0:  BR:  1  [Phase Space]   :   mu- anti_nu_mu


--- G4ParticleDefinition ---
 Particle Name : pi0
 PDG particle code : 111 [PDG anti-particle code: 111]
 Mass [GeV/c2] : 0.134977     Width : 7.73e-09
 Lifetime [nsec] : 8.51503e-08
 Charge [e]: 0
 Spin : 0/2
 Parity : -1
 Charge conjugation : 1
 Isospin : (I,Iz): (2/2 , 0/2 ) 
 GParity : -1
 Quark contents     (d,u,s,c,b,t) : 1, 0, 0, 0, 0, 0
 AntiQuark contents               : 1, 0, 0, 0, 0, 0
 Lepton number : 0 Baryon number : 0
 Particle type : meson [pi]
G4DecayTable:  pi0
0:  BR:  0.988  [Phase Space]   :   gamma gamma
1:  BR:  0.012  [Dalitz Decay]   :   gamma e- e+


--- G4ParticleDefinition ---
 Particle Name : pi2(1670)+
 PDG particle code : 10215 [PDG anti-particle code: -10215]
 Mass [GeV/c2] : 1.6722     Width : 0.26
 Lifetime [nsec] : 0
 Charge [e]: 1
 Spin : 4/2
 Parity : -1
 Charge conjugation : 1
 Isospin : (I,Iz): (2/2 , 2/2 ) 
 GParity : -1
 Quark contents     (d,u,s,c,b,t) : 0, 1, 0, 0, 0, 0
 AntiQuark contents               : 1, 0, 0, 0, 0, 0
 Lepton number : 0 Baryon number : 0
 Particle type : meson [pi2(1670)]
 ShortLived : ON
G4DecayTable:  pi2(1670)+
0:  BR:  0.56  [Phase Space]   :   pi+ f2(1270)
1:  BR:  0.15  [Phase Space]   :   pi+ rho0
2:  BR:  0.15  [Phase Space]   :   pi0 rho+
3:  BR:  0.1  [Phase Space]   :   pi+ f0(1370)
4:  BR:  0.02  [Phase Space]   :   kaon+ anti_k_star0
5:  BR:  0.02  [Phase Space]   :   anti_kaon0 k_star+


--- G4ParticleDefinition ---
 Particle Name : pi2(1670)-
 PDG particle code : -10215 [PDG anti-particle code: 10215]
 Mass [GeV/c2] : 1.6722     Width : 0.26
 Lifetime [nsec] : 0
 Charge [e]: -1
 Spin : 4/2
 Parity : -1
 Charge conjugation : 1
 Isospin : (I,Iz): (2/2 , -2/2 ) 
 GParity : -1
 Quark contents     (d,u,s,c,b,t) : 1, 0, 0, 0, 0, 0
 AntiQuark contents               : 0, 1, 0, 0, 0, 0
 Lepton number : 0 Baryon number : 0
 Particle type : meson [pi2(1670)]
 ShortLived : ON
G4DecayTable:  pi2(1670)-
0:  BR:  0.56  [Phase Space]   :   pi- f2(1270)
1:  BR:  0.15  [Phase Space]   :   pi- rho0
2:  BR:  0.15  [Phase Space]   :   pi0 rho-
3:  BR:  0.1  [Phase Space]   :   pi- f0(1370)
4:  BR:  0.02  [Phase Space]   :   kaon- k_star0
5:  BR:  0.02  [Phase Space]   :   kaon0 k_star-


--- G4ParticleDefinition ---
 Particle Name : pi2(1670)0
 PDG particle code : 10115 [PDG anti-particle code: 10115]
 Mass [GeV/c2] : 1.6722     Width : 0.26
 Lifetime [nsec] : 0
 Charge [e]: 0
 Spin : 4/2
 Parity : -1
 Charge conjugation : 1
 Isospin : (I,Iz): (2/2 , 0/2 ) 
 GParity : -1
 Quark contents     (d,u,s,c,b,t) : 1, 0, 0, 0, 0, 0
 AntiQuark contents               : 1, 0, 0, 0, 0, 0
 Lepton number : 0 Baryon number : 0
 Particle type : meson [pi2(1670)]
 ShortLived : ON
G4DecayTable:  pi2(1670)0
0:  BR:  0.56  [Phase Space]   :   pi0 f2(1270)
1:  BR:  0.15  [Phase Space]   :   pi+ rho-
2:  BR:  0.15  [Phase Space]   :   pi- rho+
3:  BR:  0.1  [Phase Space]   :   pi0 f0(1370)
4:  BR:  0.01  [Phase Space]   :   kaon+ k_star-
5:  BR:  0.01  [Phase Space]   :   kaon- k_star0
6:  BR:  0.01  [Phase Space]   :   kaon0 anti_k_star0
7:  BR:  0.01  [Phase Space]   :   anti_kaon0 k_star0


--- G4ParticleDefinition ---
 Particle Name : proton
 PDG particle code : 2212 [PDG anti-particle code: -2212]
 Mass [GeV/c2] : 0.938272     Width : 0
 Lifetime [nsec] : -1
 Charge [e]: 1
 Spin : 1/2
 Parity : 1
 Charge conjugation : 0
 Isospin : (I,Iz): (1/2 , 1/2 ) 
 GParity : 0
 MagneticMoment [MeV/T] : 8.80432e-14
 Quark contents     (d,u,s,c,b,t) : 1, 2, 0, 0, 0, 0
 AntiQuark contents               : 0, 0, 0, 0, 0, 0
 Lepton number : 0 Baryon number : 1
 Particle type : baryon [nucleon]
 Atomic Number : 1  Atomic Mass : 1
 Stable : stable

--- G4ParticleDefinition ---
 Particle Name : rho(1450)+
 PDG particle code : 100213 [PDG anti-particle code: -100213]
 Mass [GeV/c2] : 1.465     Width : 0.4
 Lifetime [nsec] : 0
 Charge [e]: 1
 Spin : 2/2
 Parity : -1
 Charge conjugation : -1
 Isospin : (I,Iz): (2/2 , 2/2 ) 
 GParity : 1
 Quark contents     (d,u,s,c,b,t) : 0, 1, 0, 0, 0, 0
 AntiQuark contents               : 1, 0, 0, 0, 0, 0
 Lepton number : 0 Baryon number : 0
 Particle type : meson [rho(1450)]
 ShortLived : ON
G4DecayTable:  rho(1450)+
0:  BR:  0.5  [Phase Space]   :   pi+ pi0
1:  BR:  0.333333  [Phase Space]   :   pi+ pi+ pi- pi0
2:  BR:  0.166667  [Phase Space]   :   pi+ pi0 pi0 pi0


--- G4ParticleDefinition ---
 Particle Name : rho(1450)-
 PDG particle code : -100213 [PDG anti-particle code: 100213]
 Mass [GeV/c2] : 1.465     Width : 0.4
 Lifetime [nsec] : 0
 Charge [e]: -1
 Spin : 2/2
 Parity : -1
 Charge conjugation : -1
 Isospin : (I,Iz): (2/2 , -2/2 ) 
 GParity : 1
 Quark contents     (d,u,s,c,b,t) : 1, 0, 0, 0, 0, 0
 AntiQuark contents               : 0, 1, 0, 0, 0, 0
 Lepton number : 0 Baryon number : 0
 Particle type : meson [rho(1450)]
 ShortLived : ON
G4DecayTable:  rho(1450)-
0:  BR:  0.5  [Phase Space]   :   pi- pi0
1:  BR:  0.333333  [Phase Space]   :   pi- pi- pi+ pi0
2:  BR:  0.166667  [Phase Space]   :   pi- pi0 pi0 pi0


--- G4ParticleDefinition ---
 Particle Name : rho(1450)0
 PDG particle code : 100113 [PDG anti-particle code: 100113]
 Mass [GeV/c2] : 1.465     Width : 0.4
 Lifetime [nsec] : 0
 Charge [e]: 0
 Spin : 2/2
 Parity : -1
 Charge conjugation : -1
 Isospin : (I,Iz): (2/2 , 0/2 ) 
 GParity : 1
 Quark contents     (d,u,s,c,b,t) : 1, 0, 0, 0, 0, 0
 AntiQuark contents               : 1, 0, 0, 0, 0, 0
 Lepton number : 0 Baryon number : 0
 Particle type : meson [rho(1450)]
 ShortLived : ON
G4DecayTable:  rho(1450)0
0:  BR:  0.5  [Phase Space]   :   pi+ pi-
1:  BR:  0.25  [Phase Space]   :   pi+ pi- pi+ pi-
2:  BR:  0.25  [Phase Space]   :   pi+ pi- pi0 pi0


--- G4ParticleDefinition ---
 Particle Name : rho(1700)+
 PDG particle code : 30213 [PDG anti-particle code: -30213]
 Mass [GeV/c2] : 1.72     Width : 0.25
 Lifetime [nsec] : 0
 Charge [e]: 1
 Spin : 2/2
 Parity : -1
 Charge conjugation : -1
 Isospin : (I,Iz): (2/2 , 2/2 ) 
 GParity : 1
 Quark contents     (d,u,s,c,b,t) : 0, 1, 0, 0, 0, 0
 AntiQuark contents               : 1, 0, 0, 0, 0, 0
 Lepton number : 0 Baryon number : 0
 Particle type : meson [rho(1700)]
 ShortLived : ON
G4DecayTable:  rho(1700)+
0:  BR:  0.2  [Phase Space]   :   pi+ eta
1:  BR:  0.14  [Phase Space]   :   rho+ pi0 pi0
2:  BR:  0.14  [Phase Space]   :   rho+ pi+ pi-
3:  BR:  0.14  [Phase Space]   :   rho0 pi+ pi0
4:  BR:  0.14  [Phase Space]   :   rho- pi+ pi+
5:  BR:  0.1  [Phase Space]   :   pi+ pi0


--- G4ParticleDefinition ---
 Particle Name : rho(1700)-
 PDG particle code : -30213 [PDG anti-particle code: 30213]
 Mass [GeV/c2] : 1.72     Width : 0.25
 Lifetime [nsec] : 0
 Charge [e]: -1
 Spin : 2/2
 Parity : -1
 Charge conjugation : -1
 Isospin : (I,Iz): (2/2 , -2/2 ) 
 GParity : 1
 Quark contents     (d,u,s,c,b,t) : 1, 0, 0, 0, 0, 0
 AntiQuark contents               : 0, 1, 0, 0, 0, 0
 Lepton number : 0 Baryon number : 0
 Particle type : meson [rho(1700)]
 ShortLived : ON
G4DecayTable:  rho(1700)-
0:  BR:  0.2  [Phase Space]   :   pi- eta
1:  BR:  0.14  [Phase Space]   :   rho- pi0 pi0
2:  BR:  0.14  [Phase Space]   :   rho- pi+ pi-
3:  BR:  0.14  [Phase Space]   :   rho0 pi- pi0
4:  BR:  0.14  [Phase Space]   :   rho+ pi- pi-
5:  BR:  0.1  [Phase Space]   :   pi- pi0


--- G4ParticleDefinition ---
 Particle Name : rho(1700)0
 PDG particle code : 30113 [PDG anti-particle code: 30113]
 Mass [GeV/c2] : 1.72     Width : 0.25
 Lifetime [nsec] : 0
 Charge [e]: 0
 Spin : 2/2
 Parity : -1
 Charge conjugation : -1
 Isospin : (I,Iz): (2/2 , 0/2 ) 
 GParity : 1
 Quark contents     (d,u,s,c,b,t) : 1, 0, 0, 0, 0, 0
 AntiQuark contents               : 1, 0, 0, 0, 0, 0
 Lepton number : 0 Baryon number : 0
 Particle type : meson [rho(1700)]
 ShortLived : ON
G4DecayTable:  rho(1700)0
0:  BR:  0.2  [Phase Space]   :   pi0 eta
1:  BR:  0.14  [Phase Space]   :   rho+ pi- pi0
2:  BR:  0.14  [Phase Space]   :   rho0 pi+ pi-
3:  BR:  0.14  [Phase Space]   :   rho0 pi0 pi0
4:  BR:  0.14  [Phase Space]   :   rho- pi+ pi-
5:  BR:  0.1  [Phase Space]   :   pi+ pi-


--- G4ParticleDefinition ---
 Particle Name : rho+
 PDG particle code : 213 [PDG anti-particle code: -213]
 Mass [GeV/c2] : 0.7758     Width : 0.1503
 Lifetime [nsec] : 0
 Charge [e]: 1
 Spin : 2/2
 Parity : -1
 Charge conjugation : -1
 Isospin : (I,Iz): (2/2 , 2/2 ) 
 GParity : 1
 Quark contents     (d,u,s,c,b,t) : 0, 1, 0, 0, 0, 0
 AntiQuark contents               : 1, 0, 0, 0, 0, 0
 Lepton number : 0 Baryon number : 0
 Particle type : meson [rho]
 ShortLived : ON
G4DecayTable:  rho+
0:  BR:  1  [Phase Space]   :   pi+ pi0


--- G4ParticleDefinition ---
 Particle Name : rho-
 PDG particle code : -213 [PDG anti-particle code: 213]
 Mass [GeV/c2] : 0.7758     Width : 0.1503
 Lifetime [nsec] : 0
 Charge [e]: -1
 Spin : 2/2
 Parity : -1
 Charge conjugation : -1
 Isospin : (I,Iz): (2/2 , -2/2 ) 
 GParity : 1
 Quark contents     (d,u,s,c,b,t) : 1, 0, 0, 0, 0, 0
 AntiQuark contents               : 0, 1, 0, 0, 0, 0
 Lepton number : 0 Baryon number : 0
 Particle type : meson [rho]
 ShortLived : ON
G4DecayTable:  rho-
0:  BR:  1  [Phase Space]   :   pi- pi0


--- G4ParticleDefinition ---
 Particle Name : rho0
 PDG particle code : 113 [PDG anti-particle code: 113]
 Mass [GeV/c2] : 0.77526     Width : 0.1491
 Lifetime [nsec] : 0
 Charge [e]: 0
 Spin : 2/2
 Parity : -1
 Charge conjugation : -1
 Isospin : (I,Iz): (2/2 , 0/2 ) 
 GParity : 1
 Quark contents     (d,u,s,c,b,t) : 1, 0, 0, 0, 0, 0
 AntiQuark contents               : 1, 0, 0, 0, 0, 0
 Lepton number : 0 Baryon number : 0
 Particle type : meson [rho]
 ShortLived : ON
G4DecayTable:  rho0
0:  BR:  1  [Phase Space]   :   pi+ pi-


--- G4ParticleDefinition ---
 Particle Name : rho3(1690)+
 PDG particle code : 217 [PDG anti-particle code: -217]
 Mass [GeV/c2] : 1.6888     Width : 0.161
 Lifetime [nsec] : 0
 Charge [e]: 1
 Spin : 6/2
 Parity : -1
 Charge conjugation : -1
 Isospin : (I,Iz): (2/2 , 2/2 ) 
 GParity : 1
 Quark contents     (d,u,s,c,b,t) : 0, 1, 0, 0, 0, 0
 AntiQuark contents               : 1, 0, 0, 0, 0, 0
 Lepton number : 0 Baryon number : 0
 Particle type : meson [rho3(1690)]
 ShortLived : ON
G4DecayTable:  rho3(1690)+
0:  BR:  0.4  [Phase Space]   :   pi+ pi+ pi- pi0
1:  BR:  0.24  [Phase Space]   :   pi+ pi0
2:  BR:  0.2  [Phase Space]   :   pi+ pi0 pi0 pi0
3:  BR:  0.11  [Phase Space]   :   pi+ omega
4:  BR:  0.01  [Phase Space]   :   kaon+ anti_kaon0


--- G4ParticleDefinition ---
 Particle Name : rho3(1690)-
 PDG particle code : -217 [PDG anti-particle code: 217]
 Mass [GeV/c2] : 1.6888     Width : 0.161
 Lifetime [nsec] : 0
 Charge [e]: -1
 Spin : 6/2
 Parity : -1
 Charge conjugation : -1
 Isospin : (I,Iz): (2/2 , -2/2 ) 
 GParity : 1
 Quark contents     (d,u,s,c,b,t) : 1, 0, 0, 0, 0, 0
 AntiQuark contents               : 0, 1, 0, 0, 0, 0
 Lepton number : 0 Baryon number : 0
 Particle type : meson [rho3(1690)]
 ShortLived : ON
G4DecayTable:  rho3(1690)-
0:  BR:  0.4  [Phase Space]   :   pi- pi- pi+ pi0
1:  BR:  0.24  [Phase Space]   :   pi- pi0
2:  BR:  0.2  [Phase Space]   :   pi- pi0 pi0 pi0
3:  BR:  0.11  [Phase Space]   :   pi- omega
4:  BR:  0.01  [Phase Space]   :   kaon- kaon0


--- G4ParticleDefinition ---
 Particle Name : rho3(1690)0
 PDG particle code : 117 [PDG anti-particle code: 117]
 Mass [GeV/c2] : 1.6888     Width : 0.161
 Lifetime [nsec] : 0
 Charge [e]: 0
 Spin : 6/2
 Parity : -1
 Charge conjugation : -1
 Isospin : (I,Iz): (2/2 , 0/2 ) 
 GParity : 1
 Quark contents     (d,u,s,c,b,t) : 1, 0, 0, 0, 0, 0
 AntiQuark contents               : 1, 0, 0, 0, 0, 0
 Lepton number : 0 Baryon number : 0
 Particle type : meson [rho3(1690)]
 ShortLived : ON
G4DecayTable:  rho3(1690)0
0:  BR:  0.3  [Phase Space]   :   pi+ pi- pi+ pi-
1:  BR:  0.3  [Phase Space]   :   pi+ pi- pi0 pi0
2:  BR:  0.24  [Phase Space]   :   pi+ pi-
3:  BR:  0.11  [Phase Space]   :   pi0 omega
4:  BR:  0.005  [Phase Space]   :   kaon+ kaon-
5:  BR:  0.005  [Phase Space]   :   kaon0 anti_kaon0


--- G4ParticleDefinition ---
 Particle Name : s_quark
 PDG particle code : 3 [PDG anti-particle code: -3]
 Mass [GeV/c2] : 0.095     Width : 0
 Lifetime [nsec] : -1
 Charge [e]: -0.333333
 Spin : 1/2
 Parity : 1
 Charge conjugation : 0
 Isospin : (I,Iz): (0/2 , 0/2 ) 
 GParity : 0
 Quark contents     (d,u,s,c,b,t) : 0, 0, 1, 0, 0, 0
 AntiQuark contents               : 0, 0, 0, 0, 0, 0
 Lepton number : 0 Baryon number : 0
 Particle type : quarks [quark]
 ShortLived : ON
 Stable : stable

--- G4ParticleDefinition ---
 Particle Name : sd0_diquark
 PDG particle code : 3101 [PDG anti-particle code: -3101]
 Mass [GeV/c2] : 0.102     Width : 0
 Lifetime [nsec] : -1
 Charge [e]: -0.666667
 Spin : 0/2
 Parity : 1
 Charge conjugation : 0
 Isospin : (I,Iz): (1/2 , -1/2 ) 
 GParity : 0
 Quark contents     (d,u,s,c,b,t) : 1, 0, 1, 0, 0, 0
 AntiQuark contents               : 0, 0, 0, 0, 0, 0
 Lepton number : 0 Baryon number : 0
 Particle type : diquarks [di_quark]
 ShortLived : ON
 Stable : stable

--- G4ParticleDefinition ---
 Particle Name : sd1_diquark
 PDG particle code : 3103 [PDG anti-particle code: -3103]
 Mass [GeV/c2] : 0.1028     Width : 0
 Lifetime [nsec] : -1
 Charge [e]: -0.666667
 Spin : 2/2
 Parity : 1
 Charge conjugation : 0
 Isospin : (I,Iz): (1/2 , -1/2 ) 
 GParity : 0
 Quark contents     (d,u,s,c,b,t) : 1, 0, 1, 0, 0, 0
 AntiQuark contents               : 0, 0, 0, 0, 0, 0
 Lepton number : 0 Baryon number : 0
 Particle type : diquarks [di_quark]
 ShortLived : ON
 Stable : stable

--- G4ParticleDefinition ---
 Particle Name : sigma(1385)+
 PDG particle code : 3224 [PDG anti-particle code: -3224]
 Mass [GeV/c2] : 1.3828     Width : 0.036
 Lifetime [nsec] : 0
 Charge [e]: 1
 Spin : 3/2
 Parity : 1
 Charge conjugation : 0
 Isospin : (I,Iz): (2/2 , 2/2 ) 
 GParity : 0
 Quark contents     (d,u,s,c,b,t) : 0, 2, 1, 0, 0, 0
 AntiQuark contents               : 0, 0, 0, 0, 0, 0
 Lepton number : 0 Baryon number : 1
 Particle type : baryon [sigma(1385)]
 ShortLived : ON
G4DecayTable:  sigma(1385)+
0:  BR:  0.88  [Phase Space]   :   lambda pi+
1:  BR:  0.06  [Phase Space]   :   sigma+ pi0
2:  BR:  0.06  [Phase Space]   :   sigma0 pi+


--- G4ParticleDefinition ---
 Particle Name : sigma(1385)-
 PDG particle code : 3114 [PDG anti-particle code: -3114]
 Mass [GeV/c2] : 1.3872     Width : 0.0394
 Lifetime [nsec] : 0
 Charge [e]: -1
 Spin : 3/2
 Parity : 1
 Charge conjugation : 0
 Isospin : (I,Iz): (2/2 , -2/2 ) 
 GParity : 0
 Quark contents     (d,u,s,c,b,t) : 2, 0, 1, 0, 0, 0
 AntiQuark contents               : 0, 0, 0, 0, 0, 0
 Lepton number : 0 Baryon number : 1
 Particle type : baryon [sigma(1385)]
 ShortLived : ON
G4DecayTable:  sigma(1385)-
0:  BR:  0.88  [Phase Space]   :   lambda pi-
1:  BR:  0.06  [Phase Space]   :   sigma0 pi-
2:  BR:  0.06  [Phase Space]   :   sigma- pi0


--- G4ParticleDefinition ---
 Particle Name : sigma(1385)0
 PDG particle code : 3214 [PDG anti-particle code: -3214]
 Mass [GeV/c2] : 1.3837     Width : 0.036
 Lifetime [nsec] : 0
 Charge [e]: 0
 Spin : 3/2
 Parity : 1
 Charge conjugation : 0
 Isospin : (I,Iz): (2/2 , 0/2 ) 
 GParity : 0
 Quark contents     (d,u,s,c,b,t) : 1, 1, 1, 0, 0, 0
 AntiQuark contents               : 0, 0, 0, 0, 0, 0
 Lepton number : 0 Baryon number : 1
 Particle type : baryon [sigma(1385)]
 ShortLived : ON
G4DecayTable:  sigma(1385)0
0:  BR:  0.88  [Phase Space]   :   lambda pi0
1:  BR:  0.06  [Phase Space]   :   sigma+ pi-
2:  BR:  0.06  [Phase Space]   :   sigma- pi+


--- G4ParticleDefinition ---
 Particle Name : sigma(1660)+
 PDG particle code : 13222 [PDG anti-particle code: -13222]
 Mass [GeV/c2] : 1.66     Width : 0.1
 Lifetime [nsec] : 0
 Charge [e]: 1
 Spin : 1/2
 Parity : 1
 Charge conjugation : 0
 Isospin : (I,Iz): (2/2 , 2/2 ) 
 GParity : 0
 Quark contents     (d,u,s,c,b,t) : 0, 2, 1, 0, 0, 0
 AntiQuark contents               : 0, 0, 0, 0, 0, 0
 Lepton number : 0 Baryon number : 1
 Particle type : baryon [sigma(1660)]
 ShortLived : ON
G4DecayTable:  sigma(1660)+
0:  BR:  0.35  [Phase Space]   :   lambda pi+
1:  BR:  0.3  [Phase Space]   :   proton anti_kaon0
2:  BR:  0.175  [Phase Space]   :   sigma+ pi0
3:  BR:  0.175  [Phase Space]   :   sigma0 pi+


--- G4ParticleDefinition ---
 Particle Name : sigma(1660)-
 PDG particle code : 13112 [PDG anti-particle code: -13112]
 Mass [GeV/c2] : 1.66     Width : 0.1
 Lifetime [nsec] : 0
 Charge [e]: -1
 Spin : 1/2
 Parity : 1
 Charge conjugation : 0
 Isospin : (I,Iz): (2/2 , -2/2 ) 
 GParity : 0
 Quark contents     (d,u,s,c,b,t) : 2, 0, 1, 0, 0, 0
 AntiQuark contents               : 0, 0, 0, 0, 0, 0
 Lepton number : 0 Baryon number : 1
 Particle type : baryon [sigma(1660)]
 ShortLived : ON
G4DecayTable:  sigma(1660)-
0:  BR:  0.35  [Phase Space]   :   lambda pi-
1:  BR:  0.3  [Phase Space]   :   neutron kaon-
2:  BR:  0.175  [Phase Space]   :   sigma0 pi-
3:  BR:  0.175  [Phase Space]   :   sigma- pi0


--- G4ParticleDefinition ---
 Particle Name : sigma(1660)0
 PDG particle code : 13212 [PDG anti-particle code: -13212]
 Mass [GeV/c2] : 1.66     Width : 0.1
 Lifetime [nsec] : 0
 Charge [e]: 0
 Spin : 1/2
 Parity : 1
 Charge conjugation : 0
 Isospin : (I,Iz): (2/2 , 0/2 ) 
 GParity : 0
 Quark contents     (d,u,s,c,b,t) : 1, 1, 1, 0, 0, 0
 AntiQuark contents               : 0, 0, 0, 0, 0, 0
 Lepton number : 0 Baryon number : 1
 Particle type : baryon [sigma(1660)]
 ShortLived : ON
G4DecayTable:  sigma(1660)0
0:  BR:  0.35  [Phase Space]   :   lambda pi0
1:  BR:  0.175  [Phase Space]   :   sigma+ pi-
2:  BR:  0.175  [Phase Space]   :   sigma- pi+
3:  BR:  0.15  [Phase Space]   :   proton kaon-
4:  BR:  0.15  [Phase Space]   :   neutron anti_kaon0


--- G4ParticleDefinition ---
 Particle Name : sigma(1670)+
 PDG particle code : 13224 [PDG anti-particle code: -13224]
 Mass [GeV/c2] : 1.67     Width : 0.06
 Lifetime [nsec] : 0
 Charge [e]: 1
 Spin : 3/2
 Parity : -1
 Charge conjugation : 0
 Isospin : (I,Iz): (2/2 , 2/2 ) 
 GParity : 0
 Quark contents     (d,u,s,c,b,t) : 0, 2, 1, 0, 0, 0
 AntiQuark contents               : 0, 0, 0, 0, 0, 0
 Lepton number : 0 Baryon number : 1
 Particle type : baryon [sigma(1670)]
 ShortLived : ON
G4DecayTable:  sigma(1670)+
0:  BR:  0.35  [Phase Space]   :   sigma+ pi0
1:  BR:  0.35  [Phase Space]   :   sigma0 pi+
2:  BR:  0.15  [Phase Space]   :   proton anti_kaon0
3:  BR:  0.15  [Phase Space]   :   lambda pi+


--- G4ParticleDefinition ---
 Particle Name : sigma(1670)-
 PDG particle code : 13114 [PDG anti-particle code: -13114]
 Mass [GeV/c2] : 1.67     Width : 0.06
 Lifetime [nsec] : 0
 Charge [e]: -1
 Spin : 3/2
 Parity : -1
 Charge conjugation : 0
 Isospin : (I,Iz): (2/2 , -2/2 ) 
 GParity : 0
 Quark contents     (d,u,s,c,b,t) : 2, 0, 1, 0, 0, 0
 AntiQuark contents               : 0, 0, 0, 0, 0, 0
 Lepton number : 0 Baryon number : 1
 Particle type : baryon [sigma(1670)]
 ShortLived : ON
G4DecayTable:  sigma(1670)-
0:  BR:  0.35  [Phase Space]   :   sigma0 pi-
1:  BR:  0.35  [Phase Space]   :   sigma- pi0
2:  BR:  0.15  [Phase Space]   :   neutron kaon-
3:  BR:  0.15  [Phase Space]   :   lambda pi-


--- G4ParticleDefinition ---
 Particle Name : sigma(1670)0
 PDG particle code : 13214 [PDG anti-particle code: -13214]
 Mass [GeV/c2] : 1.67     Width : 0.06
 Lifetime [nsec] : 0
 Charge [e]: 0
 Spin : 3/2
 Parity : -1
 Charge conjugation : 0
 Isospin : (I,Iz): (2/2 , 0/2 ) 
 GParity : 0
 Quark contents     (d,u,s,c,b,t) : 1, 1, 1, 0, 0, 0
 AntiQuark contents               : 0, 0, 0, 0, 0, 0
 Lepton number : 0 Baryon number : 1
 Particle type : baryon [sigma(1670)]
 ShortLived : ON
G4DecayTable:  sigma(1670)0
0:  BR:  0.35  [Phase Space]   :   sigma+ pi-
1:  BR:  0.35  [Phase Space]   :   sigma- pi+
2:  BR:  0.15  [Phase Space]   :   lambda pi0
3:  BR:  0.075  [Phase Space]   :   proton kaon-
4:  BR:  0.075  [Phase Space]   :   neutron anti_kaon0


--- G4ParticleDefinition ---
 Particle Name : sigma(1750)+
 PDG particle code : 23222 [PDG anti-particle code: -23222]
 Mass [GeV/c2] : 1.75     Width : 0.09
 Lifetime [nsec] : 0
 Charge [e]: 1
 Spin : 1/2
 Parity : -1
 Charge conjugation : 0
 Isospin : (I,Iz): (2/2 , 2/2 ) 
 GParity : 0
 Quark contents     (d,u,s,c,b,t) : 0, 2, 1, 0, 0, 0
 AntiQuark contents               : 0, 0, 0, 0, 0, 0
 Lepton number : 0 Baryon number : 1
 Particle type : baryon [sigma(1750)]
 ShortLived : ON
G4DecayTable:  sigma(1750)+
0:  BR:  0.55  [Phase Space]   :   sigma+ eta
1:  BR:  0.4  [Phase Space]   :   proton anti_kaon0
2:  BR:  0.025  [Phase Space]   :   sigma+ pi0
3:  BR:  0.025  [Phase Space]   :   sigma0 pi+


--- G4ParticleDefinition ---
 Particle Name : sigma(1750)-
 PDG particle code : 23112 [PDG anti-particle code: -23112]
 Mass [GeV/c2] : 1.75     Width : 0.09
 Lifetime [nsec] : 0
 Charge [e]: -1
 Spin : 1/2
 Parity : -1
 Charge conjugation : 0
 Isospin : (I,Iz): (2/2 , -2/2 ) 
 GParity : 0
 Quark contents     (d,u,s,c,b,t) : 2, 0, 1, 0, 0, 0
 AntiQuark contents               : 0, 0, 0, 0, 0, 0
 Lepton number : 0 Baryon number : 1
 Particle type : baryon [sigma(1750)]
 ShortLived : ON
G4DecayTable:  sigma(1750)-
0:  BR:  0.55  [Phase Space]   :   sigma- eta
1:  BR:  0.4  [Phase Space]   :   neutron kaon-
2:  BR:  0.025  [Phase Space]   :   sigma0 pi-
3:  BR:  0.025  [Phase Space]   :   sigma- pi0


--- G4ParticleDefinition ---
 Particle Name : sigma(1750)0
 PDG particle code : 23212 [PDG anti-particle code: -23212]
 Mass [GeV/c2] : 1.75     Width : 0.09
 Lifetime [nsec] : 0
 Charge [e]: 0
 Spin : 1/2
 Parity : -1
 Charge conjugation : 0
 Isospin : (I,Iz): (2/2 , 0/2 ) 
 GParity : 0
 Quark contents     (d,u,s,c,b,t) : 1, 1, 1, 0, 0, 0
 AntiQuark contents               : 0, 0, 0, 0, 0, 0
 Lepton number : 0 Baryon number : 1
 Particle type : baryon [sigma(1750)]
 ShortLived : ON
G4DecayTable:  sigma(1750)0
0:  BR:  0.55  [Phase Space]   :   sigma0 eta
1:  BR:  0.2  [Phase Space]   :   proton kaon-
2:  BR:  0.2  [Phase Space]   :   neutron anti_kaon0
3:  BR:  0.025  [Phase Space]   :   sigma+ pi-
4:  BR:  0.025  [Phase Space]   :   sigma- pi+


--- G4ParticleDefinition ---
 Particle Name : sigma(1775)+
 PDG particle code : 3226 [PDG anti-particle code: -3226]
 Mass [GeV/c2] : 1.775     Width : 0.12
 Lifetime [nsec] : 0
 Charge [e]: 1
 Spin : 5/2
 Parity : -1
 Charge conjugation : 0
 Isospin : (I,Iz): (2/2 , 2/2 ) 
 GParity : 0
 Quark contents     (d,u,s,c,b,t) : 0, 2, 1, 0, 0, 0
 AntiQuark contents               : 0, 0, 0, 0, 0, 0
 Lepton number : 0 Baryon number : 1
 Particle type : baryon [sigma(1775)]
 ShortLived : ON
G4DecayTable:  sigma(1775)+
0:  BR:  0.4  [Phase Space]   :   proton anti_kaon0
1:  BR:  0.23  [Phase Space]   :   lambda pi+
2:  BR:  0.23  [Phase Space]   :   lambda(1405) pi+
3:  BR:  0.05  [Phase Space]   :   sigma(1385)+ pi0
4:  BR:  0.05  [Phase Space]   :   sigma(1385)0 pi+
5:  BR:  0.02  [Phase Space]   :   sigma+ pi0
6:  BR:  0.02  [Phase Space]   :   sigma0 pi+


--- G4ParticleDefinition ---
 Particle Name : sigma(1775)-
 PDG particle code : 3116 [PDG anti-particle code: -3116]
 Mass [GeV/c2] : 1.775     Width : 0.12
 Lifetime [nsec] : 0
 Charge [e]: -1
 Spin : 5/2
 Parity : -1
 Charge conjugation : 0
 Isospin : (I,Iz): (2/2 , -2/2 ) 
 GParity : 0
 Quark contents     (d,u,s,c,b,t) : 2, 0, 1, 0, 0, 0
 AntiQuark contents               : 0, 0, 0, 0, 0, 0
 Lepton number : 0 Baryon number : 1
 Particle type : baryon [sigma(1775)]
 ShortLived : ON
G4DecayTable:  sigma(1775)-
0:  BR:  0.4  [Phase Space]   :   neutron kaon-
1:  BR:  0.23  [Phase Space]   :   lambda pi-
2:  BR:  0.23  [Phase Space]   :   lambda(1405) pi-
3:  BR:  0.05  [Phase Space]   :   sigma(1385)0 pi-
4:  BR:  0.05  [Phase Space]   :   sigma(1385)- pi0
5:  BR:  0.02  [Phase Space]   :   sigma0 pi-
6:  BR:  0.02  [Phase Space]   :   sigma- pi0


--- G4ParticleDefinition ---
 Particle Name : sigma(1775)0
 PDG particle code : 3216 [PDG anti-particle code: -3216]
 Mass [GeV/c2] : 1.775     Width : 0.12
 Lifetime [nsec] : 0
 Charge [e]: 0
 Spin : 5/2
 Parity : -1
 Charge conjugation : 0
 Isospin : (I,Iz): (2/2 , 0/2 ) 
 GParity : 0
 Quark contents     (d,u,s,c,b,t) : 1, 1, 1, 0, 0, 0
 AntiQuark contents               : 0, 0, 0, 0, 0, 0
 Lepton number : 0 Baryon number : 1
 Particle type : baryon [sigma(1775)]
 ShortLived : ON
G4DecayTable:  sigma(1775)0
0:  BR:  0.23  [Phase Space]   :   lambda pi0
1:  BR:  0.23  [Phase Space]   :   lambda(1405) pi0
2:  BR:  0.2  [Phase Space]   :   proton kaon-
3:  BR:  0.2  [Phase Space]   :   neutron anti_kaon0
4:  BR:  0.05  [Phase Space]   :   sigma(1385)+ pi-
5:  BR:  0.05  [Phase Space]   :   sigma(1385)- pi+
6:  BR:  0.02  [Phase Space]   :   sigma+ pi-
7:  BR:  0.02  [Phase Space]   :   sigma- pi+


--- G4ParticleDefinition ---
 Particle Name : sigma(1915)+
 PDG particle code : 13226 [PDG anti-particle code: -13226]
 Mass [GeV/c2] : 1.915     Width : 0.12
 Lifetime [nsec] : 0
 Charge [e]: 1
 Spin : 5/2
 Parity : 1
 Charge conjugation : 0
 Isospin : (I,Iz): (2/2 , 2/2 ) 
 GParity : 0
 Quark contents     (d,u,s,c,b,t) : 0, 2, 1, 0, 0, 0
 AntiQuark contents               : 0, 0, 0, 0, 0, 0
 Lepton number : 0 Baryon number : 1
 Particle type : baryon [sigma(1915)]
 ShortLived : ON
G4DecayTable:  sigma(1915)+
0:  BR:  0.4  [Phase Space]   :   lambda pi+
1:  BR:  0.2  [Phase Space]   :   sigma+ pi0
2:  BR:  0.2  [Phase Space]   :   sigma0 pi+
3:  BR:  0.15  [Phase Space]   :   proton anti_kaon0
4:  BR:  0.025  [Phase Space]   :   sigma(1385)+ pi0
5:  BR:  0.025  [Phase Space]   :   sigma(1385)0 pi+


--- G4ParticleDefinition ---
 Particle Name : sigma(1915)-
 PDG particle code : 13116 [PDG anti-particle code: -13116]
 Mass [GeV/c2] : 1.915     Width : 0.12
 Lifetime [nsec] : 0
 Charge [e]: -1
 Spin : 5/2
 Parity : 1
 Charge conjugation : 0
 Isospin : (I,Iz): (2/2 , -2/2 ) 
 GParity : 0
 Quark contents     (d,u,s,c,b,t) : 2, 0, 1, 0, 0, 0
 AntiQuark contents               : 0, 0, 0, 0, 0, 0
 Lepton number : 0 Baryon number : 1
 Particle type : baryon [sigma(1915)]
 ShortLived : ON
G4DecayTable:  sigma(1915)-
0:  BR:  0.4  [Phase Space]   :   lambda pi-
1:  BR:  0.2  [Phase Space]   :   sigma0 pi-
2:  BR:  0.2  [Phase Space]   :   sigma- pi0
3:  BR:  0.15  [Phase Space]   :   neutron kaon-
4:  BR:  0.025  [Phase Space]   :   sigma(1385)0 pi-
5:  BR:  0.025  [Phase Space]   :   sigma(1385)- pi0


--- G4ParticleDefinition ---
 Particle Name : sigma(1915)0
 PDG particle code : 13216 [PDG anti-particle code: -13216]
 Mass [GeV/c2] : 1.915     Width : 0.12
 Lifetime [nsec] : 0
 Charge [e]: 0
 Spin : 5/2
 Parity : 1
 Charge conjugation : 0
 Isospin : (I,Iz): (2/2 , 0/2 ) 
 GParity : 0
 Quark contents     (d,u,s,c,b,t) : 1, 1, 1, 0, 0, 0
 AntiQuark contents               : 0, 0, 0, 0, 0, 0
 Lepton number : 0 Baryon number : 1
 Particle type : baryon [sigma(1915)]
 ShortLived : ON
G4DecayTable:  sigma(1915)0
0:  BR:  0.4  [Phase Space]   :   lambda pi0
1:  BR:  0.2  [Phase Space]   :   sigma+ pi-
2:  BR:  0.2  [Phase Space]   :   sigma- pi+
3:  BR:  0.075  [Phase Space]   :   proton kaon-
4:  BR:  0.075  [Phase Space]   :   neutron anti_kaon0
5:  BR:  0.025  [Phase Space]   :   sigma(1385)+ pi-
6:  BR:  0.025  [Phase Space]   :   sigma(1385)- pi+


--- G4ParticleDefinition ---
 Particle Name : sigma(1940)+
 PDG particle code : 23224 [PDG anti-particle code: -23224]
 Mass [GeV/c2] : 1.94     Width : 0.22
 Lifetime [nsec] : 0
 Charge [e]: 1
 Spin : 3/2
 Parity : -1
 Charge conjugation : 0
 Isospin : (I,Iz): (2/2 , 2/2 ) 
 GParity : 0
 Quark contents     (d,u,s,c,b,t) : 0, 2, 1, 0, 0, 0
 AntiQuark contents               : 0, 0, 0, 0, 0, 0
 Lepton number : 0 Baryon number : 1
 Particle type : baryon [sigma(1940)]
 ShortLived : ON
G4DecayTable:  sigma(1940)+
0:  BR:  0.15  [Phase Space]   :   proton anti_k_star0
1:  BR:  0.15  [Phase Space]   :   lambda pi+
2:  BR:  0.15  [Phase Space]   :   lambda(1405) pi+
3:  BR:  0.1125  [Phase Space]   :   delta++ kaon-
4:  BR:  0.1  [Phase Space]   :   proton anti_kaon0
5:  BR:  0.075  [Phase Space]   :   sigma+ pi0
6:  BR:  0.075  [Phase Space]   :   sigma0 pi+
7:  BR:  0.075  [Phase Space]   :   sigma(1385)+ pi0
8:  BR:  0.075  [Phase Space]   :   sigma(1385)0 pi+
9:  BR:  0.0375  [Phase Space]   :   delta+ anti_kaon0


--- G4ParticleDefinition ---
 Particle Name : sigma(1940)-
 PDG particle code : 23114 [PDG anti-particle code: -23114]
 Mass [GeV/c2] : 1.94     Width : 0.22
 Lifetime [nsec] : 0
 Charge [e]: -1
 Spin : 3/2
 Parity : -1
 Charge conjugation : 0
 Isospin : (I,Iz): (2/2 , -2/2 ) 
 GParity : 0
 Quark contents     (d,u,s,c,b,t) : 2, 0, 1, 0, 0, 0
 AntiQuark contents               : 0, 0, 0, 0, 0, 0
 Lepton number : 0 Baryon number : 1
 Particle type : baryon [sigma(1940)]
 ShortLived : ON
G4DecayTable:  sigma(1940)-
0:  BR:  0.15  [Phase Space]   :   neutron k_star-
1:  BR:  0.15  [Phase Space]   :   lambda pi-
2:  BR:  0.15  [Phase Space]   :   lambda(1405) pi-
3:  BR:  0.1125  [Phase Space]   :   delta- anti_kaon0
4:  BR:  0.1  [Phase Space]   :   neutron kaon-
5:  BR:  0.075  [Phase Space]   :   sigma0 pi-
6:  BR:  0.075  [Phase Space]   :   sigma- pi0
7:  BR:  0.075  [Phase Space]   :   sigma(1385)0 pi-
8:  BR:  0.075  [Phase Space]   :   sigma(1385)- pi0
9:  BR:  0.0375  [Phase Space]   :   delta0 kaon-


--- G4ParticleDefinition ---
 Particle Name : sigma(1940)0
 PDG particle code : 23214 [PDG anti-particle code: -23214]
 Mass [GeV/c2] : 1.94     Width : 0.22
 Lifetime [nsec] : 0
 Charge [e]: 0
 Spin : 3/2
 Parity : -1
 Charge conjugation : 0
 Isospin : (I,Iz): (2/2 , 0/2 ) 
 GParity : 0
 Quark contents     (d,u,s,c,b,t) : 1, 1, 1, 0, 0, 0
 AntiQuark contents               : 0, 0, 0, 0, 0, 0
 Lepton number : 0 Baryon number : 1
 Particle type : baryon [sigma(1940)]
 ShortLived : ON
G4DecayTable:  sigma(1940)0
0:  BR:  0.15  [Phase Space]   :   lambda pi0
1:  BR:  0.15  [Phase Space]   :   lambda(1405) pi0
2:  BR:  0.075  [Phase Space]   :   proton k_star-
3:  BR:  0.075  [Phase Space]   :   neutron anti_k_star0
4:  BR:  0.075  [Phase Space]   :   sigma+ pi-
5:  BR:  0.075  [Phase Space]   :   sigma- pi+
6:  BR:  0.075  [Phase Space]   :   sigma(1385)+ pi-
7:  BR:  0.075  [Phase Space]   :   sigma(1385)- pi+
8:  BR:  0.075  [Phase Space]   :   delta+ kaon-
9:  BR:  0.075  [Phase Space]   :   delta0 anti_kaon0
10:  BR:  0.05  [Phase Space]   :   proton kaon-
11:  BR:  0.05  [Phase Space]   :   neutron anti_kaon0


--- G4ParticleDefinition ---
 Particle Name : sigma(2030)+
 PDG particle code : 3228 [PDG anti-particle code: -3228]
 Mass [GeV/c2] : 2.03     Width : 0.18
 Lifetime [nsec] : 0
 Charge [e]: 1
 Spin : 7/2
 Parity : 1
 Charge conjugation : 0
 Isospin : (I,Iz): (2/2 , 2/2 ) 
 GParity : 0
 Quark contents     (d,u,s,c,b,t) : 0, 2, 1, 0, 0, 0
 AntiQuark contents               : 0, 0, 0, 0, 0, 0
 Lepton number : 0 Baryon number : 1
 Particle type : baryon [sigma(2030)]
 ShortLived : ON
G4DecayTable:  sigma(2030)+
0:  BR:  0.2  [Phase Space]   :   proton anti_kaon0
1:  BR:  0.2  [Phase Space]   :   lambda pi+
2:  BR:  0.18  [Phase Space]   :   lambda(1405) pi+
3:  BR:  0.135  [Phase Space]   :   delta++ kaon-
4:  BR:  0.05  [Phase Space]   :   sigma+ pi0
5:  BR:  0.05  [Phase Space]   :   sigma0 pi+
6:  BR:  0.05  [Phase Space]   :   sigma(1385)+ pi0
7:  BR:  0.05  [Phase Space]   :   sigma(1385)0 pi+
8:  BR:  0.045  [Phase Space]   :   delta+ anti_kaon0
9:  BR:  0.04  [Phase Space]   :   proton anti_k_star0


--- G4ParticleDefinition ---
 Particle Name : sigma(2030)-
 PDG particle code : 3118 [PDG anti-particle code: -3118]
 Mass [GeV/c2] : 2.03     Width : 0.18
 Lifetime [nsec] : 0
 Charge [e]: -1
 Spin : 7/2
 Parity : 1
 Charge conjugation : 0
 Isospin : (I,Iz): (2/2 , -2/2 ) 
 GParity : 0
 Quark contents     (d,u,s,c,b,t) : 2, 0, 1, 0, 0, 0
 AntiQuark contents               : 0, 0, 0, 0, 0, 0
 Lepton number : 0 Baryon number : 1
 Particle type : baryon [sigma(2030)]
 ShortLived : ON
G4DecayTable:  sigma(2030)-
0:  BR:  0.2  [Phase Space]   :   neutron kaon-
1:  BR:  0.2  [Phase Space]   :   lambda pi-
2:  BR:  0.18  [Phase Space]   :   lambda(1405) pi-
3:  BR:  0.135  [Phase Space]   :   delta- anti_kaon0
4:  BR:  0.05  [Phase Space]   :   sigma0 pi-
5:  BR:  0.05  [Phase Space]   :   sigma- pi0
6:  BR:  0.05  [Phase Space]   :   sigma(1385)0 pi-
7:  BR:  0.05  [Phase Space]   :   sigma(1385)- pi0
8:  BR:  0.045  [Phase Space]   :   delta0 kaon-
9:  BR:  0.04  [Phase Space]   :   neutron k_star-


--- G4ParticleDefinition ---
 Particle Name : sigma(2030)0
 PDG particle code : 3218 [PDG anti-particle code: -3218]
 Mass [GeV/c2] : 2.03     Width : 0.18
 Lifetime [nsec] : 0
 Charge [e]: 0
 Spin : 7/2
 Parity : 1
 Charge conjugation : 0
 Isospin : (I,Iz): (2/2 , 0/2 ) 
 GParity : 0
 Quark contents     (d,u,s,c,b,t) : 1, 1, 1, 0, 0, 0
 AntiQuark contents               : 0, 0, 0, 0, 0, 0
 Lepton number : 0 Baryon number : 1
 Particle type : baryon [sigma(2030)]
 ShortLived : ON
G4DecayTable:  sigma(2030)0
0:  BR:  0.2  [Phase Space]   :   lambda pi0
1:  BR:  0.18  [Phase Space]   :   lambda(1405) pi0
2:  BR:  0.1  [Phase Space]   :   proton kaon-
3:  BR:  0.1  [Phase Space]   :   neutron anti_kaon0
4:  BR:  0.09  [Phase Space]   :   delta+ kaon-
5:  BR:  0.09  [Phase Space]   :   delta0 anti_kaon0
6:  BR:  0.05  [Phase Space]   :   sigma+ pi-
7:  BR:  0.05  [Phase Space]   :   sigma- pi+
8:  BR:  0.05  [Phase Space]   :   sigma(1385)+ pi-
9:  BR:  0.05  [Phase Space]   :   sigma(1385)- pi+
10:  BR:  0.02  [Phase Space]   :   proton k_star-
11:  BR:  0.02  [Phase Space]   :   neutron anti_k_star0


--- G4ParticleDefinition ---
 Particle Name : sigma+
 PDG particle code : 3222 [PDG anti-particle code: -3222]
 Mass [GeV/c2] : 1.18937     Width : 8.209e-15
 Lifetime [nsec] : 0.08018
 Charge [e]: 1
 Spin : 1/2
 Parity : 1
 Charge conjugation : 0
 Isospin : (I,Iz): (2/2 , 2/2 ) 
 GParity : 0
 MagneticMoment [MeV/T] : 7.74873e-14
 Quark contents     (d,u,s,c,b,t) : 0, 2, 1, 0, 0, 0
 AntiQuark contents               : 0, 0, 0, 0, 0, 0
 Lepton number : 0 Baryon number : 1
 Particle type : baryon [sigma]
G4DecayTable:  sigma+
0:  BR:  0.516  [Phase Space]   :   proton pi0
1:  BR:  0.483  [Phase Space]   :   neutron pi+


--- G4ParticleDefinition ---
 Particle Name : sigma-
 PDG particle code : 3112 [PDG anti-particle code: -3112]
 Mass [GeV/c2] : 1.19745     Width : 4.45e-15
 Lifetime [nsec] : 0.1479
 Charge [e]: -1
 Spin : 1/2
 Parity : 1
 Charge conjugation : 0
 Isospin : (I,Iz): (2/2 , -2/2 ) 
 GParity : 0
 MagneticMoment [MeV/T] : -3.65684e-14
 Quark contents     (d,u,s,c,b,t) : 2, 0, 1, 0, 0, 0
 AntiQuark contents               : 0, 0, 0, 0, 0, 0
 Lepton number : 0 Baryon number : 1
 Particle type : baryon [sigma]
G4DecayTable:  sigma-
0:  BR:  1  [Phase Space]   :   neutron pi-


--- G4ParticleDefinition ---
 Particle Name : sigma0
 PDG particle code : 3212 [PDG anti-particle code: -3212]
 Mass [GeV/c2] : 1.19264     Width : 8.9e-06
 Lifetime [nsec] : 7.39564e-11
 Charge [e]: 0
 Spin : 1/2
 Parity : 1
 Charge conjugation : 0
 Isospin : (I,Iz): (2/2 , 0/2 ) 
 GParity : 0
 Quark contents     (d,u,s,c,b,t) : 1, 1, 1, 0, 0, 0
 AntiQuark contents               : 0, 0, 0, 0, 0, 0
 Lepton number : 0 Baryon number : 1
 Particle type : baryon [sigma]
G4DecayTable:  sigma0
0:  BR:  1  [Phase Space]   :   lambda gamma


--- G4ParticleDefinition ---
 Particle Name : sigma_b+
 PDG particle code : 5222 [PDG anti-particle code: -5222]
 Mass [GeV/c2] : 5.8113     Width : 0.0097
 Lifetime [nsec] : 0
 Charge [e]: 1
 Spin : 1/2
 Parity : 1
 Charge conjugation : 0
 Isospin : (I,Iz): (2/2 , 2/2 ) 
 GParity : 0
 Quark contents     (d,u,s,c,b,t) : 0, 2, 0, 0, 1, 0
 AntiQuark contents               : 0, 0, 0, 0, 0, 0
 Lepton number : 0 Baryon number : 1
 Particle type : baryon [sigma_b]
G4DecayTable:  sigma_b+
0:  BR:  1  [Phase Space]   :   lambda_b pi+


--- G4ParticleDefinition ---
 Particle Name : sigma_b-
 PDG particle code : 5112 [PDG anti-particle code: -5112]
 Mass [GeV/c2] : 5.8155     Width : 0.0049
 Lifetime [nsec] : 0
 Charge [e]: -1
 Spin : 1/2
 Parity : 1
 Charge conjugation : 0
 Isospin : (I,Iz): (2/2 , -2/2 ) 
 GParity : 0
 Quark contents     (d,u,s,c,b,t) : 2, 0, 0, 0, 1, 0
 AntiQuark contents               : 0, 0, 0, 0, 0, 0
 Lepton number : 0 Baryon number : 1
 Particle type : baryon [sigma_b]
G4DecayTable:  sigma_b-
0:  BR:  1  [Phase Space]   :   lambda_b pi-


--- G4ParticleDefinition ---
 Particle Name : sigma_b0
 PDG particle code : 5212 [PDG anti-particle code: -5212]
 Mass [GeV/c2] : 5.8078     Width : 0.005
 Lifetime [nsec] : 0
 Charge [e]: 0
 Spin : 1/2
 Parity : 1
 Charge conjugation : 0
 Isospin : (I,Iz): (2/2 , 0/2 ) 
 GParity : 0
 Quark contents     (d,u,s,c,b,t) : 1, 1, 0, 0, 1, 0
 AntiQuark contents               : 0, 0, 0, 0, 0, 0
 Lepton number : 0 Baryon number : 1
 Particle type : baryon [sigma_b]
G4DecayTable:  sigma_b0
0:  BR:  1  [Phase Space]   :   lambda_b pi0


--- G4ParticleDefinition ---
 Particle Name : sigma_c+
 PDG particle code : 4212 [PDG anti-particle code: -4212]
 Mass [GeV/c2] : 2.4529     Width : 0.0022
 Lifetime [nsec] : 0
 Charge [e]: 1
 Spin : 1/2
 Parity : 1
 Charge conjugation : 0
 Isospin : (I,Iz): (2/2 , 0/2 ) 
 GParity : 0
 Quark contents     (d,u,s,c,b,t) : 1, 1, 0, 1, 0, 0
 AntiQuark contents               : 0, 0, 0, 0, 0, 0
 Lepton number : 0 Baryon number : 1
 Particle type : baryon [sigma_c]
G4DecayTable:  sigma_c+
0:  BR:  1  [Phase Space]   :   lambda_c+ pi0


--- G4ParticleDefinition ---
 Particle Name : sigma_c++
 PDG particle code : 4222 [PDG anti-particle code: -4222]
 Mass [GeV/c2] : 2.45398     Width : 0.00226
 Lifetime [nsec] : 0
 Charge [e]: 2
 Spin : 1/2
 Parity : 1
 Charge conjugation : 0
 Isospin : (I,Iz): (2/2 , 2/2 ) 
 GParity : 0
 Quark contents     (d,u,s,c,b,t) : 0, 2, 0, 1, 0, 0
 AntiQuark contents               : 0, 0, 0, 0, 0, 0
 Lepton number : 0 Baryon number : 1
 Particle type : baryon [sigma_c]
G4DecayTable:  sigma_c++
0:  BR:  1  [Phase Space]   :   lambda_c+ pi+


--- G4ParticleDefinition ---
 Particle Name : sigma_c0
 PDG particle code : 4112 [PDG anti-particle code: -4112]
 Mass [GeV/c2] : 2.45374     Width : 0.00216
 Lifetime [nsec] : 0
 Charge [e]: 0
 Spin : 1/2
 Parity : 1
 Charge conjugation : 0
 Isospin : (I,Iz): (2/2 , -1/2 ) 
 GParity : 0
 Quark contents     (d,u,s,c,b,t) : 2, 0, 0, 1, 0, 0
 AntiQuark contents               : 0, 0, 0, 0, 0, 0
 Lepton number : 0 Baryon number : 1
 Particle type : baryon [sigma_c]
G4DecayTable:  sigma_c0
0:  BR:  1  [Phase Space]   :   lambda_c+ pi-


--- G4ParticleDefinition ---
 Particle Name : ss1_diquark
 PDG particle code : 3303 [PDG anti-particle code: -3303]
 Mass [GeV/c2] : 0.198     Width : 0
 Lifetime [nsec] : -1
 Charge [e]: -0.666667
 Spin : 2/2
 Parity : 1
 Charge conjugation : 0
 Isospin : (I,Iz): (0/2 , 0/2 ) 
 GParity : 0
 Quark contents     (d,u,s,c,b,t) : 0, 0, 2, 0, 0, 0
 AntiQuark contents               : 0, 0, 0, 0, 0, 0
 Lepton number : 0 Baryon number : 0
 Particle type : diquarks [di_quark]
 ShortLived : ON
 Stable : stable

--- G4ParticleDefinition ---
 Particle Name : su0_diquark
 PDG particle code : 3201 [PDG anti-particle code: -3201]
 Mass [GeV/c2] : 0.1014     Width : 0
 Lifetime [nsec] : -1
 Charge [e]: 0.333333
 Spin : 0/2
 Parity : 1
 Charge conjugation : 0
 Isospin : (I,Iz): (1/2 , 1/2 ) 
 GParity : 0
 Quark contents     (d,u,s,c,b,t) : 0, 1, 1, 0, 0, 0
 AntiQuark contents               : 0, 0, 0, 0, 0, 0
 Lepton number : 0 Baryon number : 0
 Particle type : diquarks [di_quark]
 ShortLived : ON
 Stable : stable

--- G4ParticleDefinition ---
 Particle Name : su1_diquark
 PDG particle code : 3203 [PDG anti-particle code: -3203]
 Mass [GeV/c2] : 0.1014     Width : 0
 Lifetime [nsec] : -1
 Charge [e]: 0.333333
 Spin : 2/2
 Parity : 1
 Charge conjugation : 0
 Isospin : (I,Iz): (1/2 , 1/2 ) 
 GParity : 0
 Quark contents     (d,u,s,c,b,t) : 0, 1, 1, 0, 0, 0
 AntiQuark contents               : 0, 0, 0, 0, 0, 0
 Lepton number : 0 Baryon number : 0
 Particle type : diquarks [di_quark]
 ShortLived : ON
 Stable : stable

--- G4ParticleDefinition ---
 Particle Name : t_quark
 PDG particle code : 6 [PDG anti-particle code: -6]
 Mass [GeV/c2] : 173.21     Width : 2
 Lifetime [nsec] : -1
 Charge [e]: 0.666667
 Spin : 1/2
 Parity : 1
 Charge conjugation : 0
 Isospin : (I,Iz): (0/2 , 0/2 ) 
 GParity : 0
 Quark contents     (d,u,s,c,b,t) : 0, 0, 0, 0, 0, 1
 AntiQuark contents               : 0, 0, 0, 0, 0, 0
 Lepton number : 0 Baryon number : 0
 Particle type : quarks [quark]
 ShortLived : ON
 Stable : stable

--- G4ParticleDefinition ---
 Particle Name : tau+
 PDG particle code : -15 [PDG anti-particle code: 15]
 Mass [GeV/c2] : 1.77682     Width : 2.267e-12
 Lifetime [nsec] : 0.0002903
 Charge [e]: 1
 Spin : 1/2
 Parity : 0
 Charge conjugation : 0
 Isospin : (I,Iz): (0/2 , 0/2 ) 
 GParity : 0
 MagneticMoment [MeV/T] : 1.66666e-14
 Quark contents     (d,u,s,c,b,t) : 0, 0, 0, 0, 0, 0
 AntiQuark contents               : 0, 0, 0, 0, 0, 0
 Lepton number : -1 Baryon number : 0
 Particle type : lepton [tau]
G4DecayTable:  tau+
0:  BR:  0.2541  [Phase Space]   :   pi0 pi+ anti_nu_tau
1:  BR:  0.1784  [Tau Leptonic Decay]   :   e+ nu_e anti_nu_tau
2:  BR:  0.1736  [Tau Leptonic Decay]   :   mu+ nu_mu anti_nu_tau
3:  BR:  0.1106  [Phase Space]   :   pi+ anti_nu_tau
4:  BR:  0.0946  [Phase Space]   :   pi+ pi+ pi- anti_nu_tau
5:  BR:  0.0917  [Phase Space]   :   pi0 pi0 pi+ anti_nu_tau


--- G4ParticleDefinition ---
 Particle Name : tau-
 PDG particle code : 15 [PDG anti-particle code: -15]
 Mass [GeV/c2] : 1.77682     Width : 2.267e-12
 Lifetime [nsec] : 0.0002903
 Charge [e]: -1
 Spin : 1/2
 Parity : 0
 Charge conjugation : 0
 Isospin : (I,Iz): (0/2 , 0/2 ) 
 GParity : 0
 MagneticMoment [MeV/T] : -1.66666e-14
 Quark contents     (d,u,s,c,b,t) : 0, 0, 0, 0, 0, 0
 AntiQuark contents               : 0, 0, 0, 0, 0, 0
 Lepton number : 1 Baryon number : 0
 Particle type : lepton [tau]
G4DecayTable:  tau-
0:  BR:  0.2541  [Phase Space]   :   pi0 pi- nu_tau
1:  BR:  0.1784  [Tau Leptonic Decay]   :   e- anti_nu_e nu_tau
2:  BR:  0.1736  [Tau Leptonic Decay]   :   mu- anti_nu_mu nu_tau
3:  BR:  0.1106  [Phase Space]   :   pi- nu_tau
4:  BR:  0.0946  [Phase Space]   :   pi- pi- pi+ nu_tau
5:  BR:  0.0917  [Phase Space]   :   pi0 pi0 pi- nu_tau


--- G4ParticleDefinition ---
 Particle Name : triton
 PDG particle code : 1000010030 [PDG anti-particle code: -1000010030]
 Mass [GeV/c2] : 2.80892     Width : 0
 Lifetime [nsec] : 3.88524e+17
 Charge [e]: 1
 Spin : 1/2
 Parity : 1
 Charge conjugation : 0
 Isospin : (I,Iz): (0/2 , 0/2 ) 
 GParity : 0
 MagneticMoment [MeV/T] : 9.39103e-14
 Quark contents     (d,u,s,c,b,t) : 4, 5, 0, 0, 0, 0
 AntiQuark contents               : 0, 0, 0, 0, 0, 0
 Lepton number : 0 Baryon number : 3
 Particle type : nucleus [static]
 Atomic Number : 1  Atomic Mass : 3
 Stable : stable

--- G4ParticleDefinition ---
 Particle Name : u_quark
 PDG particle code : 2 [PDG anti-particle code: -2]
 Mass [GeV/c2] : 0.0023     Width : 0
 Lifetime [nsec] : -1
 Charge [e]: 0.666667
 Spin : 1/2
 Parity : 1
 Charge conjugation : 0
 Isospin : (I,Iz): (1/2 , 1/2 ) 
 GParity : 0
 Quark contents     (d,u,s,c,b,t) : 0, 1, 0, 0, 0, 0
 AntiQuark contents               : 0, 0, 0, 0, 0, 0
 Lepton number : 0 Baryon number : 0
 Particle type : quarks [quark]
 ShortLived : ON
 Stable : stable

--- G4ParticleDefinition ---
 Particle Name : ud0_diquark
 PDG particle code : 2101 [PDG anti-particle code: -2101]
 Mass [GeV/c2] : 0.0071     Width : 0
 Lifetime [nsec] : -1
 Charge [e]: 0.333333
 Spin : 0/2
 Parity : 1
 Charge conjugation : 0
 Isospin : (I,Iz): (0/2 , 0/2 ) 
 GParity : 0
 Quark contents     (d,u,s,c,b,t) : 1, 1, 0, 0, 0, 0
 AntiQuark contents               : 0, 0, 0, 0, 0, 0
 Lepton number : 0 Baryon number : 0
 Particle type : diquarks [di_quark]
 ShortLived : ON
 Stable : stable

--- G4ParticleDefinition ---
 Particle Name : ud1_diquark
 PDG particle code : 2103 [PDG anti-particle code: -2103]
 Mass [GeV/c2] : 0.007     Width : 0
 Lifetime [nsec] : -1
 Charge [e]: 0.333333
 Spin : 2/2
 Parity : 1
 Charge conjugation : 0
 Isospin : (I,Iz): (2/2 , 0/2 ) 
 GParity : 0
 Quark contents     (d,u,s,c,b,t) : 1, 1, 0, 0, 0, 0
 AntiQuark contents               : 0, 0, 0, 0, 0, 0
 Lepton number : 0 Baryon number : 0
 Particle type : diquarks [di_quark]
 ShortLived : ON
 Stable : stable

--- G4ParticleDefinition ---
 Particle Name : uu1_diquark
 PDG particle code : 2203 [PDG anti-particle code: -2203]
 Mass [GeV/c2] : 0.0046     Width : 0
 Lifetime [nsec] : -1
 Charge [e]: 1.33333
 Spin : 2/2
 Parity : 1
 Charge conjugation : 0
 Isospin : (I,Iz): (2/2 , 2/2 ) 
 GParity : 0
 Quark contents     (d,u,s,c,b,t) : 0, 2, 0, 0, 0, 0
 AntiQuark contents               : 0, 0, 0, 0, 0, 0
 Lepton number : 0 Baryon number : 0
 Particle type : diquarks [di_quark]
 ShortLived : ON
 Stable : stable

--- G4ParticleDefinition ---
 Particle Name : xi(1530)-
 PDG particle code : 3314 [PDG anti-particle code: -3314]
 Mass [GeV/c2] : 1.535     Width : 0.0099
 Lifetime [nsec] : 0
 Charge [e]: -1
 Spin : 3/2
 Parity : 1
 Charge conjugation : 0
 Isospin : (I,Iz): (1/2 , -1/2 ) 
 GParity : 0
 Quark contents     (d,u,s,c,b,t) : 1, 0, 2, 0, 0, 0
 AntiQuark contents               : 0, 0, 0, 0, 0, 0
 Lepton number : 0 Baryon number : 1
 Particle type : baryon [xi(1530)]
 ShortLived : ON
G4DecayTable:  xi(1530)-
0:  BR:  0.49  [Phase Space]   :   xi0 pi-
1:  BR:  0.49  [Phase Space]   :   xi- pi0
2:  BR:  0.02  [Phase Space]   :   xi- gamma


--- G4ParticleDefinition ---
 Particle Name : xi(1530)0
 PDG particle code : 3324 [PDG anti-particle code: -3324]
 Mass [GeV/c2] : 1.5318     Width : 0.0091
 Lifetime [nsec] : 0
 Charge [e]: 0
 Spin : 3/2
 Parity : 1
 Charge conjugation : 0
 Isospin : (I,Iz): (1/2 , 1/2 ) 
 GParity : 0
 Quark contents     (d,u,s,c,b,t) : 0, 1, 2, 0, 0, 0
 AntiQuark contents               : 0, 0, 0, 0, 0, 0
 Lepton number : 0 Baryon number : 1
 Particle type : baryon [xi(1530)]
 ShortLived : ON
G4DecayTable:  xi(1530)0
0:  BR:  0.49  [Phase Space]   :   xi0 pi0
1:  BR:  0.49  [Phase Space]   :   xi- pi+
2:  BR:  0.02  [Phase Space]   :   xi0 gamma


--- G4ParticleDefinition ---
 Particle Name : xi(1690)-
 PDG particle code : 23314 [PDG anti-particle code: -23314]
 Mass [GeV/c2] : 1.69     Width : 0.05
 Lifetime [nsec] : 0
 Charge [e]: -1
 Spin : 3/2
 Parity : 1
 Charge conjugation : 0
 Isospin : (I,Iz): (1/2 , -1/2 ) 
 GParity : 0
 Quark contents     (d,u,s,c,b,t) : 1, 0, 2, 0, 0, 0
 AntiQuark contents               : 0, 0, 0, 0, 0, 0
 Lepton number : 0 Baryon number : 1
 Particle type : baryon [xi(1690)]
 ShortLived : ON
G4DecayTable:  xi(1690)-
0:  BR:  0.7  [Phase Space]   :   lambda kaon-
1:  BR:  0.1  [Phase Space]   :   sigma0 kaon-
2:  BR:  0.1  [Phase Space]   :   sigma- anti_kaon0
3:  BR:  0.05  [Phase Space]   :   xi0 pi-
4:  BR:  0.05  [Phase Space]   :   xi- pi0


--- G4ParticleDefinition ---
 Particle Name : xi(1690)0
 PDG particle code : 23324 [PDG anti-particle code: -23324]
 Mass [GeV/c2] : 1.69     Width : 0.05
 Lifetime [nsec] : 0
 Charge [e]: 0
 Spin : 3/2
 Parity : 1
 Charge conjugation : 0
 Isospin : (I,Iz): (1/2 , 1/2 ) 
 GParity : 0
 Quark contents     (d,u,s,c,b,t) : 0, 1, 2, 0, 0, 0
 AntiQuark contents               : 0, 0, 0, 0, 0, 0
 Lepton number : 0 Baryon number : 1
 Particle type : baryon [xi(1690)]
 ShortLived : ON
G4DecayTable:  xi(1690)0
0:  BR:  0.7  [Phase Space]   :   lambda kaon0
1:  BR:  0.1  [Phase Space]   :   sigma+ kaon-
2:  BR:  0.1  [Phase Space]   :   sigma0 anti_kaon0
3:  BR:  0.05  [Phase Space]   :   xi0 pi0
4:  BR:  0.05  [Phase Space]   :   xi- pi+


--- G4ParticleDefinition ---
 Particle Name : xi(1820)-
 PDG particle code : 13314 [PDG anti-particle code: -13314]
 Mass [GeV/c2] : 1.823     Width : 0.024
 Lifetime [nsec] : 0
 Charge [e]: -1
 Spin : 3/2
 Parity : -1
 Charge conjugation : 0
 Isospin : (I,Iz): (1/2 , -1/2 ) 
 GParity : 0
 Quark contents     (d,u,s,c,b,t) : 1, 0, 2, 0, 0, 0
 AntiQuark contents               : 0, 0, 0, 0, 0, 0
 Lepton number : 0 Baryon number : 1
 Particle type : baryon [xi(1820)]
 ShortLived : ON
G4DecayTable:  xi(1820)-
0:  BR:  0.7  [Phase Space]   :   lambda kaon-
1:  BR:  0.075  [Phase Space]   :   xi0 pi-
2:  BR:  0.075  [Phase Space]   :   xi- pi0
3:  BR:  0.075  [Phase Space]   :   sigma0 kaon-
4:  BR:  0.075  [Phase Space]   :   sigma- anti_kaon0


--- G4ParticleDefinition ---
 Particle Name : xi(1820)0
 PDG particle code : 13324 [PDG anti-particle code: -13324]
 Mass [GeV/c2] : 1.823     Width : 0.024
 Lifetime [nsec] : 0
 Charge [e]: 0
 Spin : 3/2
 Parity : -1
 Charge conjugation : 0
 Isospin : (I,Iz): (1/2 , 1/2 ) 
 GParity : 0
 Quark contents     (d,u,s,c,b,t) : 0, 1, 2, 0, 0, 0
 AntiQuark contents               : 0, 0, 0, 0, 0, 0
 Lepton number : 0 Baryon number : 1
 Particle type : baryon [xi(1820)]
 ShortLived : ON
G4DecayTable:  xi(1820)0
0:  BR:  0.7  [Phase Space]   :   lambda kaon0
1:  BR:  0.075  [Phase Space]   :   xi0 pi0
2:  BR:  0.075  [Phase Space]   :   xi- pi+
3:  BR:  0.075  [Phase Space]   :   sigma+ kaon-
4:  BR:  0.075  [Phase Space]   :   sigma0 anti_kaon0


--- G4ParticleDefinition ---
 Particle Name : xi(1950)-
 PDG particle code : 33314 [PDG anti-particle code: -33314]
 Mass [GeV/c2] : 1.95     Width : 0.06
 Lifetime [nsec] : 0
 Charge [e]: -1
 Spin : 3/2
 Parity : -1
 Charge conjugation : 0
 Isospin : (I,Iz): (1/2 , -1/2 ) 
 GParity : 0
 Quark contents     (d,u,s,c,b,t) : 1, 0, 2, 0, 0, 0
 AntiQuark contents               : 0, 0, 0, 0, 0, 0
 Lepton number : 0 Baryon number : 1
 Particle type : baryon [xi(1950)]
 ShortLived : ON
G4DecayTable:  xi(1950)-
0:  BR:  0.5  [Phase Space]   :   lambda kaon-
1:  BR:  0.125  [Phase Space]   :   xi0 pi-
2:  BR:  0.125  [Phase Space]   :   xi- pi0
3:  BR:  0.125  [Phase Space]   :   sigma0 kaon-
4:  BR:  0.125  [Phase Space]   :   sigma- anti_kaon0


--- G4ParticleDefinition ---
 Particle Name : xi(1950)0
 PDG particle code : 33324 [PDG anti-particle code: -33324]
 Mass [GeV/c2] : 1.95     Width : 0.06
 Lifetime [nsec] : 0
 Charge [e]: 0
 Spin : 3/2
 Parity : -1
 Charge conjugation : 0
 Isospin : (I,Iz): (1/2 , 1/2 ) 
 GParity : 0
 Quark contents     (d,u,s,c,b,t) : 0, 1, 2, 0, 0, 0
 AntiQuark contents               : 0, 0, 0, 0, 0, 0
 Lepton number : 0 Baryon number : 1
 Particle type : baryon [xi(1950)]
 ShortLived : ON
G4DecayTable:  xi(1950)0
0:  BR:  0.5  [Phase Space]   :   lambda kaon0
1:  BR:  0.125  [Phase Space]   :   xi0 pi0
2:  BR:  0.125  [Phase Space]   :   xi- pi+
3:  BR:  0.125  [Phase Space]   :   sigma+ kaon-
4:  BR:  0.125  [Phase Space]   :   sigma0 anti_kaon0


--- G4ParticleDefinition ---
 Particle Name : xi(2030)-
 PDG particle code : 13316 [PDG anti-particle code: -13316]
 Mass [GeV/c2] : 2.025     Width : 0.02
 Lifetime [nsec] : 0
 Charge [e]: -1
 Spin : 5/2
 Parity : 1
 Charge conjugation : 0
 Isospin : (I,Iz): (1/2 , -1/2 ) 
 GParity : 0
 Quark contents     (d,u,s,c,b,t) : 1, 0, 2, 0, 0, 0
 AntiQuark contents               : 0, 0, 0, 0, 0, 0
 Lepton number : 0 Baryon number : 1
 Particle type : baryon [xi(2030)]
 ShortLived : ON
G4DecayTable:  xi(2030)-
0:  BR:  0.35  [Phase Space]   :   sigma0 kaon-
1:  BR:  0.35  [Phase Space]   :   sigma- anti_kaon0
2:  BR:  0.2  [Phase Space]   :   lambda kaon-
3:  BR:  0.05  [Phase Space]   :   xi0 pi-
4:  BR:  0.05  [Phase Space]   :   xi- pi0


--- G4ParticleDefinition ---
 Particle Name : xi(2030)0
 PDG particle code : 13326 [PDG anti-particle code: -13326]
 Mass [GeV/c2] : 2.025     Width : 0.02
 Lifetime [nsec] : 0
 Charge [e]: 0
 Spin : 5/2
 Parity : 1
 Charge conjugation : 0
 Isospin : (I,Iz): (1/2 , 1/2 ) 
 GParity : 0
 Quark contents     (d,u,s,c,b,t) : 0, 1, 2, 0, 0, 0
 AntiQuark contents               : 0, 0, 0, 0, 0, 0
 Lepton number : 0 Baryon number : 1
 Particle type : baryon [xi(2030)]
 ShortLived : ON
G4DecayTable:  xi(2030)0
0:  BR:  0.35  [Phase Space]   :   sigma+ kaon-
1:  BR:  0.35  [Phase Space]   :   sigma0 anti_kaon0
2:  BR:  0.2  [Phase Space]   :   lambda kaon0
3:  BR:  0.05  [Phase Space]   :   xi0 pi0
4:  BR:  0.05  [Phase Space]   :   xi- pi+


--- G4ParticleDefinition ---
 Particle Name : xi-
 PDG particle code : 3312 [PDG anti-particle code: -3312]
 Mass [GeV/c2] : 1.32171     Width : 4.02e-15
 Lifetime [nsec] : 0.1639
 Charge [e]: -1
 Spin : 1/2
 Parity : 1
 Charge conjugation : 0
 Isospin : (I,Iz): (1/2 , -1/2 ) 
 GParity : 0
 MagneticMoment [MeV/T] : -2.0513e-14
 Quark contents     (d,u,s,c,b,t) : 1, 0, 2, 0, 0, 0
 AntiQuark contents               : 0, 0, 0, 0, 0, 0
 Lepton number : 0 Baryon number : 1
 Particle type : baryon [xi]
G4DecayTable:  xi-
0:  BR:  1  [Phase Space]   :   lambda pi-


--- G4ParticleDefinition ---
 Particle Name : xi0
 PDG particle code : 3322 [PDG anti-particle code: -3322]
 Mass [GeV/c2] : 1.31486     Width : 2.27e-15
 Lifetime [nsec] : 0.29
 Charge [e]: 0
 Spin : 1/2
 Parity : 1
 Charge conjugation : 0
 Isospin : (I,Iz): (1/2 , 1/2 ) 
 GParity : 0
 MagneticMoment [MeV/T] : -3.94056e-14
 Quark contents     (d,u,s,c,b,t) : 0, 1, 2, 0, 0, 0
 AntiQuark contents               : 0, 0, 0, 0, 0, 0
 Lepton number : 0 Baryon number : 1
 Particle type : baryon [xi]
G4DecayTable:  xi0
0:  BR:  1  [Phase Space]   :   lambda pi0


--- G4ParticleDefinition ---
 Particle Name : xi_b-
 PDG particle code : 5132 [PDG anti-particle code: -5132]
 Mass [GeV/c2] : 5.7949     Width : 4.2e-13
 Lifetime [nsec] : 0.00156
 Charge [e]: -1
 Spin : 1/2
 Parity : 1
 Charge conjugation : 0
 Isospin : (I,Iz): (1/2 , -1/2 ) 
 GParity : 0
 Quark contents     (d,u,s,c,b,t) : 1, 0, 1, 0, 1, 0
 AntiQuark contents               : 0, 0, 0, 0, 0, 0
 Lepton number : 0 Baryon number : 1
 Particle type : baryon [xi_b]
Decay Table is not defined !!

--- G4ParticleDefinition ---
 Particle Name : xi_b0
 PDG particle code : 5232 [PDG anti-particle code: -5232]
 Mass [GeV/c2] : 5.7931     Width : 4.4e-13
 Lifetime [nsec] : 0.00149
 Charge [e]: 0
 Spin : 1/2
 Parity : 1
 Charge conjugation : 0
 Isospin : (I,Iz): (1/2 , 1/2 ) 
 GParity : 0
 Quark contents     (d,u,s,c,b,t) : 0, 1, 1, 0, 1, 0
 AntiQuark contents               : 0, 0, 0, 0, 0, 0
 Lepton number : 0 Baryon number : 1
 Particle type : baryon [xi_b]
Decay Table is not defined !!

--- G4ParticleDefinition ---
 Particle Name : xi_c+
 PDG particle code : 4232 [PDG anti-particle code: -4232]
 Mass [GeV/c2] : 2.4678     Width : 1.49e-12
 Lifetime [nsec] : 0.000442
 Charge [e]: 1
 Spin : 1/2
 Parity : 1
 Charge conjugation : 0
 Isospin : (I,Iz): (1/2 , 1/2 ) 
 GParity : 0
 Quark contents     (d,u,s,c,b,t) : 0, 1, 1, 1, 0, 0
 AntiQuark contents               : 0, 0, 0, 0, 0, 0
 Lepton number : 0 Baryon number : 1
 Particle type : baryon [xi_c]
Decay Table is not defined !!

--- G4ParticleDefinition ---
 Particle Name : xi_c0
 PDG particle code : 4132 [PDG anti-particle code: -4132]
 Mass [GeV/c2] : 2.47088     Width : 5.9e-12
 Lifetime [nsec] : 0.000112
 Charge [e]: 0
 Spin : 1/2
 Parity : 1
 Charge conjugation : 0
 Isospin : (I,Iz): (1/2 , -1/2 ) 
 GParity : 0
 Quark contents     (d,u,s,c,b,t) : 1, 0, 1, 1, 0, 0
 AntiQuark contents               : 0, 0, 0, 0, 0, 0
 Lepton number : 0 Baryon number : 1
 Particle type : baryon [xi_c]
Decay Table is not defined !!
List of instantiated particles ============================================
B+ B- B0 Bc+ Bc- Bs0 D+ D- D0 Ds+ 
Ds- GenericIon He3 J/psi N(1440)+ N(1440)0 N(1520)+ N(1520)0 N(1535)+ N(1535)0 
N(1650)+ N(1650)0 N(1675)+ N(1675)0 N(1680)+ N(1680)0 N(1700)+ N(1700)0 N(1710)+ N(1710)0 
N(1720)+ N(1720)0 N(1900)+ N(1900)0 N(1990)+ N(1990)0 N(2090)+ N(2090)0 N(2190)+ N(2190)0 
N(2220)+ N(2220)0 N(2250)+ N(2250)0 Upsilon a0(1450)+ a0(1450)- a0(1450)0 a0(980)+ a0(980)- 
a0(980)0 a1(1260)+ a1(1260)- a1(1260)0 a2(1320)+ a2(1320)- a2(1320)0 alpha anti_B0 anti_Bs0 
anti_D0 anti_He3 anti_N(1440)+ anti_N(1440)0 anti_N(1520)+ anti_N(1520)0 anti_N(1535)+ anti_N(1535)0 anti_N(1650)+ anti_N(1650)0 
anti_N(1675)+ anti_N(1675)0 anti_N(1680)+ anti_N(1680)0 anti_N(1700)+ anti_N(1700)0 anti_N(1710)+ anti_N(1710)0 anti_N(1720)+ anti_N(1720)0 
anti_N(1900)+ anti_N(1900)0 anti_N(1990)+ anti_N(1990)0 anti_N(2090)+ anti_N(2090)0 anti_N(2190)+ anti_N(2190)0 anti_N(2220)+ anti_N(2220)0 
anti_N(2250)+ anti_N(2250)0 anti_alpha anti_b_quark anti_c_quark anti_d_quark anti_dd1_diquark anti_delta(1600)+ anti_delta(1600)++ anti_delta(1600)- 
anti_delta(1600)0 anti_delta(1620)+ anti_delta(1620)++ anti_delta(1620)- anti_delta(1620)0 anti_delta(1700)+ anti_delta(1700)++ anti_delta(1700)- anti_delta(1700)0 anti_delta(1900)+ 
anti_delta(1900)++ anti_delta(1900)- anti_delta(1900)0 anti_delta(1905)+ anti_delta(1905)++ anti_delta(1905)- anti_delta(1905)0 anti_delta(1910)+ anti_delta(1910)++ anti_delta(1910)- 
anti_delta(1910)0 anti_delta(1920)+ anti_delta(1920)++ anti_delta(1920)- anti_delta(1920)0 anti_delta(1930)+ anti_delta(1930)++ anti_delta(1930)- anti_delta(1930)0 anti_delta(1950)+ 
anti_delta(1950)++ anti_delta(1950)- anti_delta(1950)0 anti_delta+ anti_delta++ anti_delta- anti_delta0 anti_deuteron anti_k(1460)0 anti_k0_star(1430)0 
anti_k1(1270)0 anti_k1(1400)0 anti_k2(1770)0 anti_k2_star(1430)0 anti_k2_star(1980)0 anti_k3_star(1780)0 anti_k_star(1410)0 anti_k_star(1680)0 anti_k_star0 anti_kaon0 
anti_lambda anti_lambda(1405) anti_lambda(1520) anti_lambda(1600) anti_lambda(1670) anti_lambda(1690) anti_lambda(1800) anti_lambda(1810) anti_lambda(1820) anti_lambda(1830) 
anti_lambda(1890) anti_lambda(2100) anti_lambda(2110) anti_lambda_b anti_lambda_c+ anti_neutron anti_nu_e anti_nu_mu anti_nu_tau anti_omega- 
anti_omega_b- anti_omega_c0 anti_proton anti_s_quark anti_sd0_diquark anti_sd1_diquark anti_sigma(1385)+ anti_sigma(1385)- anti_sigma(1385)0 anti_sigma(1660)+ 
anti_sigma(1660)- anti_sigma(1660)0 anti_sigma(1670)+ anti_sigma(1670)- anti_sigma(1670)0 anti_sigma(1750)+ anti_sigma(1750)- anti_sigma(1750)0 anti_sigma(1775)+ anti_sigma(1775)- 
anti_sigma(1775)0 anti_sigma(1915)+ anti_sigma(1915)- anti_sigma(1915)0 anti_sigma(1940)+ anti_sigma(1940)- anti_sigma(1940)0 anti_sigma(2030)+ anti_sigma(2030)- anti_sigma(2030)0 
anti_sigma+ anti_sigma- anti_sigma0 anti_sigma_b+ anti_sigma_b- anti_sigma_b0 anti_sigma_c+ anti_sigma_c++ anti_sigma_c0 anti_ss1_diquark 
anti_su0_diquark anti_su1_diquark anti_t_quark anti_triton anti_u_quark anti_ud0_diquark anti_ud1_diquark anti_uu1_diquark anti_xi(1530)- anti_xi(1530)0 
anti_xi(1690)- anti_xi(1690)0 anti_xi(1820)- anti_xi(1820)0 anti_xi(1950)- anti_xi(1950)0 anti_xi(2030)- anti_xi(2030)0 anti_xi- anti_xi0 
anti_xi_b- anti_xi_b0 anti_xi_c+ anti_xi_c0 b1(1235)+ b1(1235)- b1(1235)0 b_quark c_quark chargedgeantino 
d_quark dd1_diquark delta(1600)+ delta(1600)++ delta(1600)- delta(1600)0 delta(1620)+ delta(1620)++ delta(1620)- delta(1620)0 
delta(1700)+ delta(1700)++ delta(1700)- delta(1700)0 delta(1900)+ delta(1900)++ delta(1900)- delta(1900)0 delta(1905)+ delta(1905)++ 
delta(1905)- delta(1905)0 delta(1910)+ delta(1910)++ delta(1910)- delta(1910)0 delta(1920)+ delta(1920)++ delta(1920)- delta(1920)0 
delta(1930)+ delta(1930)++ delta(1930)- delta(1930)0 delta(1950)+ delta(1950)++ delta(1950)- delta(1950)0 delta+ delta++ 
delta- delta0 deuteron e+ e- eta eta(1295) eta(1405) eta(1475) eta2(1645) 
eta2(1870) eta_prime etac f0(1370) f0(1500) f0(1710) f0(500) f0(980) f1(1285) f1(1420) 
f2(1270) f2(1810) f2(2010) f2_prime(1525) gamma geantino gluon h1(1170) h1(1380) k(1460)+ 
k(1460)- k(1460)0 k0_star(1430)+ k0_star(1430)- k0_star(1430)0 k1(1270)+ k1(1270)- k1(1270)0 k1(1400)+ k1(1400)- 
k1(1400)0 k2(1770)+ k2(1770)- k2(1770)0 k2_star(1430)+ k2_star(1430)- k2_star(1430)0 k2_star(1980)+ k2_star(1980)- k2_star(1980)0 
k3_star(1780)+ k3_star(1780)- k3_star(1780)0 k_star(1410)+ k_star(1410)- k_star(1410)0 k_star(1680)+ k_star(1680)- k_star(1680)0 k_star+ 
k_star- k_star0 kaon+ kaon- kaon0 kaon0L kaon0S lambda lambda(1405) lambda(1520) 
lambda(1600) lambda(1670) lambda(1690) lambda(1800) lambda(1810) lambda(1820) lambda(1830) lambda(1890) lambda(2100) lambda(2110) 
lambda_b lambda_c+ mu+ mu- neutron nu_e nu_mu nu_tau omega omega(1420) 
omega(1650) omega- omega3(1670) omega_b- omega_c0 opticalphoton phi phi(1680) phi3(1850) pi(1300)+ 
pi(1300)- pi(1300)0 pi+ pi- pi0 pi2(1670)+ pi2(1670)- pi2(1670)0 proton rho(1450)+ 
rho(1450)- rho(1450)0 rho(1700)+ rho(1700)- rho(1700)0 rho+ rho- rho0 rho3(1690)+ rho3(1690)- 
rho3(1690)0 s_quark sd0_diquark sd1_diquark sigma(1385)+ sigma(1385)- sigma(1385)0 sigma(1660)+ sigma(1660)- sigma(1660)0 
sigma(1670)+ sigma(1670)- sigma(1670)0 sigma(1750)+ sigma(1750)- sigma(1750)0 sigma(1775)+ sigma(1775)- sigma(1775)0 sigma(1915)+ 
sigma(1915)- sigma(1915)0 sigma(1940)+ sigma(1940)- sigma(1940)0 sigma(2030)+ sigma(2030)- sigma(2030)0 sigma+ sigma- 
sigma0 sigma_b+ sigma_b- sigma_b0 sigma_c+ sigma_c++ sigma_c0 ss1_diquark su0_diquark su1_diquark 
t_quark tau+ tau- triton u_quark ud0_diquark ud1_diquark uu1_diquark xi(1530)- xi(1530)0 
xi(1690)- xi(1690)0 xi(1820)- xi(1820)0 xi(1950)- xi(1950)0 xi(2030)- xi(2030)0 xi- xi0 
xi_b- xi_b0 xi_c+ xi_c0 
Initializing the Geant4 kernel...
userDetector->Construct() start.
Root geometry volume SITE::1 configured as World
World is registered to the default region.
In G4HelixMixedStepper: Choosing Stepper for small steps. Choice is G4ClassicalRK4
STC: ALL parameters loaded from ccdb
CDC: ALL parameters loaded from ccdb
FDC: ALL parameters loaded from ccdb
BCAL: ALL parameters loaded from ccdb
FTOF: ALL parameters loaded from ccdb
FCAL: ALL parameters loaded from ccdb
Additional geometry layer configured as ParallelWorld1
physicsList->Construct() start.
 G4PhysicsListHelper::AddTransportation()--- G4CoupledTransportation is used 
 New QGSP_FTFP_BERT physics list, replaces LEP with FTF/P for p/n/pi (/K?)  Thresholds: 
    1) between BERT  and FTF/P over the interval 6 to 8 GeV. 
    2) between FTF/P and QGS/P over the interval 12 to 25 GeV. 
  -- quasiElastic was asked to be 1
     Changed to 1 for QGS  and to 0 (must be false) for FTF
physicsList->CheckParticleList() start.
physicsList->setCut() start.

====================================================================
                  HADRONIC PROCESSES SUMMARY (verbose level 1)

---------------------------------------------------
                           Hadronic Processes for neutron

  Process: hadElastic
        Model:             hElasticCHIPS: 0 eV  ---> 100 TeV
     Cr_sctns:        G4NeutronElasticXS: 0 eV  ---> 100 TeV
     Cr_sctns:            GheishaElastic: 0 eV  ---> 100 TeV

  Process: neutronInelastic
        Model:                      QGSP: 12 GeV ---> 100 TeV
        Model:                      FTFP: 6 GeV ---> 25 GeV
        Model:            BertiniCascade: 0 eV  ---> 8 GeV
     Cr_sctns:      G4NeutronInelasticXS: 0 eV  ---> 100 TeV
     Cr_sctns:       Barashenkov-Glauber: 0 eV  ---> 100 TeV
     Cr_sctns:       Barashenkov-Glauber: 0 eV  ---> 100 TeV
     Cr_sctns:          GheishaInelastic: 0 eV  ---> 100 TeV

  Process: nCapture
        Model:               nRadCapture: 0 eV  ---> 100 TeV
     Cr_sctns:        G4NeutronCaptureXS: 0 eV  ---> 100 TeV
     Cr_sctns:          GheishaCaptureXS: 0 eV  ---> 100 TeV

  Process: nKiller

---------------------------------------------------
                           Hadronic Processes for GenericIon

  Process: ionInelastic
        Model:  Binary Light Ion Cascade: 0 eV /n ---> 4 GeV/n
        Model:                      FTFP: 2 GeV/n ---> 100 TeV/n
     Cr_sctns: Glauber-Gribov nucleus nucleus: 0 eV  ---> 2.88022e+295 J  
     Cr_sctns:          GheishaInelastic: 0 eV  ---> 100 TeV

---------------------------------------------------
                           Hadronic Processes for He3

  Process: hadElastic
        Model:              hElasticLHEP: 0 eV /n ---> 100 TeV/n
     Cr_sctns: Glauber-Gribov nucleus nucleus: 0 eV  ---> 2.88022e+295 J  
     Cr_sctns:            GheishaElastic: 0 eV  ---> 100 TeV

  Process: He3Inelastic
        Model:  Binary Light Ion Cascade: 0 eV /n ---> 4 GeV/n
        Model:                      FTFP: 2 GeV/n ---> 100 TeV/n
     Cr_sctns: Glauber-Gribov nucleus nucleus: 0 eV  ---> 2.88022e+295 J  
     Cr_sctns:          GheishaInelastic: 0 eV  ---> 100 TeV

---------------------------------------------------
                           Hadronic Processes for alpha

  Process: hadElastic
        Model:              hElasticLHEP: 0 eV /n ---> 100 TeV/n
     Cr_sctns:            GheishaElastic: 0 eV  ---> 100 TeV

  Process: alphaInelastic
        Model:  Binary Light Ion Cascade: 0 eV /n ---> 4 GeV/n
        Model:                      FTFP: 2 GeV/n ---> 100 TeV/n
     Cr_sctns: Glauber-Gribov nucleus nucleus: 0 eV  ---> 2.88022e+295 J  
     Cr_sctns:          GheishaInelastic: 0 eV  ---> 100 TeV

---------------------------------------------------
                           Hadronic Processes for anti_He3

  Process: hadElastic
        Model:              hElasticLHEP: 0 eV /n ---> 100.1 MeV/n
        Model:              AntiAElastic: 100 MeV/n ---> 100 TeV/n
     Cr_sctns:              AntiAGlauber: 0 eV  ---> 2.88022e+295 J  
     Cr_sctns:            GheishaElastic: 0 eV  ---> 100 TeV

  Process: anti_He3Inelastic
        Model:                      FTFP: 0 eV /n ---> 100 TeV/n
     Cr_sctns:              AntiAGlauber: 0 eV  ---> 2.88022e+295 J  
     Cr_sctns:          GheishaInelastic: 0 eV  ---> 100 TeV

  Process: hFritiofCaptureAtRest

---------------------------------------------------
                           Hadronic Processes for anti_alpha

  Process: hadElastic
        Model:              hElasticLHEP: 0 eV /n ---> 100.1 MeV/n
        Model:              AntiAElastic: 100 MeV/n ---> 100 TeV/n
     Cr_sctns:              AntiAGlauber: 0 eV  ---> 2.88022e+295 J  
     Cr_sctns:            GheishaElastic: 0 eV  ---> 100 TeV

  Process: anti_alphaInelastic
        Model:                      FTFP: 0 eV /n ---> 100 TeV/n
     Cr_sctns:              AntiAGlauber: 0 eV  ---> 2.88022e+295 J  
     Cr_sctns:          GheishaInelastic: 0 eV  ---> 100 TeV

  Process: hFritiofCaptureAtRest

---------------------------------------------------
                           Hadronic Processes for anti_deuteron

  Process: hadElastic
        Model:              hElasticLHEP: 0 eV /n ---> 100.1 MeV/n
        Model:              AntiAElastic: 100 MeV/n ---> 100 TeV/n
     Cr_sctns:              AntiAGlauber: 0 eV  ---> 2.88022e+295 J  
     Cr_sctns:            GheishaElastic: 0 eV  ---> 100 TeV

  Process: anti_deuteronInelastic
        Model:                      FTFP: 0 eV /n ---> 100 TeV/n
     Cr_sctns:              AntiAGlauber: 0 eV  ---> 2.88022e+295 J  
     Cr_sctns:          GheishaInelastic: 0 eV  ---> 100 TeV

  Process: hFritiofCaptureAtRest

---------------------------------------------------
                           Hadronic Processes for anti_neutron

  Process: hadElastic
        Model:              hElasticLHEP: 0 eV  ---> 100 TeV
     Cr_sctns:            GheishaElastic: 0 eV  ---> 100 TeV

  Process: anti_neutronInelastic
        Model:                      FTFP: 0 eV  ---> 100 TeV
     Cr_sctns:              AntiAGlauber: 0 eV  ---> 2.88022e+295 J  
     Cr_sctns:          GheishaInelastic: 0 eV  ---> 100 TeV

---------------------------------------------------
                           Hadronic Processes for anti_proton

  Process: hadElastic
        Model:              hElasticLHEP: 0 eV  ---> 100.1 MeV
        Model:              AntiAElastic: 100 MeV ---> 100 TeV
     Cr_sctns:              AntiAGlauber: 0 eV  ---> 2.88022e+295 J  
     Cr_sctns:            GheishaElastic: 0 eV  ---> 100 TeV

  Process: anti_protonInelastic
        Model:                      FTFP: 0 eV  ---> 100 TeV
     Cr_sctns:              AntiAGlauber: 0 eV  ---> 2.88022e+295 J  
     Cr_sctns:          GheishaInelastic: 0 eV  ---> 100 TeV

  Process: hFritiofCaptureAtRest

---------------------------------------------------
                           Hadronic Processes for anti_triton

  Process: hadElastic
        Model:              hElasticLHEP: 0 eV /n ---> 100.1 MeV/n
        Model:              AntiAElastic: 100 MeV/n ---> 100 TeV/n
     Cr_sctns:              AntiAGlauber: 0 eV  ---> 2.88022e+295 J  
     Cr_sctns:            GheishaElastic: 0 eV  ---> 100 TeV

  Process: anti_tritonInelastic
        Model:                      FTFP: 0 eV /n ---> 100 TeV/n
     Cr_sctns:              AntiAGlauber: 0 eV  ---> 2.88022e+295 J  
     Cr_sctns:          GheishaInelastic: 0 eV  ---> 100 TeV

  Process: hFritiofCaptureAtRest

---------------------------------------------------
                           Hadronic Processes for deuteron

  Process: hadElastic
        Model:              hElasticLHEP: 0 eV /n ---> 100 TeV/n
     Cr_sctns:            GheishaElastic: 0 eV  ---> 100 TeV

  Process: dInelastic
        Model:  Binary Light Ion Cascade: 0 eV /n ---> 4 GeV/n
        Model:                      FTFP: 2 GeV/n ---> 100 TeV/n
     Cr_sctns: Glauber-Gribov nucleus nucleus: 0 eV  ---> 2.88022e+295 J  
     Cr_sctns:          GheishaInelastic: 0 eV  ---> 100 TeV

---------------------------------------------------
                           Hadronic Processes for e+

  Process: positronNuclear
        Model:   G4ElectroVDNuclearModel: 0 eV  ---> 1 PeV
     Cr_sctns:          ElectroNuclearXS: 0 eV  ---> 100 TeV
     Cr_sctns:          GheishaInelastic: 0 eV  ---> 100 TeV

---------------------------------------------------
                           Hadronic Processes for e-

  Process: electronNuclear
        Model:   G4ElectroVDNuclearModel: 0 eV  ---> 1 PeV
     Cr_sctns:          ElectroNuclearXS: 0 eV  ---> 100 TeV
     Cr_sctns:          GheishaInelastic: 0 eV  ---> 100 TeV

---------------------------------------------------
                           Hadronic Processes for gamma

  Process: photonNuclear
        Model:            BertiniCascade: 0 eV  ---> 3.5 GeV
        Model:           TheoFSGenerator: 3 GeV ---> 100 TeV
     Cr_sctns:            PhotoNuclearXS: 0 eV  ---> 100 TeV
     Cr_sctns:          GheishaInelastic: 0 eV  ---> 100 TeV

---------------------------------------------------
                           Hadronic Processes for kaon+

  Process: hadElastic
        Model:              hElasticLHEP: 0 eV  ---> 100 TeV
     Cr_sctns:            GheishaElastic: 0 eV  ---> 100 TeV

  Process: kaon+Inelastic
        Model:                      QGSP: 12 GeV ---> 100 TeV
        Model:                      FTFP: 6 GeV ---> 25 GeV
        Model:            BertiniCascade: 0 eV  ---> 8 GeV
     Cr_sctns:            Glauber-Gribov: 0 eV  ---> 2.88022e+295 J  
     Cr_sctns:  ChipsKaonPlusInelasticXS: 0 eV  ---> 100 TeV
     Cr_sctns:          GheishaInelastic: 0 eV  ---> 100 TeV

---------------------------------------------------
                           Hadronic Processes for kaon-

  Process: hadElastic
        Model:              hElasticLHEP: 0 eV  ---> 100 TeV
     Cr_sctns:            GheishaElastic: 0 eV  ---> 100 TeV

  Process: kaon-Inelastic
        Model:                      QGSP: 12 GeV ---> 100 TeV
        Model:                      FTFP: 6 GeV ---> 25 GeV
        Model:            BertiniCascade: 0 eV  ---> 8 GeV
     Cr_sctns:            Glauber-Gribov: 0 eV  ---> 2.88022e+295 J  
     Cr_sctns: ChipsKaonMinusInelasticXS: 0 eV  ---> 100 TeV
     Cr_sctns:          GheishaInelastic: 0 eV  ---> 100 TeV

  Process: hBertiniCaptureAtRest

---------------------------------------------------
                           Hadronic Processes for lambda

  Process: hadElastic
        Model:              hElasticLHEP: 0 eV  ---> 100 TeV
     Cr_sctns:            GheishaElastic: 0 eV  ---> 100 TeV

  Process: lambdaInelastic
        Model:            BertiniCascade: 0 eV  ---> 6 GeV
        Model:                      FTFP: 2 GeV ---> 100 TeV
     Cr_sctns:   ChipsHyperonInelasticXS: 0 eV  ---> 100 TeV
     Cr_sctns:          GheishaInelastic: 0 eV  ---> 100 TeV

---------------------------------------------------
                           Hadronic Processes for mu+

  Process: muonNuclear
        Model:      G4MuonVDNuclearModel: 0 eV  ---> 1 PeV
     Cr_sctns:     KokoulinMuonNuclearXS: 0 eV  ---> 100 TeV

---------------------------------------------------
                           Hadronic Processes for mu-

  Process: muonNuclear
        Model:      G4MuonVDNuclearModel: 0 eV  ---> 1 PeV
     Cr_sctns:     KokoulinMuonNuclearXS: 0 eV  ---> 100 TeV

  Process: muMinusCaptureAtRest

---------------------------------------------------
                           Hadronic Processes for pi+

  Process: hadElastic
        Model:              hElasticLHEP: 0 eV  ---> 1.0001 GeV
        Model:           hElasticGlauber: 1 GeV ---> 100 TeV
     Cr_sctns:       Barashenkov-Glauber: 0 eV  ---> 100 TeV
     Cr_sctns:            GheishaElastic: 0 eV  ---> 100 TeV

  Process: pi+Inelastic
        Model:                      QGSP: 12 GeV ---> 100 TeV
        Model:                      FTFP: 6 GeV ---> 25 GeV
        Model:            BertiniCascade: 0 eV  ---> 8 GeV
     Cr_sctns:      G4CrossSectionPairGG: 0 eV  ---> 100 TeV
                         G4CrossSectionPairGG: G4PiNuclearCrossSection cross sections 
                           below 91 GeV, Glauber-Gribov above 
     Cr_sctns:      G4CrossSectionPairGG: 0 eV  ---> 100 TeV
                         G4CrossSectionPairGG: G4PiNuclearCrossSection cross sections 
                           below 91 GeV, Glauber-Gribov above 
     Cr_sctns:          GheishaInelastic: 0 eV  ---> 100 TeV

---------------------------------------------------
                           Hadronic Processes for pi-

  Process: hadElastic
        Model:              hElasticLHEP: 0 eV  ---> 1.0001 GeV
        Model:           hElasticGlauber: 1 GeV ---> 100 TeV
     Cr_sctns:       Barashenkov-Glauber: 0 eV  ---> 100 TeV
     Cr_sctns:            GheishaElastic: 0 eV  ---> 100 TeV

  Process: pi-Inelastic
        Model:                      QGSP: 12 GeV ---> 100 TeV
        Model:                      FTFP: 6 GeV ---> 25 GeV
        Model:            BertiniCascade: 0 eV  ---> 8 GeV
     Cr_sctns:      G4CrossSectionPairGG: 0 eV  ---> 100 TeV
                         G4CrossSectionPairGG: G4PiNuclearCrossSection cross sections 
                           below 91 GeV, Glauber-Gribov above 
     Cr_sctns:      G4CrossSectionPairGG: 0 eV  ---> 100 TeV
                         G4CrossSectionPairGG: G4PiNuclearCrossSection cross sections 
                           below 91 GeV, Glauber-Gribov above 
     Cr_sctns:          GheishaInelastic: 0 eV  ---> 100 TeV

  Process: hBertiniCaptureAtRest

---------------------------------------------------
                           Hadronic Processes for proton

  Process: hadElastic
        Model:             hElasticCHIPS: 0 eV  ---> 100 TeV
     Cr_sctns:      ChipsProtonElasticXS: 0 eV  ---> 100 TeV
     Cr_sctns:            GheishaElastic: 0 eV  ---> 100 TeV

  Process: protonInelastic
        Model:                      QGSP: 12 GeV ---> 100 TeV
        Model:                      FTFP: 6 GeV ---> 25 GeV
        Model:            BertiniCascade: 0 eV  ---> 8 GeV
     Cr_sctns:       Barashenkov-Glauber: 0 eV  ---> 100 TeV
     Cr_sctns:       Barashenkov-Glauber: 0 eV  ---> 100 TeV
     Cr_sctns:          GheishaInelastic: 0 eV  ---> 100 TeV

---------------------------------------------------
                           Hadronic Processes for triton

  Process: hadElastic
        Model:              hElasticLHEP: 0 eV /n ---> 100 TeV/n
     Cr_sctns:            GheishaElastic: 0 eV  ---> 100 TeV

  Process: tInelastic
        Model:  Binary Light Ion Cascade: 0 eV /n ---> 4 GeV/n
        Model:                      FTFP: 2 GeV/n ---> 100 TeV/n
     Cr_sctns: Glauber-Gribov nucleus nucleus: 0 eV  ---> 2.88022e+295 J  
     Cr_sctns:          GheishaInelastic: 0 eV  ---> 100 TeV

================================================================
Start closing geometry.
G4GeometryManager::ReportVoxelStats -- Voxel Statistics

    Total memory consumed for geometry optimisation:   39337 kByte
    Total CPU time elapsed for geometry optimisation: 50 seconds

    Voxelisation: top CPU users:
    Percent   Total CPU    System CPU       Memory  Volume
    -------   ----------   ----------     --------  ----------
      95.96        47.52         0.34        36162k DCLS
       2.46         1.22         0.01         2730k FDC
       1.03         0.51         0.00          104k STRT
       0.12         0.06         0.00           27k CDC
       0.08         0.04         0.00           15k LASS
       0.04         0.02         0.00            5k PTDE
       0.02         0.01         0.00           22k CAVE
       0.02         0.01         0.00            1k TGIN
       0.02         0.01         0.00           37k FDMM
       0.02         0.01         0.00            5k STRM

    Voxelisation: top memory users:
    Percent     Memory      Heads    Nodes   Pointers    Total CPU    Volume
    -------   --------     ------   ------   --------   ----------    ----------
      91.93      36161k     29505   577695     896963        47.52    DCLS
       6.94       2729k      6056    32764      98308         1.22    FDC
       0.27        104k       157     1393       3586         0.51    STRT
       0.09         37k        88      498        984         0.01    FDMM
       0.09         36k        88      492        982         0.01    FDMU
       0.07         27k        93      233       1263         0.06    CDC
       0.06         22k        65      246        770         0.01    CAVE
       0.06         21k        72      194        974         0.00    BCAM
       0.04         14k        41      179        470         0.04    LASS
       0.04         14k         1      255        290         0.00    PSFS
G4WT4 > 
G4WT4 > ^^^^^^^^^^^^^^^^^^^^^^^^^^^^^^^^^^^^^^^^^^^^^^^^^^^^^^^^^^^^^^^^^^^^^^^
G4WT4 >  Local thread RunManagerKernel version Name: geant4-10-02-patch-02 [MT]
G4WT4 > ^^^^^^^^^^^^^^^^^^^^^^^^^^^^^^^^^^^^^^^^^^^^^^^^^^^^^^^^^^^^^^^^^^^^^^^
G4WT4 > 
G4WT0 > 
G4WT0 > ^^^^^^^^^^^^^^^^^^^^^^^^^^^^^^^^^^^^^^^^^^^^^^^^^^^^^^^^^^^^^^^^^^^^^^^
G4WT0 >  Local thread RunManagerKernel version Name: geant4-10-02-patch-02 [MT]
G4WT0 > ^^^^^^^^^^^^^^^^^^^^^^^^^^^^^^^^^^^^^^^^^^^^^^^^^^^^^^^^^^^^^^^^^^^^^^^
G4WT0 > 
G4WT2 > 
G4WT2 > ^^^^^^^^^^^^^^^^^^^^^^^^^^^^^^^^^^^^^^^^^^^^^^^^^^^^^^^^^^^^^^^^^^^^^^^
G4WT2 >  Local thread RunManagerKernel version Name: geant4-10-02-patch-02 [MT]
G4WT2 > ^^^^^^^^^^^^^^^^^^^^^^^^^^^^^^^^^^^^^^^^^^^^^^^^^^^^^^^^^^^^^^^^^^^^^^^
G4WT2 > 
G4WT3 > 
G4WT3 > ^^^^^^^^^^^^^^^^^^^^^^^^^^^^^^^^^^^^^^^^^^^^^^^^^^^^^^^^^^^^^^^^^^^^^^^
G4WT3 >  Local thread RunManagerKernel version Name: geant4-10-02-patch-02 [MT]
G4WT3 > ^^^^^^^^^^^^^^^^^^^^^^^^^^^^^^^^^^^^^^^^^^^^^^^^^^^^^^^^^^^^^^^^^^^^^^^
G4WT3 > 
G4WT7 > 
G4WT7 > ^^^^^^^^^^^^^^^^^^^^^^^^^^^^^^^^^^^^^^^^^^^^^^^^^^^^^^^^^^^^^^^^^^^^^^^
G4WT7 >  Local thread RunManagerKernel version Name: geant4-10-02-patch-02 [MT]
G4WT7 > ^^^^^^^^^^^^^^^^^^^^^^^^^^^^^^^^^^^^^^^^^^^^^^^^^^^^^^^^^^^^^^^^^^^^^^^
G4WT7 > 
G4WT1 > 
G4WT1 > ^^^^^^^^^^^^^^^^^^^^^^^^^^^^^^^^^^^^^^^^^^^^^^^^^^^^^^^^^^^^^^^^^^^^^^^
G4WT1 >  Local thread RunManagerKernel version Name: geant4-10-02-patch-02 [MT]
G4WT1 > ^^^^^^^^^^^^^^^^^^^^^^^^^^^^^^^^^^^^^^^^^^^^^^^^^^^^^^^^^^^^^^^^^^^^^^^
G4WT1 > 
G4WT6 > 
G4WT6 > ^^^^^^^^^^^^^^^^^^^^^^^^^^^^^^^^^^^^^^^^^^^^^^^^^^^^^^^^^^^^^^^^^^^^^^^
G4WT6 >  Local thread RunManagerKernel version Name: geant4-10-02-patch-02 [MT]
G4WT6 > ^^^^^^^^^^^^^^^^^^^^^^^^^^^^^^^^^^^^^^^^^^^^^^^^^^^^^^^^^^^^^^^^^^^^^^^
G4WT6 > 
G4WT5 > 
G4WT5 > ^^^^^^^^^^^^^^^^^^^^^^^^^^^^^^^^^^^^^^^^^^^^^^^^^^^^^^^^^^^^^^^^^^^^^^^
G4WT5 >  Local thread RunManagerKernel version Name: geant4-10-02-patch-02 [MT]
G4WT5 > ^^^^^^^^^^^^^^^^^^^^^^^^^^^^^^^^^^^^^^^^^^^^^^^^^^^^^^^^^^^^^^^^^^^^^^^
G4WT5 > 
G4WT4 > Opened input file: genr8_030274_004.hddm

Initialization for coherent bremsstralung calculation
 electron beam energy: 11.613 GeV
 primary coherent edge: 0 GeV
GlueXPhotonBeamGenerator initialization complete.
G4WT4 > In G4HelixMixedStepper: Choosing Stepper for small steps. Choice is G4ClassicalRK4
G4WT2 > In G4HelixMixedStepper: Choosing Stepper for small steps. Choice is G4ClassicalRK4
G4WT0 > In G4HelixMixedStepper: Choosing Stepper for small steps. Choice is G4ClassicalRK4
G4WT3 > In G4HelixMixedStepper: Choosing Stepper for small steps. Choice is G4ClassicalRK4
G4WT7 > In G4HelixMixedStepper: Choosing Stepper for small steps. Choice is G4ClassicalRK4
G4WT1 > In G4HelixMixedStepper: Choosing Stepper for small steps. Choice is G4ClassicalRK4
G4WT6 > In G4HelixMixedStepper: Choosing Stepper for small steps. Choice is G4ClassicalRK4
G4WT5 > In G4HelixMixedStepper: Choosing Stepper for small steps. Choice is G4ClassicalRK4
G4WT1 >  G4PhysicsListHelper::AddTransportation()--- G4CoupledTransportation is used 
G4WT1 >  New QGSP_FTFP_BERT physics list, replaces LEP with FTF/P for p/n/pi (/K?)  Thresholds: 
G4WT1 >     1) between BERT  and FTF/P over the interval 6 to 8 GeV. 
G4WT1 >     2) between FTF/P and QGS/P over the interval 12 to 25 GeV. 
G4WT1 >   -- quasiElastic was asked to be 1
G4WT1 >      Changed to 1 for QGS  and to 0 (must be false) for FTF
G4WT5 >  G4PhysicsListHelper::AddTransportation()--- G4CoupledTransportation is used 
G4WT5 >  New QGSP_FTFP_BERT physics list, replaces LEP with FTF/P for p/n/pi (/K?)  Thresholds: 
G4WT5 >     1) between BERT  and FTF/P over the interval 6 to 8 GeV. 
G4WT5 >     2) between FTF/P and QGS/P over the interval 12 to 25 GeV. 
G4WT5 >   -- quasiElastic was asked to be 1
G4WT5 >      Changed to 1 for QGS  and to 0 (must be false) for FTF
G4WT4 >  G4PhysicsListHelper::AddTransportation()--- G4CoupledTransportation is used 
G4WT4 >  New QGSP_FTFP_BERT physics list, replaces LEP with FTF/P for p/n/pi (/K?)  Thresholds: 
G4WT4 >     1) between BERT  and FTF/P over the interval 6 to 8 GeV. 
G4WT4 >     2) between FTF/P and QGS/P over the interval 12 to 25 GeV. 
G4WT4 >   -- quasiElastic was asked to be 1
G4WT4 >      Changed to 1 for QGS  and to 0 (must be false) for FTF
G4WT6 >  G4PhysicsListHelper::AddTransportation()--- G4CoupledTransportation is used 
G4WT6 >  New QGSP_FTFP_BERT physics list, replaces LEP with FTF/P for p/n/pi (/K?)  Thresholds: 
G4WT6 >     1) between BERT  and FTF/P over the interval 6 to 8 GeV. 
G4WT6 >     2) between FTF/P and QGS/P over the interval 12 to 25 GeV. 
G4WT6 >   -- quasiElastic was asked to be 1
G4WT6 >      Changed to 1 for QGS  and to 0 (must be false) for FTF
G4WT7 >  G4PhysicsListHelper::AddTransportation()--- G4CoupledTransportation is used 
G4WT7 >  New QGSP_FTFP_BERT physics list, replaces LEP with FTF/P for p/n/pi (/K?)  Thresholds: 
G4WT7 >     1) between BERT  and FTF/P over the interval 6 to 8 GeV. 
G4WT7 >     2) between FTF/P and QGS/P over the interval 12 to 25 GeV. 
G4WT7 >   -- quasiElastic was asked to be 1
G4WT7 >      Changed to 1 for QGS  and to 0 (must be false) for FTF
G4WT0 >  G4PhysicsListHelper::AddTransportation()--- G4CoupledTransportation is used 
G4WT0 >  New QGSP_FTFP_BERT physics list, replaces LEP with FTF/P for p/n/pi (/K?)  Thresholds: 
G4WT0 >     1) between BERT  and FTF/P over the interval 6 to 8 GeV. 
G4WT0 >     2) between FTF/P and QGS/P over the interval 12 to 25 GeV. 
G4WT0 >   -- quasiElastic was asked to be 1
G4WT0 >      Changed to 1 for QGS  and to 0 (must be false) for FTF
G4WT2 >  G4PhysicsListHelper::AddTransportation()--- G4CoupledTransportation is used 
G4WT2 >  New QGSP_FTFP_BERT physics list, replaces LEP with FTF/P for p/n/pi (/K?)  Thresholds: 
G4WT2 >     1) between BERT  and FTF/P over the interval 6 to 8 GeV. 
G4WT2 >     2) between FTF/P and QGS/P over the interval 12 to 25 GeV. 
G4WT2 >   -- quasiElastic was asked to be 1
G4WT2 >      Changed to 1 for QGS  and to 0 (must be false) for FTF
G4WT3 >  G4PhysicsListHelper::AddTransportation()--- G4CoupledTransportation is used 
G4WT3 >  New QGSP_FTFP_BERT physics list, replaces LEP with FTF/P for p/n/pi (/K?)  Thresholds: 
G4WT3 >     1) between BERT  and FTF/P over the interval 6 to 8 GeV. 
G4WT3 >     2) between FTF/P and QGS/P over the interval 12 to 25 GeV. 
G4WT3 >   -- quasiElastic was asked to be 1
G4WT3 >      Changed to 1 for QGS  and to 0 (must be false) for FTF

Region <DefaultRegionForTheWorld> --  -- appears in <World> world volume
 This region is in the mass world.
 Root logical volume(s) : World 
 Pointers : G4VUserRegionInformation[0], G4UserLimits[0], G4FastSimulationManager[0], G4UserSteppingAction[0]
 Materials : Air CDchamberGas MediumDensityROHACELL CarbonFiberEpoxy Aluminum Copper StainlessSteel Concrete Iron Vacuum 
 Production cuts :   gamma 700 um      e- 700 um      e+ 700 um  proton 700 um 

Region <DefaultRegionForParallelWorld> --  -- appears in <ParallelWorld1> world volume
 This region is in the parallel world.
 Root logical volume(s) : ParallelWorld1 
 Pointers : G4VUserRegionInformation[0], G4UserLimits[0], G4FastSimulationManager[0], G4UserSteppingAction[0]
 Materials : Iron Vacuum Aluminum StainlessSteel FR-4 HighDensityROHACELL Kapton LiqHydrogen Air SignalCables Scintillator CarbonFiber EpoxyResin Cellulose Nylon Tedlar Silicon SiliconDioxide CircuitBoards CDchamberGas CDCStrawMaterial Tungsten Delrin Noryl Copper E-fiberGlass MediumDensityROHACELL AluminizedMylar Plexiglas CDCHookupCables AluminumMesh FDchamberGas AluminizedMylarFilm CopperKapton FDCwirePlaneComposite Polypropylene FDAnodeBoard HVcapacitorSolder Fluorinert Polyurethane Brass leadScint Polyethylene Mylar leadGlassF800 ABS-PVC Lead BoronNitride SoftTungsten Concrete 
 Production cuts :   gamma 700 um      e- 700 um      e+ 700 um  proton 700 um 

========= Table of registered couples ==============================

Index : 0     used in the geometry : Yes
 Material : Air
 Range cuts        :  gamma  700 um     e-  700 um     e+  700 um  proton 700 um 
 Energy thresholds :  gamma  1 keV    e-  1 keV    e+  1 keV proton 70 keV
 Region(s) which use this couple : 
    DefaultRegionForTheWorld
    DefaultRegionForParallelWorld

Index : 1     used in the geometry : Yes
 Material : CDchamberGas
 Range cuts        :  gamma  700 um     e-  700 um     e+  700 um  proton 700 um 
 Energy thresholds :  gamma  1 keV    e-  1 keV    e+  1 keV proton 70 keV
 Region(s) which use this couple : 
    DefaultRegionForTheWorld
    DefaultRegionForParallelWorld

Index : 2     used in the geometry : Yes
 Material : MediumDensityROHACELL
 Range cuts        :  gamma  700 um     e-  700 um     e+  700 um  proton 700 um 
 Energy thresholds :  gamma  1 keV    e-  57.7653 keV    e+  56.9946 keV proton 70 keV
 Region(s) which use this couple : 
    DefaultRegionForTheWorld
    DefaultRegionForParallelWorld

Index : 3     used in the geometry : Yes
 Material : CarbonFiberEpoxy
 Range cuts        :  gamma  700 um     e-  700 um     e+  700 um  proton 700 um 
 Energy thresholds :  gamma  2.75687 keV    e-  399.638 keV    e+  386.441 keV proton 70 keV
 Region(s) which use this couple : 
    DefaultRegionForTheWorld

Index : 4     used in the geometry : Yes
 Material : Aluminum
 Range cuts        :  gamma  700 um     e-  700 um     e+  700 um  proton 700 um 
 Energy thresholds :  gamma  5.84902 keV    e-  463.269 keV    e+  444.973 keV proton 70 keV
 Region(s) which use this couple : 
    DefaultRegionForTheWorld
    DefaultRegionForParallelWorld

Index : 5     used in the geometry : Yes
 Material : Copper
 Range cuts        :  gamma  700 um     e-  700 um     e+  700 um  proton 700 um 
 Energy thresholds :  gamma  20.5353 keV    e-  1.03713 MeV    e+  982.879 keV proton 70 keV
 Region(s) which use this couple : 
    DefaultRegionForTheWorld
    DefaultRegionForParallelWorld

Index : 6     used in the geometry : Yes
 Material : StainlessSteel
 Range cuts        :  gamma  700 um     e-  700 um     e+  700 um  proton 700 um 
 Energy thresholds :  gamma  17.3613 keV    e-  976.3 keV    e+  925.231 keV proton 70 keV
 Region(s) which use this couple : 
    DefaultRegionForTheWorld
    DefaultRegionForParallelWorld

Index : 7     used in the geometry : Yes
 Material : Concrete
 Range cuts        :  gamma  700 um     e-  700 um     e+  700 um  proton 700 um 
 Energy thresholds :  gamma  5.18303 keV    e-  436.097 keV    e+  421.697 keV proton 70 keV
 Region(s) which use this couple : 
    DefaultRegionForTheWorld
    DefaultRegionForParallelWorld

Index : 8     used in the geometry : Yes
 Material : Iron
 Range cuts        :  gamma  700 um     e-  700 um     e+  700 um  proton 700 um 
 Energy thresholds :  gamma  17.1873 keV    e-  956.827 keV    e+  906.776 keV proton 70 keV
 Region(s) which use this couple : 
    DefaultRegionForTheWorld
    DefaultRegionForParallelWorld

Index : 9     used in the geometry : Yes
 Material : Vacuum
 Range cuts        :  gamma  700 um     e-  700 um     e+  700 um  proton 700 um 
 Energy thresholds :  gamma  1 keV    e-  1 keV    e+  1 keV proton 70 keV
 Region(s) which use this couple : 
    DefaultRegionForTheWorld
    DefaultRegionForParallelWorld

Index : 10     used in the geometry : Yes
 Material : FR-4
 Range cuts        :  gamma  700 um     e-  700 um     e+  700 um  proton 700 um 
 Energy thresholds :  gamma  4.0156 keV    e-  391.667 keV    e+  378.733 keV proton 70 keV
 Region(s) which use this couple : 
    DefaultRegionForParallelWorld

Index : 11     used in the geometry : Yes
 Material : HighDensityROHACELL
 Range cuts        :  gamma  700 um     e-  700 um     e+  700 um  proton 700 um 
 Energy thresholds :  gamma  1 keV    e-  71.6143 keV    e+  70.6589 keV proton 70 keV
 Region(s) which use this couple : 
    DefaultRegionForParallelWorld

Index : 12     used in the geometry : Yes
 Material : Kapton
 Range cuts        :  gamma  700 um     e-  700 um     e+  700 um  proton 700 um 
 Energy thresholds :  gamma  2.5778 keV    e-  328.915 keV    e+  320.197 keV proton 70 keV
 Region(s) which use this couple : 
    DefaultRegionForParallelWorld

Index : 13     used in the geometry : Yes
 Material : LiqHydrogen
 Range cuts        :  gamma  700 um     e-  700 um     e+  700 um  proton 700 um 
 Energy thresholds :  gamma  1 keV    e-  88.7837 keV    e+  87.5992 keV proton 70 keV
 Region(s) which use this couple : 
    DefaultRegionForParallelWorld

Index : 14     used in the geometry : Yes
 Material : SignalCables
 Range cuts        :  gamma  700 um     e-  700 um     e+  700 um  proton 700 um 
 Energy thresholds :  gamma  6.872 keV    e-  378.733 keV    e+  363.775 keV proton 70 keV
 Region(s) which use this couple : 
    DefaultRegionForParallelWorld

Index : 15     used in the geometry : Yes
 Material : Scintillator
 Range cuts        :  gamma  700 um     e-  700 um     e+  700 um  proton 700 um 
 Energy thresholds :  gamma  2.09331 keV    e-  283.737 keV    e+  274.368 keV proton 70 keV
 Region(s) which use this couple : 
    DefaultRegionForParallelWorld

Index : 16     used in the geometry : Yes
 Material : CarbonFiber
 Range cuts        :  gamma  700 um     e-  700 um     e+  700 um  proton 700 um 
 Energy thresholds :  gamma  2.90904 keV    e-  444.973 keV    e+  427.399 keV proton 70 keV
 Region(s) which use this couple : 
    DefaultRegionForParallelWorld

Index : 17     used in the geometry : Yes
 Material : EpoxyResin
 Range cuts        :  gamma  700 um     e-  700 um     e+  700 um  proton 700 um 
 Energy thresholds :  gamma  2.41037 keV    e-  322.354 keV    e+  315.925 keV proton 70 keV
 Region(s) which use this couple : 
    DefaultRegionForParallelWorld

Index : 18     used in the geometry : Yes
 Material : Cellulose
 Range cuts        :  gamma  700 um     e-  700 um     e+  700 um  proton 700 um 
 Energy thresholds :  gamma  2.44296 keV    e-  285.649 keV    e+  278.078 keV proton 70 keV
 Region(s) which use this couple : 
    DefaultRegionForParallelWorld

Index : 19     used in the geometry : Yes
 Material : Nylon
 Range cuts        :  gamma  700 um     e-  700 um     e+  700 um  proton 700 um 
 Energy thresholds :  gamma  2.28428 keV    e-  301.416 keV    e+  293.427 keV proton 70 keV
 Region(s) which use this couple : 
    DefaultRegionForParallelWorld

Index : 20     used in the geometry : Yes
 Material : Tedlar
 Range cuts        :  gamma  700 um     e-  700 um     e+  700 um  proton 700 um 
 Energy thresholds :  gamma  2.81298 keV    e-  344.747 keV    e+  335.609 keV proton 70 keV
 Region(s) which use this couple : 
    DefaultRegionForParallelWorld

Index : 21     used in the geometry : Yes
 Material : Silicon
 Range cuts        :  gamma  700 um     e-  700 um     e+  700 um  proton 700 um 
 Energy thresholds :  gamma  5.84902 keV    e-  421.697 keV    e+  407.771 keV proton 70 keV
 Region(s) which use this couple : 
    DefaultRegionForParallelWorld

Index : 22     used in the geometry : Yes
 Material : SiliconDioxide
 Range cuts        :  gamma  700 um     e-  700 um     e+  700 um  proton 700 um 
 Energy thresholds :  gamma  5.07964 keV    e-  469.534 keV    e+  450.99 keV proton 70 keV
 Region(s) which use this couple : 
    DefaultRegionForParallelWorld

Index : 23     used in the geometry : Yes
 Material : CircuitBoards
 Range cuts        :  gamma  700 um     e-  700 um     e+  700 um  proton 700 um 
 Energy thresholds :  gamma  7.39889 keV    e-  405.042 keV    e+  391.667 keV proton 70 keV
 Region(s) which use this couple : 
    DefaultRegionForParallelWorld

Index : 24     used in the geometry : Yes
 Material : CDCStrawMaterial
 Range cuts        :  gamma  700 um     e-  700 um     e+  700 um  proton 700 um 
 Energy thresholds :  gamma  3.04906 keV    e-  340.147 keV    e+  333.362 keV proton 70 keV
 Region(s) which use this couple : 
    DefaultRegionForParallelWorld

Index : 25     used in the geometry : Yes
 Material : Tungsten
 Range cuts        :  gamma  700 um     e-  700 um     e+  700 um  proton 700 um 
 Energy thresholds :  gamma  97.5364 keV    e-  1.63744 MeV    e+  1.53109 MeV proton 70 keV
 Region(s) which use this couple : 
    DefaultRegionForParallelWorld

Index : 26     used in the geometry : Yes
 Material : Delrin
 Range cuts        :  gamma  700 um     e-  700 um     e+  700 um  proton 700 um 
 Energy thresholds :  gamma  2.73842 keV    e-  340.147 keV    e+  328.915 keV proton 70 keV
 Region(s) which use this couple : 
    DefaultRegionForParallelWorld

Index : 27     used in the geometry : Yes
 Material : Noryl
 Range cuts        :  gamma  700 um     e-  700 um     e+  700 um  proton 700 um 
 Energy thresholds :  gamma  2.85102 keV    e-  322.354 keV    e+  311.709 keV proton 70 keV
 Region(s) which use this couple : 
    DefaultRegionForParallelWorld

Index : 28     used in the geometry : Yes
 Material : E-fiberGlass
 Range cuts        :  gamma  700 um     e-  700 um     e+  700 um  proton 700 um 
 Energy thresholds :  gamma  4.05625 keV    e-  399.638 keV    e+  383.855 keV proton 70 keV
 Region(s) which use this couple : 
    DefaultRegionForParallelWorld

Index : 29     used in the geometry : Yes
 Material : AluminizedMylar
 Range cuts        :  gamma  700 um     e-  700 um     e+  700 um  proton 700 um 
 Energy thresholds :  gamma  2.81298 keV    e-  340.147 keV    e+  328.915 keV proton 70 keV
 Region(s) which use this couple : 
    DefaultRegionForParallelWorld

Index : 30     used in the geometry : Yes
 Material : Plexiglas
 Range cuts        :  gamma  700 um     e-  700 um     e+  700 um  proton 700 um 
 Energy thresholds :  gamma  2.42661 keV    e-  309.623 keV    e+  301.416 keV proton 70 keV
 Region(s) which use this couple : 
    DefaultRegionForParallelWorld

Index : 31     used in the geometry : Yes
 Material : CDCHookupCables
 Range cuts        :  gamma  700 um     e-  700 um     e+  700 um  proton 700 um 
 Energy thresholds :  gamma  4.78171 keV    e-  236.683 keV    e+  231.962 keV proton 70 keV
 Region(s) which use this couple : 
    DefaultRegionForParallelWorld

Index : 32     used in the geometry : Yes
 Material : AluminumMesh
 Range cuts        :  gamma  700 um     e-  700 um     e+  700 um  proton 700 um 
 Energy thresholds :  gamma  2.85102 keV    e-  169.174 keV    e+  165.8 keV proton 70 keV
 Region(s) which use this couple : 
    DefaultRegionForParallelWorld

Index : 33     used in the geometry : Yes
 Material : FDchamberGas
 Range cuts        :  gamma  700 um     e-  700 um     e+  700 um  proton 700 um 
 Energy thresholds :  gamma  1 keV    e-  1 keV    e+  1 keV proton 70 keV
 Region(s) which use this couple : 
    DefaultRegionForParallelWorld

Index : 34     used in the geometry : Yes
 Material : AluminizedMylarFilm
 Range cuts        :  gamma  700 um     e-  700 um     e+  700 um  proton 700 um 
 Energy thresholds :  gamma  1.53182 keV    e-  138.304 keV    e+  134.638 keV proton 70 keV
 Region(s) which use this couple : 
    DefaultRegionForParallelWorld

Index : 35     used in the geometry : Yes
 Material : CopperKapton
 Range cuts        :  gamma  700 um     e-  700 um     e+  700 um  proton 700 um 
 Energy thresholds :  gamma  5.54307 keV    e-  386.441 keV    e+  373.68 keV proton 70 keV
 Region(s) which use this couple : 
    DefaultRegionForParallelWorld

Index : 36     used in the geometry : Yes
 Material : FDCwirePlaneComposite
 Range cuts        :  gamma  700 um     e-  700 um     e+  700 um  proton 700 um 
 Energy thresholds :  gamma  1 keV    e-  22.272 keV    e+  21.6832 keV proton 70 keV
 Region(s) which use this couple : 
    DefaultRegionForParallelWorld

Index : 37     used in the geometry : Yes
 Material : Polypropylene
 Range cuts        :  gamma  700 um     e-  700 um     e+  700 um  proton 700 um 
 Energy thresholds :  gamma  1.98381 keV    e-  278.078 keV    e+  270.707 keV proton 70 keV
 Region(s) which use this couple : 
    DefaultRegionForParallelWorld

Index : 38     used in the geometry : Yes
 Material : FDAnodeBoard
 Range cuts        :  gamma  700 um     e-  700 um     e+  700 um  proton 700 um 
 Energy thresholds :  gamma  8.86986 keV    e-  505.534 keV    e+  488.84 keV proton 70 keV
 Region(s) which use this couple : 
    DefaultRegionForParallelWorld

Index : 39     used in the geometry : Yes
 Material : HVcapacitorSolder
 Range cuts        :  gamma  700 um     e-  700 um     e+  700 um  proton 700 um 
 Energy thresholds :  gamma  10.4212 keV    e-  593.95 keV    e+  574.337 keV proton 70 keV
 Region(s) which use this couple : 
    DefaultRegionForParallelWorld

Index : 40     used in the geometry : Yes
 Material : Fluorinert
 Range cuts        :  gamma  700 um     e-  700 um     e+  700 um  proton 700 um 
 Energy thresholds :  gamma  3.34965 keV    e-  344.747 keV    e+  335.609 keV proton 70 keV
 Region(s) which use this couple : 
    DefaultRegionForParallelWorld

Index : 41     used in the geometry : Yes
 Material : Polyurethane
 Range cuts        :  gamma  700 um     e-  700 um     e+  700 um  proton 700 um 
 Energy thresholds :  gamma  2.29968 keV    e-  295.404 keV    e+  289.512 keV proton 70 keV
 Region(s) which use this couple : 
    DefaultRegionForParallelWorld

Index : 42     used in the geometry : Yes
 Material : Brass
 Range cuts        :  gamma  700 um     e-  700 um     e+  700 um  proton 700 um 
 Energy thresholds :  gamma  19.9909 keV    e-  956.827 keV    e+  906.776 keV proton 70 keV
 Region(s) which use this couple : 
    DefaultRegionForParallelWorld

Index : 43     used in the geometry : Yes
 Material : leadScint
 Range cuts        :  gamma  700 um     e-  700 um     e+  700 um  proton 700 um 
 Energy thresholds :  gamma  56.9946 keV    e-  562.881 keV    e+  540.651 keV proton 70 keV
 Region(s) which use this couple : 
    DefaultRegionForParallelWorld

Index : 44     used in the geometry : Yes
 Material : Polyethylene
 Range cuts        :  gamma  700 um     e-  700 um     e+  700 um  proton 700 um 
 Energy thresholds :  gamma  1.98381 keV    e-  278.078 keV    e+  274.368 keV proton 70 keV
 Region(s) which use this couple : 
    DefaultRegionForParallelWorld

Index : 45     used in the geometry : Yes
 Material : Mylar
 Range cuts        :  gamma  700 um     e-  700 um     e+  700 um  proton 700 um 
 Energy thresholds :  gamma  2.61266 keV    e-  326.713 keV    e+  318.053 keV proton 70 keV
 Region(s) which use this couple : 
    DefaultRegionForParallelWorld

Index : 46     used in the geometry : Yes
 Material : leadGlassF800
 Range cuts        :  gamma  700 um     e-  700 um     e+  700 um  proton 700 um 
 Energy thresholds :  gamma  39.6582 keV    e-  475.883 keV    e+  454.029 keV proton 70 keV
 Region(s) which use this couple : 
    DefaultRegionForParallelWorld

Index : 47     used in the geometry : Yes
 Material : ABS-PVC
 Range cuts        :  gamma  700 um     e-  700 um     e+  700 um  proton 700 um 
 Energy thresholds :  gamma  2.17938 keV    e-  293.427 keV    e+  285.649 keV proton 70 keV
 Region(s) which use this couple : 
    DefaultRegionForParallelWorld

Index : 48     used in the geometry : Yes
 Material : Lead
 Range cuts        :  gamma  700 um     e-  700 um     e+  700 um  proton 700 um 
 Energy thresholds :  gamma  94.6328 keV    e-  1.00964 MeV    e+  944.061 keV proton 70 keV
 Region(s) which use this couple : 
    DefaultRegionForParallelWorld

Index : 49     used in the geometry : Yes
 Material : BoronNitride
 Range cuts        :  gamma  700 um     e-  700 um     e+  700 um  proton 700 um 
 Energy thresholds :  gamma  2.75687 keV    e-  383.855 keV    e+  373.68 keV proton 70 keV
 Region(s) which use this couple : 
    DefaultRegionForParallelWorld

Index : 50     used in the geometry : Yes
 Material : SoftTungsten
 Range cuts        :  gamma  700 um     e-  700 um     e+  700 um  proton 700 um 
 Energy thresholds :  gamma  95.5909 keV    e-  1.59404 MeV    e+  1.47062 MeV proton 70 keV
 Region(s) which use this couple : 
    DefaultRegionForParallelWorld

====================================================================

### Run 0 starts.
*** Light absorption enabled for optical photons.
G4WT0 > *** Light absorption enabled for optical photons.
G4WT2 > *** Light absorption enabled for optical photons.
G4WT3 > *** Light absorption enabled for optical photons.
G4WT2 > JCalibration context: variation=mc
G4WT4 > *** Light absorption enabled for optical photons.
G4WT6 > *** Light absorption enabled for optical photons.
G4WT7 > *** Light absorption enabled for optical photons.
G4WT1 > *** Light absorption enabled for optical photons.
G4WT5 > *** Light absorption enabled for optical photons.
G4WT2 > JCalibration context: variation=mc
G4WT2 > Info: RF reference plane set to 65 cm.
G4WT2 > TAGGER: all parameters loaded from ccdb
G4WT5 > >>> Event 8
G4WT1 > >>> Event 7
G4WT4 > >>> Event 4
G4WT7 > >>> Event 5
G4WT6 > >>> Event 6
G4WT0 > >>> Event 2
G4WT2 > >>> Event 1
G4WT3 > >>> Event 3
G4WT4 > >>> Event 9
G4WT6 > 
-------- WWWW ------- G4Exception-START -------- WWWW -------
*** G4Exception : GeomNav0002
      issued by : G4MultiNavigator::GetGlobalExitNormal()
No Normal obtained despite having 2 candidate Navigators limiting the step!

*** This is just a warning message. ***
-------- WWWW -------- G4Exception-END --------- WWWW -------

G4WT6 > >>> Event 1001
G4WT7 > 
-------- WWWW ------- G4Exception-START -------- WWWW -------
*** G4Exception : GeomNav0002
      issued by : G4MultiNavigator::GetGlobalExitNormal()
No Normal obtained despite having 2 candidate Navigators limiting the step!

*** This is just a warning message. ***
-------- WWWW -------- G4Exception-END --------- WWWW -------

G4WT1 > >>> Event 2001
G4WT5 > 
-------- WWWW ------- G4Exception-START -------- WWWW -------
*** G4Exception : GeomNav0002
      issued by : G4MultiNavigator::GetGlobalExitNormal()
No Normal obtained despite having 2 candidate Navigators limiting the step!

*** This is just a warning message. ***
-------- WWWW -------- G4Exception-END --------- WWWW -------

G4WT6 > >>> Event 3001
G4WT2 > 
-------- WWWW ------- G4Exception-START -------- WWWW -------
*** G4Exception : GeomNav0002
      issued by : G4MultiNavigator::GetGlobalExitNormal()
No Normal obtained despite having 2 candidate Navigators limiting the step!

*** This is just a warning message. ***
-------- WWWW -------- G4Exception-END --------- WWWW -------

G4WT3 > 
-------- WWWW ------- G4Exception-START -------- WWWW -------
*** G4Exception : GeomNav0002
      issued by : G4MultiNavigator::GetGlobalExitNormal()
No Normal obtained despite having 2 candidate Navigators limiting the step!

*** This is just a warning message. ***
-------- WWWW -------- G4Exception-END --------- WWWW -------

G4WT6 > 
-------- WWWW ------- G4Exception-START -------- WWWW -------
*** G4Exception : GeomNav0002
      issued by : G4MultiNavigator::GetGlobalExitNormal()
No Normal obtained despite having 2 candidate Navigators limiting the step!

*** This is just a warning message. ***
-------- WWWW -------- G4Exception-END --------- WWWW -------

G4WT1 > 
-------- WWWW ------- G4Exception-START -------- WWWW -------
*** G4Exception : GeomNav0002
      issued by : G4MultiNavigator::GetGlobalExitNormal()
No Normal obtained despite having 2 candidate Navigators limiting the step!

*** This is just a warning message. ***
-------- WWWW -------- G4Exception-END --------- WWWW -------

G4WT7 > 
-------- WWWW ------- G4Exception-START -------- WWWW -------
*** G4Exception : GeomNav0002
      issued by : G4MultiNavigator::GetGlobalExitNormal()
No Normal obtained despite having 2 candidate Navigators limiting the step!

*** This is just a warning message. ***
-------- WWWW -------- G4Exception-END --------- WWWW -------

G4WT3 > >>> Event 4001
G4WT0 > 
-------- WWWW ------- G4Exception-START -------- WWWW -------
*** G4Exception : GeomNav0002
      issued by : G4MultiNavigator::GetGlobalExitNormal()
No Normal obtained despite having 2 candidate Navigators limiting the step!

*** This is just a warning message. ***
-------- WWWW -------- G4Exception-END --------- WWWW -------

G4WT5 > >>> Event 5001
G4WT0 > 
-------- WWWW ------- G4Exception-START -------- WWWW -------
*** G4Exception : GeomNav0002
      issued by : G4MultiNavigator::GetGlobalExitNormal()
No Normal obtained despite having 2 candidate Navigators limiting the step!

*** This is just a warning message. ***
-------- WWWW -------- G4Exception-END --------- WWWW -------

G4WT0 > 
-------- WWWW ------- G4Exception-START -------- WWWW -------
*** G4Exception : GeomNav0002
      issued by : G4MultiNavigator::GetGlobalExitNormal()
No Normal obtained despite having 2 candidate Navigators limiting the step!

*** This is just a warning message. ***
-------- WWWW -------- G4Exception-END --------- WWWW -------

G4WT1 > >>> Event 6001
G4WT2 > >>> Event 7001
G4WT2 > 
-------- WWWW ------- G4Exception-START -------- WWWW -------
*** G4Exception : GeomNav0002
      issued by : G4MultiNavigator::GetGlobalExitNormal()
No Normal obtained despite having 2 candidate Navigators limiting the step!

*** This is just a warning message. ***
-------- WWWW -------- G4Exception-END --------- WWWW -------

G4WT1 > 
-------- WWWW ------- G4Exception-START -------- WWWW -------
*** G4Exception : GeomNav0002
      issued by : G4MultiNavigator::GetGlobalExitNormal()
No Normal obtained despite having 2 candidate Navigators limiting the step!

*** This is just a warning message. ***
-------- WWWW -------- G4Exception-END --------- WWWW -------

G4WT0 > 
-------- WWWW ------- G4Exception-START -------- WWWW -------
*** G4Exception : GeomNav0002
      issued by : G4MultiNavigator::GetGlobalExitNormal()
No Normal obtained despite having 2 candidate Navigators limiting the step!

*** This is just a warning message. ***
-------- WWWW -------- G4Exception-END --------- WWWW -------

G4WT7 > 
-------- WWWW ------- G4Exception-START -------- WWWW -------
*** G4Exception : GeomNav0002
      issued by : G4MultiNavigator::GetGlobalExitNormal()
No Normal obtained despite having 2 candidate Navigators limiting the step!

*** This is just a warning message. ***
-------- WWWW -------- G4Exception-END --------- WWWW -------

G4WT2 > >>> Event 8001
G4WT0 > 
-------- WWWW ------- G4Exception-START -------- WWWW -------
*** G4Exception : GeomNav0002
      issued by : G4MultiNavigator::GetGlobalExitNormal()
No Normal obtained despite having 2 candidate Navigators limiting the step!

*** This is just a warning message. ***
-------- WWWW -------- G4Exception-END --------- WWWW -------

G4WT2 > 
-------- WWWW ------- G4Exception-START -------- WWWW -------
*** G4Exception : GeomNav0002
      issued by : G4MultiNavigator::GetGlobalExitNormal()
No Normal obtained despite having 2 candidate Navigators limiting the step!

*** This is just a warning message. ***
-------- WWWW -------- G4Exception-END --------- WWWW -------

G4WT0 > >>> Event 9001
G4WT7 > 
-------- WWWW ------- G4Exception-START -------- WWWW -------
*** G4Exception : GeomNav0002
      issued by : G4MultiNavigator::GetGlobalExitNormal()
No Normal obtained despite having 2 candidate Navigators limiting the step!

*** This is just a warning message. ***
-------- WWWW -------- G4Exception-END --------- WWWW -------

G4WT0 > 
-------- WWWW ------- G4Exception-START -------- WWWW -------
*** G4Exception : GeomNav0002
      issued by : G4MultiNavigator::GetGlobalExitNormal()
No Normal obtained despite having 2 candidate Navigators limiting the step!

*** This is just a warning message. ***
-------- WWWW -------- G4Exception-END --------- WWWW -------

 Run terminated.
Run Summary
  Number of events processed : 10000
  User=6199.03s Real=1030.1s Sys=153.1s
10000 events generated.
Processing usage report:     real time (s)   system time (s)     user time (s)
      per event average:          0.103038          0.015310          0.619906
          total for run:       1138.290000        155.000000       6261.140000
G4 kernel has come to Quit state.
UserDetectorConstruction deleted.
UserPhysicsList deleted.
UserActionInitialization deleted.
UserWorkerThreadInitialization deleted.
UserRunAction deleted.
RunManager is deleting RunManagerKernel.
G4SDManager deleted.
EventManager deleted.
Units table cleared.
Total navigation history collections cleaned: 4
================== Deleting memory pools ===================
Pool ID '20G4NavigationLevelRep', size : 0.00288 MB
Pool ID '24G4ReferenceCountedHandleIvE', size : 0.000961 MB
Pool ID '17G4DynamicParticle', size : 0.000961 MB
Pool ID '15G4CountedObjectIvE', size : 0.000961 MB
Number of memory pools allocated: 4; of which, static: 0
Dynamic pools deleted: 4 / Total memory freed: 0.0058 MB
============================================================
G4Allocator objects are deleted.
UImanager deleted.
StateManager deleted.
RunManagerKernel is deleted. Good bye :)
1 and 1
RUNNING MCSMEAR
running MCsmear without folding in random background
JANA >> Enabling z compression of output HDDM file stream (default)
JANA >> Enabling CRC data integrity check in output HDDM file stream
JANA >>Launching threads .
JANA >>Installing special signal handler for mcsmear...
JANA >>Opening source "genr8_030274_004_geant4.hddm" of type: HDDM
JANA >>Created JCalibration object of type: JCalibrationCCDB
JANA >>Generated via: JCalibration using CCDB for MySQL and SQLite databases
JANA >>Run:30274
JANA >>URL: mysql://ccdb_user@hallddb.jlab.org/ccdb
JANA >>context: variation=mc
JANA >>comment: Variation for simulations with data conditions
JANA >>checking context = variation=mc
  1.0 events processed  (11.0 events read)  2.0Hz  (avg.: 0.0Hz)       1.0 events processed  (11.0 events read)  0.0Hz  (avg.: 0.0Hz)     get BCAL/bcal_smear_parms_v2 parameters from CCDB...
Get BCAL/digi_scales parameters from CCDB...
  1.0 events processed  (11.0 events read)  0.0Hz  (avg.: 0.0Hz)     Get BCAL/base_time_offset parameters from CCDB...
Get BCAL/channel_mc_efficiency tables from CCDB...
Get BCAL/ADC_saturation parameters from CCDB...
Get BCAL/SiPM_saturation parameters from CCDB...
  1.0 events processed  (11.0 events read)  0.0Hz  (avg.: 0.0Hz)       1.0 events processed  (11.0 events read)  0.0Hz  (avg.: 0.0Hz)       1.0 events processed  (11.0 events read)  0.0Hz  (avg.: 0.0Hz)       1.0 events processed  (11.0 events read)  0.0Hz  (avg.: 0.0Hz)       1.0 events processed  (11.0 events read)  0.0Hz  (avg.: 0.0Hz)       1.0 events processed  (11.0 events read)  0.0Hz  (avg.: 0.0Hz)       1.0 events processed  (11.0 events read)  0.0Hz  (avg.: 0.0Hz)       1.0 events processed  (11.0 events read)  0.0Hz  (avg.: 0.0Hz)       1.0 events processed  (11.0 events read)  0.0Hz  (avg.: 0.0Hz)       1.0 events processed  (11.0 events read)  0.0Hz  (avg.: 0.0Hz)     JANA >>Creating DGeometry:
JANA >>  Run requested:30274  found:30274
JANA >>  Run validity range: 30274-30274
JANA >>  URL="ccdb:///GEOMETRY/main_HDDS.xml"  context="default"
JANA >>  Type="JGeometryXML"
JANA >>Found 25 material maps in calib. DB
  1.0 events processed  (11.0 events read)  0.0Hz  (avg.: 0.0Hz)     JANA >>Read in 25 material maps for run 30274 containing 76153 grid points total
Get FCAL/fcal_parms parameters from CCDB...
get FCAL/gains from calibDB
  1.0 events processed  (11.0 events read)  0.0Hz  (avg.: 0.0Hz)     get FCAL/digi_scales parameters from calibDB
get FCAL/mc_timing_smear parameters from calibDB
JANA >>get CDC/cdc_parms parameters from CCDB...
  1.0 events processed  (11.0 events read)  0.0Hz  (avg.: 0.0Hz)     JANA >>get CDC/digi_scales parameters from CCDB...
JANA >>get CDC/gain_doca_correction parameters from CCDB...
  1.0 events processed  (11.0 events read)  0.0Hz  (avg.: 0.0Hz)       1.0 events processed  (11.0 events read)  0.0Hz  (avg.: 0.0Hz)     Get FDC/fdc_parms parameters from CCDB...
  1.0 events processed  (11.0 events read)  0.0Hz  (avg.: 0.0Hz)       1.0 events processed  (11.0 events read)  0.0Hz  (avg.: 0.0Hz)     Get TOF/tof_parms parameters from CCDB...
get TOF/paddle_resolutions from calibDB
  1.0 events processed  (11.0 events read)  0.0Hz  (avg.: 0.0Hz)     Get START_COUNTER/start_parms parameters from CCDB...
get START_COUNTER/paddle_mc_efficiency from calibDB
  1.0 events processed  (11.0 events read)  0.0Hz  (avg.: 0.0Hz)       1.0 events processed  (11.0 events read)  0.0Hz  (avg.: 0.0Hz)       1.0 events processed  (11.0 events read)  0.0Hz  (avg.: 0.0Hz)     JANA >>
JANA >> --- Configuration Parameters --
JANA >>[1m THREAD_TIMEOUT             = 3000[0m
JANA >>[1m THREAD_TIMEOUT_FIRST_EVENT = 3600[0m
JANA >> -------------------------------
  43.0 events processed  (53.0 events read)  84.0Hz  (avg.: 84.0Hz)       89.0 events processed  (99.0 events read)  92.0Hz  (avg.: 88.0Hz)       139.0 events processed  (148.0 events read)  100.0Hz  (avg.: 92.0Hz)       187.0 events processed  (197.0 events read)  96.0Hz  (avg.: 93.0Hz)       233.0 events processed  (243.0 events read)  92.0Hz  (avg.: 92.8Hz)       281.0 events processed  (291.0 events read)  96.0Hz  (avg.: 93.3Hz)       331.0 events processed  (340.0 events read)  100.0Hz  (avg.: 94.3Hz)       379.0 events processed  (388.0 events read)  96.0Hz  (avg.: 94.5Hz)       411.0 events processed  (421.0 events read)  64.0Hz  (avg.: 91.1Hz)       459.0 events processed  (469.0 events read)  96.0Hz  (avg.: 91.6Hz)       509.0 events processed  (518.0 events read)  100.0Hz  (avg.: 92.4Hz)       554.0 events processed  (564.0 events read)  90.0Hz  (avg.: 92.2Hz)       603.0 events processed  (613.0 events read)  98.0Hz  (avg.: 92.6Hz)       651.0 events processed  (661.0 events read)  96.0Hz  (avg.: 92.9Hz)       699.0 events processed  (709.0 events read)  96.0Hz  (avg.: 93.1Hz)       746.0 events processed  (756.0 events read)  94.0Hz  (avg.: 93.1Hz)       794.0 events processed  (804.0 events read)  96.0Hz  (avg.: 93.3Hz)       839.0 events processed  (849.0 events read)  90.0Hz  (avg.: 93.1Hz)       882.0 events processed  (892.0 events read)  86.0Hz  (avg.: 92.7Hz)       932.0 events processed  (942.0 events read)  100.0Hz  (avg.: 93.1Hz)       981.0 events processed  (990.0 events read)  98.0Hz  (avg.: 93.3Hz)       1024.0 events processed  (1034.0 events read)  86.0Hz  (avg.: 93.0Hz)       1072.0 events processed  (1082.0 events read)  96.0Hz  (avg.: 93.1Hz)       1119.0 events processed  (1129.0 events read)  94.0Hz  (avg.: 93.2Hz)       1165.0 events processed  (1174.0 events read)  92.0Hz  (avg.: 93.1Hz)       1210.0 events processed  (1220.0 events read)  90.0Hz  (avg.: 93.0Hz)       1258.0 events processed  (1268.0 events read)  96.0Hz  (avg.: 93.1Hz)       1302.0 events processed  (1311.0 events read)  88.0Hz  (avg.: 92.9Hz)       1348.0 events processed  (1358.0 events read)  92.0Hz  (avg.: 92.9Hz)       1395.0 events processed  (1405.0 events read)  94.0Hz  (avg.: 92.9Hz)       1445.0 events processed  (1455.0 events read)  100.0Hz  (avg.: 93.2Hz)       1489.0 events processed  (1499.0 events read)  88.0Hz  (avg.: 93.0Hz)       1.5k events processed  (1.5k events read)  92.0Hz  (avg.: 93.0Hz)       1.6k events processed  (1.6k events read)  92.0Hz  (avg.: 92.9Hz)       1.6k events processed  (1.6k events read)  94.0Hz  (avg.: 93.0Hz)       1.7k events processed  (1.7k events read)  94.0Hz  (avg.: 93.0Hz)       1.7k events processed  (1.7k events read)  94.0Hz  (avg.: 93.0Hz)       1.8k events processed  (1.8k events read)  98.0Hz  (avg.: 93.2Hz)       1.8k events processed  (1.8k events read)  88.0Hz  (avg.: 93.0Hz)       1.9k events processed  (1.9k events read)  90.0Hz  (avg.: 92.9Hz)       1.9k events processed  (1.9k events read)  92.0Hz  (avg.: 92.9Hz)       2.0k events processed  (2.0k events read)  94.0Hz  (avg.: 93.0Hz)       2.0k events processed  (2.0k events read)  86.0Hz  (avg.: 92.8Hz)       2.0k events processed  (2.0k events read)  88.0Hz  (avg.: 92.7Hz)       2.1k events processed  (2.1k events read)  98.0Hz  (avg.: 92.8Hz)       2.1k events processed  (2.1k events read)  94.0Hz  (avg.: 92.8Hz)       2.2k events processed  (2.2k events read)  96.0Hz  (avg.: 92.9Hz)       2.2k events processed  (2.2k events read)  94.0Hz  (avg.: 92.9Hz)       2.3k events processed  (2.3k events read)  86.0Hz  (avg.: 92.8Hz)       2.3k events processed  (2.3k events read)  84.0Hz  (avg.: 92.6Hz)       2.4k events processed  (2.4k events read)  94.0Hz  (avg.: 92.6Hz)       2.4k events processed  (2.4k events read)  100.0Hz  (avg.: 92.8Hz)       2.5k events processed  (2.5k events read)  94.0Hz  (avg.: 92.8Hz)       2.5k events processed  (2.5k events read)  92.0Hz  (avg.: 92.8Hz)       2.6k events processed  (2.6k events read)  94.0Hz  (avg.: 92.8Hz)       2.6k events processed  (2.6k events read)  94.0Hz  (avg.: 92.8Hz)       2.6k events processed  (2.7k events read)  92.0Hz  (avg.: 92.8Hz)       2.7k events processed  (2.7k events read)  94.0Hz  (avg.: 92.8Hz)       2.7k events processed  (2.8k events read)  94.0Hz  (avg.: 92.8Hz)       2.8k events processed  (2.8k events read)  94.0Hz  (avg.: 92.9Hz)       2.8k events processed  (2.8k events read)  96.0Hz  (avg.: 92.9Hz)       2.9k events processed  (2.9k events read)  92.0Hz  (avg.: 92.9Hz)       2.9k events processed  (2.9k events read)  96.0Hz  (avg.: 93.0Hz)       3.0k events processed  (3.0k events read)  94.0Hz  (avg.: 93.0Hz)       3.0k events processed  (3.0k events read)  98.0Hz  (avg.: 93.0Hz)       3.1k events processed  (3.1k events read)  96.0Hz  (avg.: 93.1Hz)       3.1k events processed  (3.1k events read)  100.0Hz  (avg.: 93.2Hz)       3.2k events processed  (3.2k events read)  96.0Hz  (avg.: 93.2Hz)       3.2k events processed  (3.2k events read)  96.0Hz  (avg.: 93.3Hz)       3.3k events processed  (3.3k events read)  92.0Hz  (avg.: 93.3Hz)       3.3k events processed  (3.3k events read)  98.0Hz  (avg.: 93.3Hz)       3.4k events processed  (3.4k events read)  98.0Hz  (avg.: 93.4Hz)       3.4k events processed  (3.4k events read)  94.0Hz  (avg.: 93.4Hz)       3.5k events processed  (3.5k events read)  84.0Hz  (avg.: 93.3Hz)       3.5k events processed  (3.5k events read)  96.0Hz  (avg.: 93.3Hz)       3.5k events processed  (3.6k events read)  96.0Hz  (avg.: 93.3Hz)       3.6k events processed  (3.6k events read)  94.0Hz  (avg.: 93.4Hz)       3.6k events processed  (3.6k events read)  86.0Hz  (avg.: 93.3Hz)       3.7k events processed  (3.7k events read)  98.0Hz  (avg.: 93.3Hz)       3.7k events processed  (3.7k events read)  46.0Hz  (avg.: 92.7Hz)       3.7k events processed  (3.8k events read)  60.0Hz  (avg.: 92.3Hz)       3.8k events processed  (3.8k events read)  94.0Hz  (avg.: 92.3Hz)       3.8k events processed  (3.8k events read)  92.0Hz  (avg.: 92.3Hz)       3.9k events processed  (3.9k events read)  98.0Hz  (avg.: 92.4Hz)       3.9k events processed  (3.9k events read)  98.0Hz  (avg.: 92.5Hz)       4.0k events processed  (4.0k events read)  96.0Hz  (avg.: 92.5Hz)       4.0k events processed  (4.0k events read)  86.0Hz  (avg.: 92.4Hz)       4.1k events processed  (4.1k events read)  96.0Hz  (avg.: 92.5Hz)       4.1k events processed  (4.1k events read)  90.0Hz  (avg.: 92.4Hz)       4.2k events processed  (4.2k events read)  92.0Hz  (avg.: 92.4Hz)       4.2k events processed  (4.2k events read)  94.0Hz  (avg.: 92.5Hz)       4.2k events processed  (4.3k events read)  66.0Hz  (avg.: 92.2Hz)       4.3k events processed  (4.3k events read)  98.0Hz  (avg.: 92.2Hz)       4.3k events processed  (4.3k events read)  90.0Hz  (avg.: 92.2Hz)       4.4k events processed  (4.4k events read)  100.0Hz  (avg.: 92.3Hz)       4.4k events processed  (4.4k events read)  90.0Hz  (avg.: 92.3Hz)       4.5k events processed  (4.5k events read)  94.0Hz  (avg.: 92.3Hz)       4.5k events processed  (4.5k events read)  96.0Hz  (avg.: 92.3Hz)       4.6k events processed  (4.6k events read)  96.0Hz  (avg.: 92.4Hz)       4.6k events processed  (4.6k events read)  96.0Hz  (avg.: 92.4Hz)       4.7k events processed  (4.7k events read)  96.0Hz  (avg.: 92.4Hz)       4.7k events processed  (4.7k events read)  94.0Hz  (avg.: 92.5Hz)       4.8k events processed  (4.8k events read)  86.0Hz  (avg.: 92.4Hz)       4.8k events processed  (4.8k events read)  88.0Hz  (avg.: 92.3Hz)       4.9k events processed  (4.9k events read)  96.0Hz  (avg.: 92.4Hz)       4.9k events processed  (4.9k events read)  98.0Hz  (avg.: 92.4Hz)       4.9k events processed  (5.0k events read)  96.0Hz  (avg.: 92.5Hz)       5.0k events processed  (5.0k events read)  98.0Hz  (avg.: 92.5Hz)       5.0k events processed  (5.1k events read)  94.0Hz  (avg.: 92.5Hz)       5.1k events processed  (5.1k events read)  98.0Hz  (avg.: 92.6Hz)       5.1k events processed  (5.1k events read)  92.0Hz  (avg.: 92.6Hz)       5.2k events processed  (5.2k events read)  48.0Hz  (avg.: 92.2Hz)       5.2k events processed  (5.2k events read)  84.0Hz  (avg.: 92.1Hz)       5.2k events processed  (5.3k events read)  88.0Hz  (avg.: 92.1Hz)       5.3k events processed  (5.3k events read)  80.0Hz  (avg.: 92.0Hz)       5.3k events processed  (5.3k events read)  88.0Hz  (avg.: 91.9Hz)       5.4k events processed  (5.4k events read)  86.0Hz  (avg.: 91.9Hz)       5.4k events processed  (5.4k events read)  94.0Hz  (avg.: 91.9Hz)       5.5k events processed  (5.5k events read)  88.0Hz  (avg.: 91.9Hz)       5.5k events processed  (5.5k events read)  100.0Hz  (avg.: 91.9Hz)       5.6k events processed  (5.6k events read)  88.0Hz  (avg.: 91.9Hz)       5.6k events processed  (5.6k events read)  96.0Hz  (avg.: 91.9Hz)       5.7k events processed  (5.7k events read)  94.0Hz  (avg.: 92.0Hz)       5.7k events processed  (5.7k events read)  96.0Hz  (avg.: 92.0Hz)       5.8k events processed  (5.8k events read)  94.0Hz  (avg.: 92.0Hz)       5.8k events processed  (5.8k events read)  88.0Hz  (avg.: 92.0Hz)       5.8k events processed  (5.8k events read)  82.0Hz  (avg.: 91.9Hz)       5.9k events processed  (5.9k events read)  92.0Hz  (avg.: 91.9Hz)       5.9k events processed  (5.9k events read)  96.0Hz  (avg.: 91.9Hz)       6.0k events processed  (6.0k events read)  68.0Hz  (avg.: 91.7Hz)       6.0k events processed  (6.0k events read)  92.0Hz  (avg.: 91.7Hz)       6.1k events processed  (6.1k events read)  100.0Hz  (avg.: 91.8Hz)       6.1k events processed  (6.1k events read)  90.0Hz  (avg.: 91.8Hz)       6.2k events processed  (6.2k events read)  90.0Hz  (avg.: 91.8Hz)       6.2k events processed  (6.2k events read)  96.0Hz  (avg.: 91.8Hz)       6.2k events processed  (6.3k events read)  92.0Hz  (avg.: 91.8Hz)       6.3k events processed  (6.3k events read)  92.0Hz  (avg.: 91.8Hz)       6.3k events processed  (6.3k events read)  92.0Hz  (avg.: 91.8Hz)       6.4k events processed  (6.4k events read)  96.0Hz  (avg.: 91.8Hz)       6.4k events processed  (6.4k events read)  92.0Hz  (avg.: 91.8Hz)       6.5k events processed  (6.5k events read)  92.0Hz  (avg.: 91.8Hz)       6.5k events processed  (6.5k events read)  96.0Hz  (avg.: 91.9Hz)       6.6k events processed  (6.6k events read)  94.0Hz  (avg.: 91.9Hz)       6.6k events processed  (6.6k events read)  96.0Hz  (avg.: 91.9Hz)       6.7k events processed  (6.7k events read)  92.0Hz  (avg.: 91.9Hz)       6.7k events processed  (6.7k events read)  90.0Hz  (avg.: 91.9Hz)       6.8k events processed  (6.8k events read)  96.0Hz  (avg.: 91.9Hz)       6.8k events processed  (6.8k events read)  98.0Hz  (avg.: 92.0Hz)       6.9k events processed  (6.9k events read)  88.0Hz  (avg.: 91.9Hz)       6.9k events processed  (6.9k events read)  88.0Hz  (avg.: 91.9Hz)       6.9k events processed  (6.9k events read)  84.0Hz  (avg.: 91.9Hz)       7.0k events processed  (7.0k events read)  98.0Hz  (avg.: 91.9Hz)       7.0k events processed  (7.0k events read)  96.0Hz  (avg.: 91.9Hz)       7.1k events processed  (7.1k events read)  88.0Hz  (avg.: 91.9Hz)       7.1k events processed  (7.1k events read)  94.0Hz  (avg.: 91.9Hz)       7.2k events processed  (7.2k events read)  94.0Hz  (avg.: 91.9Hz)       7.2k events processed  (7.2k events read)  92.0Hz  (avg.: 91.9Hz)       7.3k events processed  (7.3k events read)  94.0Hz  (avg.: 91.9Hz)       7.3k events processed  (7.3k events read)  88.0Hz  (avg.: 91.9Hz)       7.4k events processed  (7.4k events read)  86.0Hz  (avg.: 91.9Hz)       7.4k events processed  (7.4k events read)  66.0Hz  (avg.: 91.7Hz)       7.4k events processed  (7.4k events read)  102.0Hz  (avg.: 91.8Hz)       7.5k events processed  (7.5k events read)  90.0Hz  (avg.: 91.8Hz)       7.5k events processed  (7.5k events read)  96.0Hz  (avg.: 91.8Hz)       7.6k events processed  (7.6k events read)  88.0Hz  (avg.: 91.8Hz)       7.6k events processed  (7.6k events read)  94.0Hz  (avg.: 91.8Hz)       7.7k events processed  (7.7k events read)  90.0Hz  (avg.: 91.8Hz)       7.7k events processed  (7.7k events read)  100.0Hz  (avg.: 91.8Hz)       7.8k events processed  (7.8k events read)  98.0Hz  (avg.: 91.9Hz)       7.8k events processed  (7.8k events read)  100.0Hz  (avg.: 91.9Hz)       7.9k events processed  (7.9k events read)  90.0Hz  (avg.: 91.9Hz)       7.9k events processed  (7.9k events read)  92.0Hz  (avg.: 91.9Hz)       8.0k events processed  (8.0k events read)  94.0Hz  (avg.: 91.9Hz)       8.0k events processed  (8.0k events read)  92.0Hz  (avg.: 91.9Hz)       8.0k events processed  (8.1k events read)  96.0Hz  (avg.: 91.9Hz)       8.1k events processed  (8.1k events read)  74.0Hz  (avg.: 91.8Hz)       8.1k events processed  (8.1k events read)  98.0Hz  (avg.: 91.9Hz)       8.2k events processed  (8.2k events read)  96.0Hz  (avg.: 91.9Hz)       8.2k events processed  (8.2k events read)  100.0Hz  (avg.: 91.9Hz)       8.3k events processed  (8.3k events read)  90.0Hz  (avg.: 91.9Hz)       8.3k events processed  (8.3k events read)  88.0Hz  (avg.: 91.9Hz)       8.4k events processed  (8.4k events read)  90.0Hz  (avg.: 91.9Hz)       8.4k events processed  (8.4k events read)  94.0Hz  (avg.: 91.9Hz)       8.5k events processed  (8.5k events read)  92.0Hz  (avg.: 91.9Hz)       8.5k events processed  (8.5k events read)  96.0Hz  (avg.: 91.9Hz)       8.6k events processed  (8.6k events read)  90.0Hz  (avg.: 91.9Hz)       8.6k events processed  (8.6k events read)  94.0Hz  (avg.: 91.9Hz)       8.6k events processed  (8.6k events read)  86.0Hz  (avg.: 91.9Hz)       8.7k events processed  (8.7k events read)  100.0Hz  (avg.: 91.9Hz)       8.7k events processed  (8.7k events read)  94.0Hz  (avg.: 92.0Hz)       8.8k events processed  (8.8k events read)  90.0Hz  (avg.: 91.9Hz)       8.8k events processed  (8.8k events read)  90.0Hz  (avg.: 91.9Hz)       8.9k events processed  (8.9k events read)  96.0Hz  (avg.: 92.0Hz)       8.9k events processed  (8.9k events read)  92.0Hz  (avg.: 92.0Hz)       9.0k events processed  (9.0k events read)  92.0Hz  (avg.: 92.0Hz)       9.0k events processed  (9.0k events read)  92.0Hz  (avg.: 92.0Hz)       9.1k events processed  (9.1k events read)  92.0Hz  (avg.: 92.0Hz)       9.1k events processed  (9.1k events read)  92.0Hz  (avg.: 92.0Hz)       9.1k events processed  (9.2k events read)  90.0Hz  (avg.: 91.9Hz)       9.2k events processed  (9.2k events read)  94.0Hz  (avg.: 92.0Hz)       9.2k events processed  (9.3k events read)  92.0Hz  (avg.: 92.0Hz)       9.3k events processed  (9.3k events read)  98.0Hz  (avg.: 92.0Hz)       9.3k events processed  (9.3k events read)  90.0Hz  (avg.: 92.0Hz)       9.4k events processed  (9.4k events read)  88.0Hz  (avg.: 92.0Hz)       9.4k events processed  (9.4k events read)  50.0Hz  (avg.: 91.8Hz)       9.5k events processed  (9.5k events read)  94.0Hz  (avg.: 91.8Hz)       9.5k events processed  (9.5k events read)  94.0Hz  (avg.: 91.8Hz)       9.5k events processed  (9.6k events read)  90.0Hz  (avg.: 91.8Hz)       9.6k events processed  (9.6k events read)  94.0Hz  (avg.: 91.8Hz)       9.6k events processed  (9.6k events read)  94.0Hz  (avg.: 91.8Hz)       9.7k events processed  (9.7k events read)  94.0Hz  (avg.: 91.8Hz)       9.7k events processed  (9.7k events read)  98.0Hz  (avg.: 91.8Hz)       9.8k events processed  (9.8k events read)  98.0Hz  (avg.: 91.9Hz)       9.8k events processed  (9.8k events read)  94.0Hz  (avg.: 91.9Hz)       9.9k events processed  (9.9k events read)  96.0Hz  (avg.: 91.9Hz)       9.9k events processed  (9.9k events read)  92.0Hz  (avg.: 91.9Hz)       10.0k events processed  (10.0k events read)  92.0Hz  (avg.: 91.9Hz)     JANA >>
JANA >>No more event sources
JANA >>Thread 0x2ba57ce42700 completed gracefully: Thu Jun 18 19:27:01 2020
JANA >>Merging thread 0 (0x2ba57ce42700) ...

Closed HDDM file
 10000 event written to genr8_030274_004_geant4_smeared.hddm
JANA >>Merging event reader thread ...
JANA >> 10000 events processed  (10000 events read) Average rate: 91.7Hz
RUNNING RECONSTRUCTION
using config file: /d/grid13/hjesse/MC/hd_root_xim13.config
JANA >>Reading configuration from "jana_config.cfg" ...
JANA >>OUTPUT_FILENAME: hd_root.root
JANA >>Initializing plugin "/d/grid13/gluex/gluex_top/halld_recon/halld_recon-4.5.0/Linux_CentOS7-x86_64-gcc4.8.5/plugins/monitoring_hists.so" ...
JANA >>Initializing plugin "/d/grid13/gluex/gluex_top/halld_recon/halld_recon-4.5.0/Linux_CentOS7-x86_64-gcc4.8.5/plugins/ReactionFilter.so" ...
JANA >>Initializing plugin "/d/grid13/gluex/gluex_top/halld_recon/halld_recon-4.5.0/Linux_CentOS7-x86_64-gcc4.8.5/plugins/danarest.so" ...
JANA >>Initializing plugin "/d/grid13/gluex/gluex_top/halld_recon/halld_recon-4.5.0/Linux_CentOS7-x86_64-gcc4.8.5/plugins/mcthrown_tree.so" ...
Opened ROOT file "hd_root.root" ...
JANA >>Launching threads ........
JANA >>Opening source "genr8_030274_004_geant4_smeared.hddm" of type: HDDM


JANA >>Created JCalibration object of type: JCalibrationCCDB
JANA >>Generated via: JCalibration using CCDB for MySQL and SQLite databases
JANA >>Run:30274
JANA >>URL: mysql://ccdb_user@hallddb.jlab.org/ccdb
JANA >>context: variation=mc
JANA >>comment: Variation for simulations with data conditions
  8.0 events processed  (18.0 events read)  16.0Hz  (avg.: 0.0Hz)       8.0 events processed  (18.0 events read)  0.0Hz  (avg.: 0.0Hz)       8.0 events processed  (18.0 events read)  0.0Hz  (avg.: 0.0Hz)       8.0 events processed  (18.0 events read)  0.0Hz  (avg.: 0.0Hz)       8.0 events processed  (18.0 events read)  0.0Hz  (avg.: 0.0Hz)       8.0 events processed  (18.0 events read)  0.0Hz  (avg.: 0.0Hz)       8.0 events processed  (18.0 events read)  0.0Hz  (avg.: 0.0Hz)       8.0 events processed  (18.0 events read)  0.0Hz  (avg.: 0.0Hz)       8.0 events processed  (18.0 events read)  0.0Hz  (avg.: 0.0Hz)     JANA >>Creating DGeometry:
JANA >>  Run requested:30274  found:30274
JANA >>  Run validity range: 30274-30274
JANA >>  URL="ccdb:///GEOMETRY/main_HDDS.xml"  context="default"
JANA >>  Type="JGeometryXML"
JANA >>Found 25 material maps in calib. DB
  8.0 events processed  (18.0 events read)  0.0Hz  (avg.: 0.0Hz)     JANA >>Read in 25 material maps for run 30274 containing 76153 grid points total
  8.0 events processed  (18.0 events read)  0.0Hz  (avg.: 0.0Hz)     Created TGeoManager :0x2b3808e766b0
  8.0 events processed  (18.0 events read)  0.0Hz  (avg.: 0.0Hz)       8.0 events processed  (18.0 events read)  0.0Hz  (avg.: 0.0Hz)     JANA >>Reading Magnetic field map from Magnets/Solenoid/solenoid_1350A_poisson_20160222 ...
  8.0 events processed  (18.0 events read)  0.0Hz  (avg.: 0.0Hz)       8.0 events processed  (18.0 events read)  0.0Hz  (avg.: 0.0Hz)       8.0 events processed  (18.0 events read)  0.0Hz  (avg.: 0.0Hz)       8.0 events processed  (18.0 events read)  0.0Hz  (avg.: 0.0Hz)       8.0 events processed  (18.0 events read)  0.0Hz  (avg.: 0.0Hz)       8.0 events processed  (18.0 events read)  0.0Hz  (avg.: 0.0Hz)      Nx=221 Ny=1 Nz=701 )  at 0x2b3809fdb7f0
  8.0 events processed  (18.0 events read)  0.0Hz  (avg.: 0.0Hz)       8.0 events processed  (18.0 events read)  0.0Hz  (avg.: 0.0Hz)     Reading fine-mesh B-field data from /tmp/jana/resources/Magnets/Solenoid/finemeshes/solenoid_1350A_poisson_20160222
  8.0 events processed  (18.0 events read)  0.0Hz  (avg.: 0.0Hz)       8.0 events processed  (18.0 events read)  0.0Hz  (avg.: 0.0Hz)      rmin: 0 rmax: 88.5 dr: 0.1 zmin: 0 zmax: 600 dz: 0.1
 Number of points in z = 6000
 Number of points in r = 885
JANA >>154921 entries found (Created Magnetic field map of type DMagneticFieldMapFineMesh
  8.0 events processed  (18.0 events read)  0.0Hz  (avg.: 0.0Hz)       8.0 events processed  (18.0 events read)  0.0Hz  (avg.: 0.0Hz)       8.0 events processed  (18.0 events read)  0.0Hz  (avg.: 0.0Hz)       8.0 events processed  (18.0 events read)  0.0Hz  (avg.: 0.0Hz)       8.0 events processed  (18.0 events read)  0.0Hz  (avg.: 0.0Hz)     JANA >> Beam spot: x=0 y=0 z=65 dx/dz=0 dy/dz=0
JANA >>vertex constraint: <none>
  8.0 events processed  (18.0 events read)  0.0Hz  (avg.: 0.0Hz)       8.0 events processed  (18.0 events read)  0.0Hz  (avg.: 0.0Hz)       8.0 events processed  (18.0 events read)  0.0Hz  (avg.: 0.0Hz)       8.0 events processed  (18.0 events read)  0.0Hz  (avg.: 0.0Hz)       8.0 events processed  (18.0 events read)  0.0Hz  (avg.: 0.0Hz)       8.0 events processed  (18.0 events read)  0.0Hz  (avg.: 0.0Hz)       8.0 events processed  (18.0 events read)  0.0Hz  (avg.: 0.0Hz)       8.0 events processed  (18.0 events read)  0.0Hz  (avg.: 0.0Hz)     JANA >>Creating DTranslationTable for run 30274
JANA >>Reading translation table from calib DB: Translation/DAQ2detector ...
  8.0 events processed  (18.0 events read)  0.0Hz  (avg.: 0.0Hz)       8.0 events processed  (18.0 events read)  0.0Hz  (avg.: 0.0Hz)       8.0 events processed  (18.0 events read)  0.0Hz  (avg.: 0.0Hz)     JANA >>23166 channels defined in translation table
JANA >> Beam spot: x=0 y=0 z=65 dx/dz=0 dy/dz=0
JANA >> Beam spot: x=0 y=0 z=65 dx/dz=0 dy/dz=0
JANA >> Beam spot: x=0 y=0 z=65 dx/dz=0 dy/dz=0
JANA >> Beam spot: x=0 y=0 z=65 dx/dz=0 dy/dz=0
JANA >> Beam spot: x=0 y=0 z=65 dx/dz=0 dy/dz=0
JANA >> Beam spot: x=0 y=0 z=65 dx/dz=0 dy/dz=0
JANA >> Beam spot: x=0 y=0 z=65 dx/dz=0 dy/dz=0
Exception: FCAL channel is not in the translation table   Crate = 14  Slot = 18 Channel = 15
  8.0 events processed  (18.0 events read)  0.0Hz  (avg.: 0.0Hz)     Exception: FCAL channel is not in the translation table   Crate = 14  Slot = 18 Channel = 15
Exception: FCAL channel is not in the translation table   Crate = 14  Slot = 18 Channel = 15
Exception: FCAL channel is not in the translation table   Crate = 14  Slot = 18 Channel = 15
Exception: FCAL channel is not in the translation table   Crate = 14  Slot = 18 Channel = 15
Exception: FCAL channel is not in the translation table   Crate = 14  Slot = 18 Channel = 15
Exception: FCAL channel is not in the translation table   Crate = 14  Slot = 18 Channel = 15
Exception: FCAL channel is not in the translation table   Crate = 14  Slot = 18 Channel = 15


 ------------  Trigger Settings --------------- 


----------- FCAL ----------- 

FCAL_CELL_THR  =        165
FCAL_NSA       =         10
FCAL_NSB       =          3
FCAL_WINDOW    =         10

----------- BCAL ----------- 

BCAL_CELL_THR  =        120
BCAL_NSA       =         19
BCAL_NSB       =          3
BCAL_WINDOW    =         20


TYPE     FCAL_E   BCAL_E   EN_THR   NHIT     LANE     FCAL_EMIN    FCAL_EMAX   BCAL_EMIN   BCAL_EMAX   PATTERN   
BFCAL      25        1      45000     0        0         200         65535         0         65535      0x0
BFCAL       0        1      54000     0        2           0             0         0             0      0x0
PS          0        0          0     0        3           0             0         0             0      0x0


JANA >>In DL1MCTrigger_factory, loading constants...


 ------------  Trigger Settings --------------- 


----------- FCAL ----------- 

FCAL_CELL_THR  =        165
FCAL_NSA       =         10
FCAL_NSB       =          3
FCAL_WINDOW    =         10

----------- BCAL ----------- 

BCAL_CELL_THR  =        120
BCAL_NSA       =         19
BCAL_NSB       =          3
BCAL_WINDOW    =         20


TYPE     FCAL_E   BCAL_E   EN_THR   NHIT     LANE     FCAL_EMIN    FCAL_EMAX   BCAL_EMIN   BCAL_EMAX   PATTERN   
BFCAL      25        1      45000     0        0         200         65535         0         65535      0x0
BFCAL       0        1      54000     0        2           0             0         0             0      0x0
PS          0        0          0     0        3           0             0         0             0      0x0




 ------------  Trigger Settings --------------- 


----------- FCAL ----------- 

FCAL_CELL_THR  =        165
FCAL_NSA       =         10
FCAL_NSB       =          3
FCAL_WINDOW    =         10

----------- BCAL ----------- 

BCAL_CELL_THR  =        120
BCAL_NSA       =         19
BCAL_NSB       =          3
BCAL_WINDOW    =         20


TYPE     FCAL_E   BCAL_E   EN_THR   NHIT     LANE     FCAL_EMIN    FCAL_EMAX   BCAL_EMIN   BCAL_EMAX   PATTERN   
BFCAL      25        1      45000     0        0         200         65535         0         65535      0x0
BFCAL       0        1      54000     0        2           0             0         0             0      0x0
PS          0        0          0     0        3           0             0         0             0      0x0


  8.0 events processed  (18.0 events read)  0.0Hz  (avg.: 0.0Hz)     

 ------------  Trigger Settings --------------- 


----------- FCAL ----------- 

FCAL_CELL_THR  =        165
FCAL_NSA       =         10
FCAL_NSB       =          3
FCAL_WINDOW    =         10

----------- BCAL ----------- 

BCAL_CELL_THR  =        120
BCAL_NSA       =         19
BCAL_NSB       =          3
BCAL_WINDOW    =         20


TYPE     FCAL_E   BCAL_E   EN_THR   NHIT     LANE     FCAL_EMIN    FCAL_EMAX   BCAL_EMIN   BCAL_EMAX   PATTERN   
BFCAL      25        1      45000     0        0         200         65535         0         65535      0x0
BFCAL       0        1      54000     0        2           0             0         0             0      0x0
PS          0        0          0     0        3           0             0         0             0      0x0




 ------------  Trigger Settings --------------- 


----------- FCAL ----------- 

FCAL_CELL_THR  =        165
FCAL_NSA       =         10
FCAL_NSB       =          3
FCAL_WINDOW    =         10

----------- BCAL ----------- 

BCAL_CELL_THR  =        120
BCAL_NSA       =         19
BCAL_NSB       =          3
BCAL_WINDOW    =         20


TYPE     FCAL_E   BCAL_E   EN_THR   NHIT     LANE     FCAL_EMIN    FCAL_EMAX   BCAL_EMIN   BCAL_EMAX   PATTERN   
BFCAL      25        1      45000     0        0         200         65535         0         65535      0x0
BFCAL       0        1      54000     0        2           0             0         0             0      0x0
PS          0        0          0     0        3           0             0         0             0      0x0




 ------------  Trigger Settings --------------- 


----------- FCAL ----------- 

FCAL_CELL_THR  =        165
FCAL_NSA       =         10
FCAL_NSB       =          3
FCAL_WINDOW    =         10

----------- BCAL ----------- 

BCAL_CELL_THR  =        120
BCAL_NSA       =         19
BCAL_NSB       =          3
BCAL_WINDOW    =         20


TYPE     FCAL_E   BCAL_E   EN_THR   NHIT     LANE     FCAL_EMIN    FCAL_EMAX   BCAL_EMIN   BCAL_EMAX   PATTERN   
BFCAL      25        1      45000     0        0         200         65535         0         65535      0x0
BFCAL       0        1      54000     0        2           0             0         0             0      0x0
PS          0        0          0     0        3           0             0         0             0      0x0




 ------------  Trigger Settings --------------- 


----------- FCAL ----------- 

FCAL_CELL_THR  =        165
FCAL_NSA       =         10
FCAL_NSB       =          3
FCAL_WINDOW    =         10

----------- BCAL ----------- 

BCAL_CELL_THR  =        120
BCAL_NSA       =         19
BCAL_NSB       =          3
BCAL_WINDOW    =         20


TYPE     FCAL_E   BCAL_E   EN_THR   NHIT     LANE     FCAL_EMIN    FCAL_EMAX   BCAL_EMIN   BCAL_EMAX   PATTERN   
BFCAL      25        1      45000     0        0         200         65535         0         65535      0x0
BFCAL       0        1      54000     0        2           0             0         0             0      0x0
PS          0        0          0     0        3           0             0         0             0      0x0




 ------------  Trigger Settings --------------- 


----------- FCAL ----------- 

FCAL_CELL_THR  =        165
FCAL_NSA       =         10
FCAL_NSB       =          3
FCAL_WINDOW    =         10

----------- BCAL ----------- 

BCAL_CELL_THR  =        120
BCAL_NSA       =         19
BCAL_NSB       =          3
BCAL_WINDOW    =         20


TYPE     FCAL_E   BCAL_E   EN_THR   NHIT     LANE     FCAL_EMIN    FCAL_EMAX   BCAL_EMIN   BCAL_EMAX   PATTERN   
BFCAL      25        1      45000     0        0         200         65535         0         65535      0x0
BFCAL       0        1      54000     0        2           0             0         0             0      0x0
PS          0        0          0     0        3           0             0         0             0      0x0


JANA >>In DBCALHit_factory, loading constants...
  8.0 events processed  (18.0 events read)  0.0Hz  (avg.: 0.0Hz)       8.0 events processed  (18.0 events read)  0.0Hz  (avg.: 0.0Hz)       8.0 events processed  (18.0 events read)  0.0Hz  (avg.: 0.0Hz)       8.0 events processed  (18.0 events read)  0.0Hz  (avg.: 0.0Hz)       8.0 events processed  (18.0 events read)  0.0Hz  (avg.: 0.0Hz)       8.0 events processed  (18.0 events read)  0.0Hz  (avg.: 0.0Hz)       8.0 events processed  (18.0 events read)  0.0Hz  (avg.: 0.0Hz)     JANA >>in DBCALPoint_factory, loading constants ...
JANA >>DBCALUnifiedHit_factory: Using ADC times only.
  8.0 events processed  (18.0 events read)  0.0Hz  (avg.: 0.0Hz)     JANA >>In DBCALTDCHit_factory, loading constants...
  8.0 events processed  (18.0 events read)  0.0Hz  (avg.: 0.0Hz)       8.0 events processed  (18.0 events read)  0.0Hz  (avg.: 0.0Hz)       8.0 events processed  (18.0 events read)  0.0Hz  (avg.: 0.0Hz)     ReactionFilter: Reaction: kpkpxim__B4_M23
Photon_Proton__K+_K+_Xi-
Xi-__Pi-_Lambda
Lambda__Pi-_Proton
ReactionFilter: Reaction: kpkpxim__B4_M23
Photon_Proton__K+_K+_Xi-
Xi-__Pi-_Lambda
Lambda__Pi-_Proton
ReactionFilter: Reaction: kpkpxim__B4_M23
Photon_Proton__K+_K+_Xi-
Xi-__Pi-_Lambda
Lambda__Pi-_Proton
ReactionFilter: Reaction: kpkpxim__B4_M23
Photon_Proton__K+_K+_Xi-
Xi-__Pi-_Lambda
Lambda__Pi-_Proton
ReactionFilter: Reaction: kpkpxim__B4_M23
Photon_Proton__K+_K+_Xi-
Xi-__Pi-_Lambda
Lambda__Pi-_Proton
ReactionFilter: Reaction: kpkpxim__B4_M23
Photon_Proton__K+_K+_Xi-
Xi-__Pi-_Lambda
Lambda__Pi-_Proton
ReactionFilter: Reaction: kpkpxim__B4_M23
Photon_Proton__K+_K+_Xi-
Xi-__Pi-_Lambda
Lambda__Pi-_Proton
ReactionFilter: Reaction: kpkpxim__B4_M23
Photon_Proton__K+_K+_Xi-
Xi-__Pi-_Lambda
Lambda__Pi-_Proton
  8.0 events processed  (18.0 events read)  0.0Hz  (avg.: 0.0Hz)     JANA >> Enabling bz2 compression of output HDDM file stream
JANA >> Enabling CRC data integrity check in output HDDM file stream
JANA >>
JANA >> --- Configuration Parameters --
JANA >>[1m COMBO:MAX_NEUTRALS         = 15                                                    [0m
JANA >>[1m JANA:RESOURCE_DEFAULT_PATH =                                                       [0m
JANA >>[1m NTHREADS                   = 8                                                     [0m
JANA >>[1m PLUGINS                    = monitoring_hists,ReactionFilter,danarest,mcthrown_tree[0m
JANA >>[1m Reaction1                  = 1_14__11_11_23                                        [0m
JANA >>[1m Reaction1:Flags            = B4_M23                                                [0m
JANA >>[1m THREAD_TIMEOUT             = 30 seconds                                            [0m
JANA >> -------------------------------
  18.0 events processed  (28.0 events read)  20.0Hz  (avg.: 20.0Hz)       21.0 events processed  (31.0 events read)  6.0Hz  (avg.: 13.0Hz)       26.0 events processed  (36.0 events read)  10.0Hz  (avg.: 12.0Hz)       29.0 events processed  (39.0 events read)  6.0Hz  (avg.: 10.5Hz)       36.0 events processed  (46.0 events read)  14.0Hz  (avg.: 11.2Hz)       45.0 events processed  (55.0 events read)  18.0Hz  (avg.: 12.3Hz)       49.0 events processed  (59.0 events read)  8.0Hz  (avg.: 11.7Hz)       54.0 events processed  (64.0 events read)  10.0Hz  (avg.: 11.5Hz)       59.0 events processed  (69.0 events read)  10.0Hz  (avg.: 11.3Hz)       67.0 events processed  (77.0 events read)  16.0Hz  (avg.: 11.8Hz)       74.0 events processed  (84.0 events read)  14.0Hz  (avg.: 12.0Hz)       80.0 events processed  (90.0 events read)  12.0Hz  (avg.: 12.0Hz)       84.0 events processed  (94.0 events read)  8.0Hz  (avg.: 11.7Hz)       89.0 events processed  (99.0 events read)  10.0Hz  (avg.: 11.6Hz)       94.0 events processed  (104.0 events read)  10.0Hz  (avg.: 11.5Hz)       101.0 events processed  (111.0 events read)  14.0Hz  (avg.: 11.6Hz)       108.0 events processed  (118.0 events read)  14.0Hz  (avg.: 11.8Hz)       115.0 events processed  (125.0 events read)  14.0Hz  (avg.: 11.9Hz)       119.0 events processed  (129.0 events read)  8.0Hz  (avg.: 11.7Hz)       126.0 events processed  (136.0 events read)  14.0Hz  (avg.: 11.8Hz)       134.0 events processed  (144.0 events read)  16.0Hz  (avg.: 12.0Hz)       140.0 events processed  (150.0 events read)  12.0Hz  (avg.: 12.0Hz)       143.0 events processed  (153.0 events read)  6.0Hz  (avg.: 11.7Hz)       150.0 events processed  (160.0 events read)  14.0Hz  (avg.: 11.8Hz)       154.0 events processed  (164.0 events read)  8.0Hz  (avg.: 11.7Hz)       162.0 events processed  (172.0 events read)  16.0Hz  (avg.: 11.8Hz)       167.0 events processed  (177.0 events read)  10.0Hz  (avg.: 11.8Hz)       173.0 events processed  (183.0 events read)  12.0Hz  (avg.: 11.8Hz)       178.0 events processed  (188.0 events read)  10.0Hz  (avg.: 11.7Hz)       183.0 events processed  (193.0 events read)  10.0Hz  (avg.: 11.7Hz)       191.0 events processed  (200.0 events read)  16.0Hz  (avg.: 11.8Hz)       193.0 events processed  (203.0 events read)  4.0Hz  (avg.: 11.6Hz)       197.0 events processed  (207.0 events read)  8.0Hz  (avg.: 11.5Hz)       202.0 events processed  (212.0 events read)  10.0Hz  (avg.: 11.4Hz)       207.0 events processed  (217.0 events read)  10.0Hz  (avg.: 11.4Hz)       215.0 events processed  (225.0 events read)  16.0Hz  (avg.: 11.5Hz)       218.0 events processed  (228.0 events read)  6.0Hz  (avg.: 11.4Hz)       224.0 events processed  (234.0 events read)  12.0Hz  (avg.: 11.4Hz)       230.0 events processed  (240.0 events read)  12.0Hz  (avg.: 11.4Hz)       239.0 events processed  (249.0 events read)  18.0Hz  (avg.: 11.6Hz)       244.0 events processed  (254.0 events read)  10.0Hz  (avg.: 11.5Hz)       249.0 events processed  (259.0 events read)  10.0Hz  (avg.: 11.5Hz)       257.0 events processed  (267.0 events read)  16.0Hz  (avg.: 11.6Hz)       263.0 events processed  (273.0 events read)  12.0Hz  (avg.: 11.6Hz)       269.0 events processed  (278.0 events read)  12.0Hz  (avg.: 11.6Hz)       275.0 events processed  (285.0 events read)  12.0Hz  (avg.: 11.6Hz)       280.0 events processed  (290.0 events read)  10.0Hz  (avg.: 11.6Hz)       287.0 events processed  (297.0 events read)  14.0Hz  (avg.: 11.6Hz)       293.0 events processed  (303.0 events read)  12.0Hz  (avg.: 11.6Hz)       298.0 events processed  (308.0 events read)  10.0Hz  (avg.: 11.6Hz)       304.0 events processed  (314.0 events read)  12.0Hz  (avg.: 11.6Hz)       309.0 events processed  (319.0 events read)  10.0Hz  (avg.: 11.6Hz)       315.0 events processed  (324.0 events read)  12.0Hz  (avg.: 11.6Hz)       321.0 events processed  (331.0 events read)  12.0Hz  (avg.: 11.6Hz)       328.0 events processed  (338.0 events read)  14.0Hz  (avg.: 11.6Hz)       333.0 events processed  (343.0 events read)  10.0Hz  (avg.: 11.6Hz)       341.0 events processed  (351.0 events read)  16.0Hz  (avg.: 11.7Hz)       345.0 events processed  (355.0 events read)  8.0Hz  (avg.: 11.6Hz)       350.0 events processed  (360.0 events read)  10.0Hz  (avg.: 11.6Hz)       356.0 events processed  (366.0 events read)  12.0Hz  (avg.: 11.6Hz)       361.0 events processed  (371.0 events read)  10.0Hz  (avg.: 11.6Hz)       367.0 events processed  (377.0 events read)  12.0Hz  (avg.: 11.6Hz)       373.0 events processed  (383.0 events read)  12.0Hz  (avg.: 11.6Hz)       379.0 events processed  (389.0 events read)  12.0Hz  (avg.: 11.6Hz)       386.0 events processed  (396.0 events read)  14.0Hz  (avg.: 11.6Hz)       392.0 events processed  (402.0 events read)  12.0Hz  (avg.: 11.6Hz)       398.0 events processed  (408.0 events read)  12.0Hz  (avg.: 11.6Hz)       405.0 events processed  (415.0 events read)  14.0Hz  (avg.: 11.7Hz)       409.0 events processed  (419.0 events read)  8.0Hz  (avg.: 11.6Hz)       414.0 events processed  (424.0 events read)  10.0Hz  (avg.: 11.6Hz)       421.0 events processed  (431.0 events read)  14.0Hz  (avg.: 11.6Hz)       426.0 events processed  (436.0 events read)  10.0Hz  (avg.: 11.6Hz)       431.0 events processed  (441.0 events read)  10.0Hz  (avg.: 11.6Hz)       438.0 events processed  (448.0 events read)  14.0Hz  (avg.: 11.6Hz)       443.0 events processed  (453.0 events read)  10.0Hz  (avg.: 11.6Hz)       450.0 events processed  (460.0 events read)  14.0Hz  (avg.: 11.6Hz)       455.0 events processed  (465.0 events read)  10.0Hz  (avg.: 11.6Hz)       463.0 events processed  (473.0 events read)  16.0Hz  (avg.: 11.7Hz)       467.0 events processed  (477.0 events read)  8.0Hz  (avg.: 11.6Hz)       471.0 events processed  (481.0 events read)  8.0Hz  (avg.: 11.6Hz)       477.0 events processed  (487.0 events read)  12.0Hz  (avg.: 11.6Hz)       481.0 events processed  (491.0 events read)  8.0Hz  (avg.: 11.5Hz)       485.0 events processed  (495.0 events read)  8.0Hz  (avg.: 11.5Hz)       491.0 events processed  (501.0 events read)  12.0Hz  (avg.: 11.5Hz)       499.0 events processed  (509.0 events read)  16.0Hz  (avg.: 11.6Hz)       505.0 events processed  (515.0 events read)  12.0Hz  (avg.: 11.6Hz)       512.0 events processed  (522.0 events read)  14.0Hz  (avg.: 11.6Hz)       518.0 events processed  (528.0 events read)  12.0Hz  (avg.: 11.6Hz)       522.0 events processed  (532.0 events read)  8.0Hz  (avg.: 11.6Hz)       527.0 events processed  (537.0 events read)  10.0Hz  (avg.: 11.5Hz)       533.0 events processed  (543.0 events read)  12.0Hz  (avg.: 11.5Hz)       539.0 events processed  (549.0 events read)  12.0Hz  (avg.: 11.5Hz)       543.0 events processed  (553.0 events read)  8.0Hz  (avg.: 11.5Hz)       549.0 events processed  (559.0 events read)  12.0Hz  (avg.: 11.5Hz)       551.0 events processed  (561.0 events read)  4.0Hz  (avg.: 11.4Hz)       557.0 events processed  (567.0 events read)  12.0Hz  (avg.: 11.4Hz)       564.0 events processed  (574.0 events read)  14.0Hz  (avg.: 11.5Hz)       567.0 events processed  (577.0 events read)  6.0Hz  (avg.: 11.4Hz)       576.0 events processed  (586.0 events read)  18.0Hz  (avg.: 11.5Hz)       580.0 events processed  (590.0 events read)  8.0Hz  (avg.: 11.4Hz)       584.0 events processed  (594.0 events read)  8.0Hz  (avg.: 11.4Hz)       589.0 events processed  (599.0 events read)  10.0Hz  (avg.: 11.4Hz)       594.0 events processed  (604.0 events read)  10.0Hz  (avg.: 11.4Hz)       597.0 events processed  (607.0 events read)  6.0Hz  (avg.: 11.3Hz)       606.0 events processed  (616.0 events read)  18.0Hz  (avg.: 11.4Hz)       609.0 events processed  (619.0 events read)  6.0Hz  (avg.: 11.3Hz)       615.0 events processed  (625.0 events read)  12.0Hz  (avg.: 11.3Hz)       622.0 events processed  (632.0 events read)  14.0Hz  (avg.: 11.4Hz)       627.0 events processed  (637.0 events read)  10.0Hz  (avg.: 11.4Hz)       635.0 events processed  (645.0 events read)  16.0Hz  (avg.: 11.4Hz)       639.0 events processed  (649.0 events read)  8.0Hz  (avg.: 11.4Hz)       647.0 events processed  (657.0 events read)  16.0Hz  (avg.: 11.4Hz)       653.0 events processed  (663.0 events read)  12.0Hz  (avg.: 11.4Hz)       658.0 events processed  (668.0 events read)  10.0Hz  (avg.: 11.4Hz)       664.0 events processed  (674.0 events read)  12.0Hz  (avg.: 11.4Hz)       669.0 events processed  (679.0 events read)  10.0Hz  (avg.: 11.4Hz)       671.0 events processed  (681.0 events read)  4.0Hz  (avg.: 11.3Hz)       677.0 events processed  (687.0 events read)  12.0Hz  (avg.: 11.3Hz)       685.0 events processed  (695.0 events read)  16.0Hz  (avg.: 11.4Hz)       687.0 events processed  (697.0 events read)  4.0Hz  (avg.: 11.3Hz)       693.0 events processed  (703.0 events read)  12.0Hz  (avg.: 11.3Hz)       702.0 events processed  (712.0 events read)  18.0Hz  (avg.: 11.4Hz)       707.0 events processed  (717.0 events read)  10.0Hz  (avg.: 11.4Hz)       711.0 events processed  (721.0 events read)  8.0Hz  (avg.: 11.3Hz)       718.0 events processed  (728.0 events read)  14.0Hz  (avg.: 11.4Hz)       725.0 events processed  (735.0 events read)  14.0Hz  (avg.: 11.4Hz)       731.0 events processed  (741.0 events read)  12.0Hz  (avg.: 11.4Hz)       737.0 events processed  (747.0 events read)  12.0Hz  (avg.: 11.4Hz)       743.0 events processed  (753.0 events read)  12.0Hz  (avg.: 11.4Hz)       750.0 events processed  (760.0 events read)  14.0Hz  (avg.: 11.4Hz)       756.0 events processed  (766.0 events read)  12.0Hz  (avg.: 11.4Hz)       762.0 events processed  (772.0 events read)  12.0Hz  (avg.: 11.4Hz)       768.0 events processed  (778.0 events read)  12.0Hz  (avg.: 11.4Hz)       773.0 events processed  (783.0 events read)  10.0Hz  (avg.: 11.4Hz)       777.0 events processed  (787.0 events read)  8.0Hz  (avg.: 11.4Hz)       784.0 events processed  (794.0 events read)  14.0Hz  (avg.: 11.4Hz)       788.0 events processed  (797.0 events read)  8.0Hz  (avg.: 11.4Hz)       790.0 events processed  (800.0 events read)  4.0Hz  (avg.: 11.3Hz)       797.0 events processed  (807.0 events read)  14.0Hz  (avg.: 11.4Hz)       806.0 events processed  (816.0 events read)  18.0Hz  (avg.: 11.4Hz)       810.0 events processed  (820.0 events read)  8.0Hz  (avg.: 11.4Hz)       816.0 events processed  (826.0 events read)  12.0Hz  (avg.: 11.4Hz)       821.0 events processed  (831.0 events read)  10.0Hz  (avg.: 11.4Hz)       826.0 events processed  (836.0 events read)  10.0Hz  (avg.: 11.4Hz)       830.0 events processed  (840.0 events read)  8.0Hz  (avg.: 11.3Hz)       836.0 events processed  (846.0 events read)  12.0Hz  (avg.: 11.3Hz)       845.0 events processed  (855.0 events read)  18.0Hz  (avg.: 11.4Hz)       846.0 events processed  (856.0 events read)  2.0Hz  (avg.: 11.3Hz)       853.0 events processed  (863.0 events read)  14.0Hz  (avg.: 11.3Hz)       858.0 events processed  (868.0 events read)  10.0Hz  (avg.: 11.3Hz)       860.0 events processed  (870.0 events read)  4.0Hz  (avg.: 11.3Hz)       867.0 events processed  (877.0 events read)  14.0Hz  (avg.: 11.3Hz)       874.0 events processed  (882.0 events read)  14.0Hz  (avg.: 11.3Hz)       880.0 events processed  (890.0 events read)  12.0Hz  (avg.: 11.3Hz)       883.0 events processed  (893.0 events read)  6.0Hz  (avg.: 11.3Hz)       887.0 events processed  (897.0 events read)  8.0Hz  (avg.: 11.3Hz)       892.0 events processed  (902.0 events read)  10.0Hz  (avg.: 11.3Hz)       899.0 events processed  (909.0 events read)  14.0Hz  (avg.: 11.3Hz)       905.0 events processed  (915.0 events read)  12.0Hz  (avg.: 11.3Hz)       910.0 events processed  (920.0 events read)  10.0Hz  (avg.: 11.3Hz)       917.0 events processed  (927.0 events read)  14.0Hz  (avg.: 11.3Hz)       923.0 events processed  (933.0 events read)  12.0Hz  (avg.: 11.3Hz)       931.0 events processed  (941.0 events read)  16.0Hz  (avg.: 11.3Hz)       937.0 events processed  (947.0 events read)  12.0Hz  (avg.: 11.3Hz)       941.0 events processed  (951.0 events read)  8.0Hz  (avg.: 11.3Hz)       951.0 events processed  (960.0 events read)  20.0Hz  (avg.: 11.4Hz)       957.0 events processed  (967.0 events read)  12.0Hz  (avg.: 11.4Hz)       965.0 events processed  (975.0 events read)  16.0Hz  (avg.: 11.4Hz)       971.0 events processed  (981.0 events read)  12.0Hz  (avg.: 11.4Hz)       977.0 events processed  (987.0 events read)  12.0Hz  (avg.: 11.4Hz)       983.0 events processed  (993.0 events read)  12.0Hz  (avg.: 11.4Hz)       987.0 events processed  (996.0 events read)  8.0Hz  (avg.: 11.4Hz)       990.0 events processed  (1000.0 events read)  6.0Hz  (avg.: 11.4Hz)       994.0 events processed  (1004.0 events read)  8.0Hz  (avg.: 11.3Hz)       998.0 events processed  (1008.0 events read)  8.0Hz  (avg.: 11.3Hz)       1005.0 events processed  (1015.0 events read)  14.0Hz  (avg.: 11.3Hz)       1008.0 events processed  (1018.0 events read)  6.0Hz  (avg.: 11.3Hz)       1014.0 events processed  (1024.0 events read)  12.0Hz  (avg.: 11.3Hz)       1019.0 events processed  (1029.0 events read)  10.0Hz  (avg.: 11.3Hz)       1026.0 events processed  (1036.0 events read)  14.0Hz  (avg.: 11.3Hz)       1033.0 events processed  (1043.0 events read)  14.0Hz  (avg.: 11.3Hz)       1039.0 events processed  (1049.0 events read)  12.0Hz  (avg.: 11.3Hz)       1045.0 events processed  (1055.0 events read)  12.0Hz  (avg.: 11.3Hz)       1053.0 events processed  (1063.0 events read)  16.0Hz  (avg.: 11.4Hz)       1059.0 events processed  (1069.0 events read)  12.0Hz  (avg.: 11.4Hz)       1064.0 events processed  (1074.0 events read)  10.0Hz  (avg.: 11.4Hz)       1067.0 events processed  (1077.0 events read)  6.0Hz  (avg.: 11.3Hz)       1072.0 events processed  (1082.0 events read)  10.0Hz  (avg.: 11.3Hz)       1081.0 events processed  (1091.0 events read)  18.0Hz  (avg.: 11.4Hz)       1086.0 events processed  (1096.0 events read)  10.0Hz  (avg.: 11.3Hz)       1094.0 events processed  (1104.0 events read)  16.0Hz  (avg.: 11.4Hz)       1099.0 events processed  (1108.0 events read)  10.0Hz  (avg.: 11.4Hz)       1104.0 events processed  (1114.0 events read)  10.0Hz  (avg.: 11.4Hz)       1111.0 events processed  (1121.0 events read)  14.0Hz  (avg.: 11.4Hz)       1115.0 events processed  (1125.0 events read)  8.0Hz  (avg.: 11.4Hz)       1117.0 events processed  (1127.0 events read)  4.0Hz  (avg.: 11.3Hz)       1125.0 events processed  (1135.0 events read)  16.0Hz  (avg.: 11.3Hz)       1132.0 events processed  (1142.0 events read)  14.0Hz  (avg.: 11.4Hz)       1136.0 events processed  (1146.0 events read)  8.0Hz  (avg.: 11.3Hz)       1141.0 events processed  (1151.0 events read)  10.0Hz  (avg.: 11.3Hz)       1146.0 events processed  (1156.0 events read)  10.0Hz  (avg.: 11.3Hz)       1152.0 events processed  (1162.0 events read)  12.0Hz  (avg.: 11.3Hz)       1158.0 events processed  (1167.0 events read)  12.0Hz  (avg.: 11.3Hz)       1166.0 events processed  (1176.0 events read)  16.0Hz  (avg.: 11.4Hz)       1173.0 events processed  (1183.0 events read)  14.0Hz  (avg.: 11.4Hz)       1175.0 events processed  (1185.0 events read)  4.0Hz  (avg.: 11.3Hz)       1182.0 events processed  (1192.0 events read)  14.0Hz  (avg.: 11.3Hz)       1185.0 events processed  (1195.0 events read)  6.0Hz  (avg.: 11.3Hz)       1193.0 events processed  (1203.0 events read)  16.0Hz  (avg.: 11.3Hz)       1198.0 events processed  (1208.0 events read)  10.0Hz  (avg.: 11.3Hz)       1202.0 events processed  (1212.0 events read)  8.0Hz  (avg.: 11.3Hz)       1207.0 events processed  (1217.0 events read)  10.0Hz  (avg.: 11.3Hz)       1212.0 events processed  (1222.0 events read)  10.0Hz  (avg.: 11.3Hz)       1216.0 events processed  (1226.0 events read)  8.0Hz  (avg.: 11.3Hz)       1223.0 events processed  (1233.0 events read)  14.0Hz  (avg.: 11.3Hz)       1231.0 events processed  (1241.0 events read)  16.0Hz  (avg.: 11.3Hz)       1236.0 events processed  (1246.0 events read)  10.0Hz  (avg.: 11.3Hz)       1241.0 events processed  (1251.0 events read)  10.0Hz  (avg.: 11.3Hz)       1246.0 events processed  (1256.0 events read)  10.0Hz  (avg.: 11.3Hz)       1251.0 events processed  (1261.0 events read)  10.0Hz  (avg.: 11.3Hz)       1257.0 events processed  (1267.0 events read)  12.0Hz  (avg.: 11.3Hz)       1264.0 events processed  (1274.0 events read)  14.0Hz  (avg.: 11.3Hz)       1267.0 events processed  (1277.0 events read)  6.0Hz  (avg.: 11.3Hz)       1273.0 events processed  (1283.0 events read)  12.0Hz  (avg.: 11.3Hz)       1280.0 events processed  (1290.0 events read)  14.0Hz  (avg.: 11.3Hz)       1286.0 events processed  (1296.0 events read)  12.0Hz  (avg.: 11.3Hz)       1291.0 events processed  (1301.0 events read)  10.0Hz  (avg.: 11.3Hz)       1296.0 events processed  (1306.0 events read)  10.0Hz  (avg.: 11.3Hz)       1302.0 events processed  (1312.0 events read)  12.0Hz  (avg.: 11.3Hz)       1311.0 events processed  (1321.0 events read)  18.0Hz  (avg.: 11.3Hz)       1317.0 events processed  (1327.0 events read)  12.0Hz  (avg.: 11.3Hz)       1320.0 events processed  (1330.0 events read)  6.0Hz  (avg.: 11.3Hz)       1325.0 events processed  (1335.0 events read)  10.0Hz  (avg.: 11.3Hz)       1332.0 events processed  (1341.0 events read)  14.0Hz  (avg.: 11.3Hz)       1336.0 events processed  (1346.0 events read)  8.0Hz  (avg.: 11.3Hz)       1344.0 events processed  (1354.0 events read)  16.0Hz  (avg.: 11.3Hz)       1348.0 events processed  (1358.0 events read)  8.0Hz  (avg.: 11.3Hz)       1354.0 events processed  (1364.0 events read)  12.0Hz  (avg.: 11.3Hz)       1360.0 events processed  (1370.0 events read)  12.0Hz  (avg.: 11.3Hz)       1366.0 events processed  (1376.0 events read)  12.0Hz  (avg.: 11.3Hz)       1375.0 events processed  (1385.0 events read)  18.0Hz  (avg.: 11.3Hz)       1381.0 events processed  (1391.0 events read)  12.0Hz  (avg.: 11.3Hz)       1390.0 events processed  (1400.0 events read)  18.0Hz  (avg.: 11.4Hz)       1396.0 events processed  (1406.0 events read)  12.0Hz  (avg.: 11.4Hz)       1403.0 events processed  (1413.0 events read)  14.0Hz  (avg.: 11.4Hz)       1409.0 events processed  (1419.0 events read)  12.0Hz  (avg.: 11.4Hz)       1418.0 events processed  (1428.0 events read)  18.0Hz  (avg.: 11.4Hz)       1423.0 events processed  (1433.0 events read)  10.0Hz  (avg.: 11.4Hz)       1431.0 events processed  (1441.0 events read)  16.0Hz  (avg.: 11.4Hz)       1435.0 events processed  (1445.0 events read)  8.0Hz  (avg.: 11.4Hz)       1443.0 events processed  (1453.0 events read)  16.0Hz  (avg.: 11.4Hz)       1449.0 events processed  (1459.0 events read)  12.0Hz  (avg.: 11.4Hz)       1454.0 events processed  (1464.0 events read)  10.0Hz  (avg.: 11.4Hz)       1459.0 events processed  (1469.0 events read)  10.0Hz  (avg.: 11.4Hz)       1466.0 events processed  (1476.0 events read)  14.0Hz  (avg.: 11.4Hz)       1472.0 events processed  (1482.0 events read)  12.0Hz  (avg.: 11.4Hz)       1476.0 events processed  (1486.0 events read)  8.0Hz  (avg.: 11.4Hz)       1484.0 events processed  (1494.0 events read)  16.0Hz  (avg.: 11.4Hz)       1488.0 events processed  (1498.0 events read)  8.0Hz  (avg.: 11.4Hz)       1495.0 events processed  (1.5k events read)  14.0Hz  (avg.: 11.4Hz)       1498.0 events processed  (1.5k events read)  6.0Hz  (avg.: 11.4Hz)       1.5k events processed  (1.5k events read)  18.0Hz  (avg.: 11.4Hz)       1.5k events processed  (1.5k events read)  12.0Hz  (avg.: 11.4Hz)       1.5k events processed  (1.5k events read)  16.0Hz  (avg.: 11.5Hz)       1.5k events processed  (1.5k events read)  16.0Hz  (avg.: 11.5Hz)       1.5k events processed  (1.5k events read)  10.0Hz  (avg.: 11.5Hz)       1.5k events processed  (1.5k events read)  12.0Hz  (avg.: 11.5Hz)       1.5k events processed  (1.6k events read)  8.0Hz  (avg.: 11.5Hz)       1.5k events processed  (1.6k events read)  10.0Hz  (avg.: 11.5Hz)       1.6k events processed  (1.6k events read)  8.0Hz  (avg.: 11.4Hz)       1.6k events processed  (1.6k events read)  14.0Hz  (avg.: 11.5Hz)       1.6k events processed  (1.6k events read)  10.0Hz  (avg.: 11.4Hz)       1.6k events processed  (1.6k events read)  12.0Hz  (avg.: 11.5Hz)       1.6k events processed  (1.6k events read)  10.0Hz  (avg.: 11.4Hz)       1.6k events processed  (1.6k events read)  10.0Hz  (avg.: 11.4Hz)       1.6k events processed  (1.6k events read)  12.0Hz  (avg.: 11.4Hz)       1.6k events processed  (1.6k events read)  14.0Hz  (avg.: 11.5Hz)       1.6k events processed  (1.6k events read)  16.0Hz  (avg.: 11.5Hz)       1.6k events processed  (1.6k events read)  10.0Hz  (avg.: 11.5Hz)       1.6k events processed  (1.6k events read)  8.0Hz  (avg.: 11.4Hz)       1.6k events processed  (1.6k events read)  14.0Hz  (avg.: 11.5Hz)       1.6k events processed  (1.6k events read)  14.0Hz  (avg.: 11.5Hz)       1.6k events processed  (1.6k events read)  10.0Hz  (avg.: 11.5Hz)       1.6k events processed  (1.6k events read)  8.0Hz  (avg.: 11.5Hz)       1.6k events processed  (1.6k events read)  12.0Hz  (avg.: 11.5Hz)       1.6k events processed  (1.7k events read)  20.0Hz  (avg.: 11.5Hz)       1.7k events processed  (1.7k events read)  8.0Hz  (avg.: 11.5Hz)       1.7k events processed  (1.7k events read)  8.0Hz  (avg.: 11.5Hz)       1.7k events processed  (1.7k events read)  12.0Hz  (avg.: 11.5Hz)       1.7k events processed  (1.7k events read)  14.0Hz  (avg.: 11.5Hz)       1.7k events processed  (1.7k events read)  14.0Hz  (avg.: 11.5Hz)       1.7k events processed  (1.7k events read)  14.0Hz  (avg.: 11.5Hz)       1.7k events processed  (1.7k events read)  10.0Hz  (avg.: 11.5Hz)       1.7k events processed  (1.7k events read)  10.0Hz  (avg.: 11.5Hz)       1.7k events processed  (1.7k events read)  12.0Hz  (avg.: 11.5Hz)       1.7k events processed  (1.7k events read)  14.0Hz  (avg.: 11.5Hz)       1.7k events processed  (1.7k events read)  4.0Hz  (avg.: 11.5Hz)       1.7k events processed  (1.7k events read)  14.0Hz  (avg.: 11.5Hz)       1.7k events processed  (1.7k events read)  14.0Hz  (avg.: 11.5Hz)       1.7k events processed  (1.7k events read)  6.0Hz  (avg.: 11.5Hz)       1.7k events processed  (1.7k events read)  12.0Hz  (avg.: 11.5Hz)       1.7k events processed  (1.8k events read)  16.0Hz  (avg.: 11.5Hz)       1.7k events processed  (1.8k events read)  14.0Hz  (avg.: 11.5Hz)       1.8k events processed  (1.8k events read)  8.0Hz  (avg.: 11.5Hz)       1.8k events processed  (1.8k events read)  12.0Hz  (avg.: 11.5Hz)       1.8k events processed  (1.8k events read)  12.0Hz  (avg.: 11.5Hz)       1.8k events processed  (1.8k events read)  12.0Hz  (avg.: 11.5Hz)       1.8k events processed  (1.8k events read)  12.0Hz  (avg.: 11.5Hz)       1.8k events processed  (1.8k events read)  6.0Hz  (avg.: 11.5Hz)       1.8k events processed  (1.8k events read)  16.0Hz  (avg.: 11.5Hz)       1.8k events processed  (1.8k events read)  10.0Hz  (avg.: 11.5Hz)       1.8k events processed  (1.8k events read)  8.0Hz  (avg.: 11.5Hz)       1.8k events processed  (1.8k events read)  10.0Hz  (avg.: 11.5Hz)       1.8k events processed  (1.8k events read)  12.0Hz  (avg.: 11.5Hz)       1.8k events processed  (1.8k events read)  14.0Hz  (avg.: 11.5Hz)       1.8k events processed  (1.8k events read)  8.0Hz  (avg.: 11.5Hz)       1.8k events processed  (1.8k events read)  10.0Hz  (avg.: 11.5Hz)       1.8k events processed  (1.8k events read)  16.0Hz  (avg.: 11.5Hz)       1.8k events processed  (1.8k events read)  8.0Hz  (avg.: 11.5Hz)       1.8k events processed  (1.8k events read)  8.0Hz  (avg.: 11.4Hz)       1.8k events processed  (1.9k events read)  10.0Hz  (avg.: 11.4Hz)       1.8k events processed  (1.9k events read)  10.0Hz  (avg.: 11.4Hz)       1.9k events processed  (1.9k events read)  12.0Hz  (avg.: 11.4Hz)       1.9k events processed  (1.9k events read)  14.0Hz  (avg.: 11.4Hz)       1.9k events processed  (1.9k events read)  8.0Hz  (avg.: 11.4Hz)       1.9k events processed  (1.9k events read)  16.0Hz  (avg.: 11.4Hz)       1.9k events processed  (1.9k events read)  12.0Hz  (avg.: 11.4Hz)       1.9k events processed  (1.9k events read)  12.0Hz  (avg.: 11.5Hz)       1.9k events processed  (1.9k events read)  12.0Hz  (avg.: 11.5Hz)       1.9k events processed  (1.9k events read)  10.0Hz  (avg.: 11.4Hz)       1.9k events processed  (1.9k events read)  12.0Hz  (avg.: 11.5Hz)       1.9k events processed  (1.9k events read)  10.0Hz  (avg.: 11.4Hz)       1.9k events processed  (1.9k events read)  14.0Hz  (avg.: 11.5Hz)       1.9k events processed  (1.9k events read)  10.0Hz  (avg.: 11.4Hz)       1.9k events processed  (1.9k events read)  14.0Hz  (avg.: 11.5Hz)       1.9k events processed  (1.9k events read)  8.0Hz  (avg.: 11.4Hz)       1.9k events processed  (1.9k events read)  12.0Hz  (avg.: 11.4Hz)       1.9k events processed  (2.0k events read)  14.0Hz  (avg.: 11.5Hz)       1.9k events processed  (2.0k events read)  10.0Hz  (avg.: 11.5Hz)       2.0k events processed  (2.0k events read)  10.0Hz  (avg.: 11.4Hz)       2.0k events processed  (2.0k events read)  14.0Hz  (avg.: 11.5Hz)       2.0k events processed  (2.0k events read)  12.0Hz  (avg.: 11.5Hz)       2.0k events processed  (2.0k events read)  10.0Hz  (avg.: 11.5Hz)       2.0k events processed  (2.0k events read)  14.0Hz  (avg.: 11.5Hz)       2.0k events processed  (2.0k events read)  10.0Hz  (avg.: 11.5Hz)       2.0k events processed  (2.0k events read)  8.0Hz  (avg.: 11.4Hz)       2.0k events processed  (2.0k events read)  8.0Hz  (avg.: 11.4Hz)       2.0k events processed  (2.0k events read)  8.0Hz  (avg.: 11.4Hz)       2.0k events processed  (2.0k events read)  14.0Hz  (avg.: 11.4Hz)       2.0k events processed  (2.0k events read)  6.0Hz  (avg.: 11.4Hz)       2.0k events processed  (2.0k events read)  12.0Hz  (avg.: 11.4Hz)       2.0k events processed  (2.0k events read)  10.0Hz  (avg.: 11.4Hz)       2.0k events processed  (2.0k events read)  10.0Hz  (avg.: 11.4Hz)       2.0k events processed  (2.0k events read)  8.0Hz  (avg.: 11.4Hz)       2.0k events processed  (2.0k events read)  10.0Hz  (avg.: 11.4Hz)       2.0k events processed  (2.0k events read)  12.0Hz  (avg.: 11.4Hz)       2.0k events processed  (2.1k events read)  14.0Hz  (avg.: 11.4Hz)       2.0k events processed  (2.1k events read)  6.0Hz  (avg.: 11.4Hz)       2.1k events processed  (2.1k events read)  12.0Hz  (avg.: 11.4Hz)       2.1k events processed  (2.1k events read)  10.0Hz  (avg.: 11.4Hz)       2.1k events processed  (2.1k events read)  14.0Hz  (avg.: 11.4Hz)       2.1k events processed  (2.1k events read)  8.0Hz  (avg.: 11.4Hz)       2.1k events processed  (2.1k events read)  12.0Hz  (avg.: 11.4Hz)       2.1k events processed  (2.1k events read)  14.0Hz  (avg.: 11.4Hz)       2.1k events processed  (2.1k events read)  2.0Hz  (avg.: 11.4Hz)       2.1k events processed  (2.1k events read)  16.0Hz  (avg.: 11.4Hz)       2.1k events processed  (2.1k events read)  10.0Hz  (avg.: 11.4Hz)       2.1k events processed  (2.1k events read)  16.0Hz  (avg.: 11.4Hz)       2.1k events processed  (2.1k events read)  10.0Hz  (avg.: 11.4Hz)       2.1k events processed  (2.1k events read)  10.0Hz  (avg.: 11.4Hz)       2.1k events processed  (2.1k events read)  16.0Hz  (avg.: 11.4Hz)       2.1k events processed  (2.1k events read)  10.0Hz  (avg.: 11.4Hz)       2.1k events processed  (2.1k events read)  10.0Hz  (avg.: 11.4Hz)       2.1k events processed  (2.1k events read)  12.0Hz  (avg.: 11.4Hz)       2.1k events processed  (2.2k events read)  12.0Hz  (avg.: 11.4Hz)       2.2k events processed  (2.2k events read)  12.0Hz  (avg.: 11.4Hz)       2.2k events processed  (2.2k events read)  14.0Hz  (avg.: 11.4Hz)       2.2k events processed  (2.2k events read)  8.0Hz  (avg.: 11.4Hz)       2.2k events processed  (2.2k events read)  18.0Hz  (avg.: 11.4Hz)       2.2k events processed  (2.2k events read)  12.0Hz  (avg.: 11.4Hz)       2.2k events processed  (2.2k events read)  12.0Hz  (avg.: 11.4Hz)       2.2k events processed  (2.2k events read)  12.0Hz  (avg.: 11.4Hz)       2.2k events processed  (2.2k events read)  16.0Hz  (avg.: 11.4Hz)       2.2k events processed  (2.2k events read)  8.0Hz  (avg.: 11.4Hz)       2.2k events processed  (2.2k events read)  16.0Hz  (avg.: 11.4Hz)       2.2k events processed  (2.2k events read)  14.0Hz  (avg.: 11.4Hz)       2.2k events processed  (2.2k events read)  18.0Hz  (avg.: 11.5Hz)       2.2k events processed  (2.2k events read)  8.0Hz  (avg.: 11.4Hz)       2.2k events processed  (2.2k events read)  14.0Hz  (avg.: 11.4Hz)       2.2k events processed  (2.2k events read)  10.0Hz  (avg.: 11.4Hz)       2.2k events processed  (2.3k events read)  10.0Hz  (avg.: 11.4Hz)       2.3k events processed  (2.3k events read)  12.0Hz  (avg.: 11.4Hz)       2.3k events processed  (2.3k events read)  14.0Hz  (avg.: 11.5Hz)       2.3k events processed  (2.3k events read)  10.0Hz  (avg.: 11.4Hz)       2.3k events processed  (2.3k events read)  12.0Hz  (avg.: 11.4Hz)       2.3k events processed  (2.3k events read)  14.0Hz  (avg.: 11.5Hz)       2.3k events processed  (2.3k events read)  10.0Hz  (avg.: 11.5Hz)       2.3k events processed  (2.3k events read)  8.0Hz  (avg.: 11.4Hz)       2.3k events processed  (2.3k events read)  14.0Hz  (avg.: 11.4Hz)       2.3k events processed  (2.3k events read)  10.0Hz  (avg.: 11.4Hz)       2.3k events processed  (2.3k events read)  16.0Hz  (avg.: 11.5Hz)       2.3k events processed  (2.3k events read)  12.0Hz  (avg.: 11.5Hz)       2.3k events processed  (2.3k events read)  12.0Hz  (avg.: 11.5Hz)       2.3k events processed  (2.3k events read)  12.0Hz  (avg.: 11.5Hz)       2.3k events processed  (2.3k events read)  4.0Hz  (avg.: 11.4Hz)       2.3k events processed  (2.3k events read)  18.0Hz  (avg.: 11.5Hz)       2.3k events processed  (2.4k events read)  16.0Hz  (avg.: 11.5Hz)       2.3k events processed  (2.4k events read)  10.0Hz  (avg.: 11.5Hz)       2.4k events processed  (2.4k events read)  12.0Hz  (avg.: 11.5Hz)       2.4k events processed  (2.4k events read)  12.0Hz  (avg.: 11.5Hz)       2.4k events processed  (2.4k events read)  12.0Hz  (avg.: 11.5Hz)       2.4k events processed  (2.4k events read)  14.0Hz  (avg.: 11.5Hz)       2.4k events processed  (2.4k events read)  14.0Hz  (avg.: 11.5Hz)       2.4k events processed  (2.4k events read)  12.0Hz  (avg.: 11.5Hz)       2.4k events processed  (2.4k events read)  12.0Hz  (avg.: 11.5Hz)       2.4k events processed  (2.4k events read)  12.0Hz  (avg.: 11.5Hz)       2.4k events processed  (2.4k events read)  12.0Hz  (avg.: 11.5Hz)       2.4k events processed  (2.4k events read)  16.0Hz  (avg.: 11.5Hz)       2.4k events processed  (2.4k events read)  4.0Hz  (avg.: 11.5Hz)       2.4k events processed  (2.4k events read)  12.0Hz  (avg.: 11.5Hz)       2.4k events processed  (2.4k events read)  10.0Hz  (avg.: 11.5Hz)       2.4k events processed  (2.4k events read)  12.0Hz  (avg.: 11.5Hz)       2.4k events processed  (2.4k events read)  12.0Hz  (avg.: 11.5Hz)       2.4k events processed  (2.5k events read)  14.0Hz  (avg.: 11.5Hz)       2.5k events processed  (2.5k events read)  16.0Hz  (avg.: 11.5Hz)       2.5k events processed  (2.5k events read)  6.0Hz  (avg.: 11.5Hz)       2.5k events processed  (2.5k events read)  16.0Hz  (avg.: 11.5Hz)       2.5k events processed  (2.5k events read)  10.0Hz  (avg.: 11.5Hz)       2.5k events processed  (2.5k events read)  14.0Hz  (avg.: 11.5Hz)       2.5k events processed  (2.5k events read)  10.0Hz  (avg.: 11.5Hz)       2.5k events processed  (2.5k events read)  10.0Hz  (avg.: 11.5Hz)       2.5k events processed  (2.5k events read)  10.0Hz  (avg.: 11.5Hz)       2.5k events processed  (2.5k events read)  12.0Hz  (avg.: 11.5Hz)       2.5k events processed  (2.5k events read)  10.0Hz  (avg.: 11.5Hz)       2.5k events processed  (2.5k events read)  8.0Hz  (avg.: 11.5Hz)       2.5k events processed  (2.5k events read)  16.0Hz  (avg.: 11.5Hz)       2.5k events processed  (2.5k events read)  8.0Hz  (avg.: 11.5Hz)       2.5k events processed  (2.5k events read)  12.0Hz  (avg.: 11.5Hz)       2.5k events processed  (2.5k events read)  14.0Hz  (avg.: 11.5Hz)       2.5k events processed  (2.5k events read)  16.0Hz  (avg.: 11.5Hz)       2.5k events processed  (2.6k events read)  12.0Hz  (avg.: 11.5Hz)       2.5k events processed  (2.6k events read)  6.0Hz  (avg.: 11.5Hz)       2.6k events processed  (2.6k events read)  14.0Hz  (avg.: 11.5Hz)       2.6k events processed  (2.6k events read)  14.0Hz  (avg.: 11.5Hz)       2.6k events processed  (2.6k events read)  10.0Hz  (avg.: 11.5Hz)       2.6k events processed  (2.6k events read)  10.0Hz  (avg.: 11.5Hz)       2.6k events processed  (2.6k events read)  10.0Hz  (avg.: 11.5Hz)       2.6k events processed  (2.6k events read)  12.0Hz  (avg.: 11.5Hz)       2.6k events processed  (2.6k events read)  6.0Hz  (avg.: 11.5Hz)       2.6k events processed  (2.6k events read)  10.0Hz  (avg.: 11.5Hz)       2.6k events processed  (2.6k events read)  14.0Hz  (avg.: 11.5Hz)       2.6k events processed  (2.6k events read)  14.0Hz  (avg.: 11.5Hz)       2.6k events processed  (2.6k events read)  10.0Hz  (avg.: 11.5Hz)       2.6k events processed  (2.6k events read)  14.0Hz  (avg.: 11.5Hz)       2.6k events processed  (2.6k events read)  10.0Hz  (avg.: 11.5Hz)       2.6k events processed  (2.6k events read)  12.0Hz  (avg.: 11.5Hz)       2.6k events processed  (2.6k events read)  8.0Hz  (avg.: 11.5Hz)       2.6k events processed  (2.6k events read)  14.0Hz  (avg.: 11.5Hz)       2.6k events processed  (2.7k events read)  10.0Hz  (avg.: 11.5Hz)       2.6k events processed  (2.7k events read)  14.0Hz  (avg.: 11.5Hz)       2.7k events processed  (2.7k events read)  8.0Hz  (avg.: 11.5Hz)       2.7k events processed  (2.7k events read)  12.0Hz  (avg.: 11.5Hz)       2.7k events processed  (2.7k events read)  12.0Hz  (avg.: 11.5Hz)       2.7k events processed  (2.7k events read)  14.0Hz  (avg.: 11.5Hz)       2.7k events processed  (2.7k events read)  10.0Hz  (avg.: 11.5Hz)       2.7k events processed  (2.7k events read)  6.0Hz  (avg.: 11.5Hz)       2.7k events processed  (2.7k events read)  12.0Hz  (avg.: 11.5Hz)       2.7k events processed  (2.7k events read)  18.0Hz  (avg.: 11.5Hz)       2.7k events processed  (2.7k events read)  8.0Hz  (avg.: 11.5Hz)       2.7k events processed  (2.7k events read)  12.0Hz  (avg.: 11.5Hz)       2.7k events processed  (2.7k events read)  14.0Hz  (avg.: 11.5Hz)       2.7k events processed  (2.7k events read)  12.0Hz  (avg.: 11.5Hz)       2.7k events processed  (2.7k events read)  10.0Hz  (avg.: 11.5Hz)       2.7k events processed  (2.7k events read)  12.0Hz  (avg.: 11.5Hz)       2.7k events processed  (2.7k events read)  12.0Hz  (avg.: 11.5Hz)       2.7k events processed  (2.8k events read)  12.0Hz  (avg.: 11.5Hz)       2.7k events processed  (2.8k events read)  10.0Hz  (avg.: 11.5Hz)       2.8k events processed  (2.8k events read)  8.0Hz  (avg.: 11.5Hz)       2.8k events processed  (2.8k events read)  14.0Hz  (avg.: 11.5Hz)       2.8k events processed  (2.8k events read)  8.0Hz  (avg.: 11.5Hz)       2.8k events processed  (2.8k events read)  10.0Hz  (avg.: 11.5Hz)       2.8k events processed  (2.8k events read)  10.0Hz  (avg.: 11.5Hz)       2.8k events processed  (2.8k events read)  10.0Hz  (avg.: 11.5Hz)       2.8k events processed  (2.8k events read)  14.0Hz  (avg.: 11.5Hz)       2.8k events processed  (2.8k events read)  10.0Hz  (avg.: 11.5Hz)       2.8k events processed  (2.8k events read)  6.0Hz  (avg.: 11.5Hz)       2.8k events processed  (2.8k events read)  12.0Hz  (avg.: 11.5Hz)       2.8k events processed  (2.8k events read)  16.0Hz  (avg.: 11.5Hz)       2.8k events processed  (2.8k events read)  14.0Hz  (avg.: 11.5Hz)       2.8k events processed  (2.8k events read)  8.0Hz  (avg.: 11.5Hz)       2.8k events processed  (2.8k events read)  10.0Hz  (avg.: 11.5Hz)       2.8k events processed  (2.8k events read)  10.0Hz  (avg.: 11.5Hz)       2.8k events processed  (2.8k events read)  8.0Hz  (avg.: 11.4Hz)       2.8k events processed  (2.8k events read)  12.0Hz  (avg.: 11.4Hz)       2.8k events processed  (2.9k events read)  16.0Hz  (avg.: 11.5Hz)       2.8k events processed  (2.9k events read)  10.0Hz  (avg.: 11.5Hz)       2.9k events processed  (2.9k events read)  10.0Hz  (avg.: 11.5Hz)       2.9k events processed  (2.9k events read)  10.0Hz  (avg.: 11.4Hz)       2.9k events processed  (2.9k events read)  12.0Hz  (avg.: 11.5Hz)       2.9k events processed  (2.9k events read)  14.0Hz  (avg.: 11.5Hz)       2.9k events processed  (2.9k events read)  6.0Hz  (avg.: 11.4Hz)       2.9k events processed  (2.9k events read)  14.0Hz  (avg.: 11.5Hz)       2.9k events processed  (2.9k events read)  12.0Hz  (avg.: 11.5Hz)       2.9k events processed  (2.9k events read)  10.0Hz  (avg.: 11.4Hz)       2.9k events processed  (2.9k events read)  10.0Hz  (avg.: 11.4Hz)       2.9k events processed  (2.9k events read)  14.0Hz  (avg.: 11.5Hz)       2.9k events processed  (2.9k events read)  6.0Hz  (avg.: 11.4Hz)       2.9k events processed  (2.9k events read)  12.0Hz  (avg.: 11.4Hz)       2.9k events processed  (2.9k events read)  14.0Hz  (avg.: 11.4Hz)       2.9k events processed  (2.9k events read)  12.0Hz  (avg.: 11.4Hz)       2.9k events processed  (2.9k events read)  8.0Hz  (avg.: 11.4Hz)       2.9k events processed  (2.9k events read)  14.0Hz  (avg.: 11.4Hz)       2.9k events processed  (3.0k events read)  12.0Hz  (avg.: 11.4Hz)       2.9k events processed  (3.0k events read)  8.0Hz  (avg.: 11.4Hz)       3.0k events processed  (3.0k events read)  10.0Hz  (avg.: 11.4Hz)       3.0k events processed  (3.0k events read)  10.0Hz  (avg.: 11.4Hz)       3.0k events processed  (3.0k events read)  14.0Hz  (avg.: 11.4Hz)       3.0k events processed  (3.0k events read)  12.0Hz  (avg.: 11.4Hz)       3.0k events processed  (3.0k events read)  14.0Hz  (avg.: 11.4Hz)       3.0k events processed  (3.0k events read)  10.0Hz  (avg.: 11.4Hz)       3.0k events processed  (3.0k events read)  10.0Hz  (avg.: 11.4Hz)       3.0k events processed  (3.0k events read)  12.0Hz  (avg.: 11.4Hz)       3.0k events processed  (3.0k events read)  8.0Hz  (avg.: 11.4Hz)       3.0k events processed  (3.0k events read)  14.0Hz  (avg.: 11.4Hz)       3.0k events processed  (3.0k events read)  10.0Hz  (avg.: 11.4Hz)       3.0k events processed  (3.0k events read)  12.0Hz  (avg.: 11.4Hz)       3.0k events processed  (3.0k events read)  16.0Hz  (avg.: 11.4Hz)       3.0k events processed  (3.0k events read)  10.0Hz  (avg.: 11.4Hz)       3.0k events processed  (3.0k events read)  12.0Hz  (avg.: 11.4Hz)       3.0k events processed  (3.0k events read)  8.0Hz  (avg.: 11.4Hz)       3.0k events processed  (3.1k events read)  12.0Hz  (avg.: 11.4Hz)       3.1k events processed  (3.1k events read)  12.0Hz  (avg.: 11.4Hz)       3.1k events processed  (3.1k events read)  14.0Hz  (avg.: 11.4Hz)       3.1k events processed  (3.1k events read)  12.0Hz  (avg.: 11.4Hz)       3.1k events processed  (3.1k events read)  12.0Hz  (avg.: 11.4Hz)       3.1k events processed  (3.1k events read)  12.0Hz  (avg.: 11.4Hz)       3.1k events processed  (3.1k events read)  16.0Hz  (avg.: 11.5Hz)       3.1k events processed  (3.1k events read)  8.0Hz  (avg.: 11.4Hz)       3.1k events processed  (3.1k events read)  14.0Hz  (avg.: 11.5Hz)       3.1k events processed  (3.1k events read)  16.0Hz  (avg.: 11.5Hz)       3.1k events processed  (3.1k events read)  10.0Hz  (avg.: 11.5Hz)       3.1k events processed  (3.1k events read)  10.0Hz  (avg.: 11.5Hz)       3.1k events processed  (3.1k events read)  14.0Hz  (avg.: 11.5Hz)       3.1k events processed  (3.1k events read)  16.0Hz  (avg.: 11.5Hz)       3.1k events processed  (3.1k events read)  10.0Hz  (avg.: 11.5Hz)       3.1k events processed  (3.1k events read)  6.0Hz  (avg.: 11.5Hz)       3.1k events processed  (3.2k events read)  12.0Hz  (avg.: 11.5Hz)       3.1k events processed  (3.2k events read)  10.0Hz  (avg.: 11.5Hz)       3.2k events processed  (3.2k events read)  16.0Hz  (avg.: 11.5Hz)       3.2k events processed  (3.2k events read)  10.0Hz  (avg.: 11.5Hz)       3.2k events processed  (3.2k events read)  10.0Hz  (avg.: 11.5Hz)       3.2k events processed  (3.2k events read)  16.0Hz  (avg.: 11.5Hz)       3.2k events processed  (3.2k events read)  14.0Hz  (avg.: 11.5Hz)       3.2k events processed  (3.2k events read)  14.0Hz  (avg.: 11.5Hz)       3.2k events processed  (3.2k events read)  8.0Hz  (avg.: 11.5Hz)       3.2k events processed  (3.2k events read)  8.0Hz  (avg.: 11.5Hz)       3.2k events processed  (3.2k events read)  14.0Hz  (avg.: 11.5Hz)       3.2k events processed  (3.2k events read)  18.0Hz  (avg.: 11.5Hz)       3.2k events processed  (3.2k events read)  14.0Hz  (avg.: 11.5Hz)       3.2k events processed  (3.2k events read)  10.0Hz  (avg.: 11.5Hz)       3.2k events processed  (3.2k events read)  8.0Hz  (avg.: 11.5Hz)       3.2k events processed  (3.2k events read)  16.0Hz  (avg.: 11.5Hz)       3.2k events processed  (3.2k events read)  10.0Hz  (avg.: 11.5Hz)       3.2k events processed  (3.3k events read)  10.0Hz  (avg.: 11.5Hz)       3.2k events processed  (3.3k events read)  10.0Hz  (avg.: 11.5Hz)       3.3k events processed  (3.3k events read)  14.0Hz  (avg.: 11.5Hz)       3.3k events processed  (3.3k events read)  10.0Hz  (avg.: 11.5Hz)       3.3k events processed  (3.3k events read)  10.0Hz  (avg.: 11.5Hz)       3.3k events processed  (3.3k events read)  16.0Hz  (avg.: 11.5Hz)       3.3k events processed  (3.3k events read)  16.0Hz  (avg.: 11.5Hz)       3.3k events processed  (3.3k events read)  8.0Hz  (avg.: 11.5Hz)       3.3k events processed  (3.3k events read)  14.0Hz  (avg.: 11.5Hz)       3.3k events processed  (3.3k events read)  14.0Hz  (avg.: 11.5Hz)       3.3k events processed  (3.3k events read)  10.0Hz  (avg.: 11.5Hz)       3.3k events processed  (3.3k events read)  12.0Hz  (avg.: 11.5Hz)       3.3k events processed  (3.3k events read)  10.0Hz  (avg.: 11.5Hz)       3.3k events processed  (3.3k events read)  6.0Hz  (avg.: 11.5Hz)       3.3k events processed  (3.3k events read)  14.0Hz  (avg.: 11.5Hz)       3.3k events processed  (3.3k events read)  10.0Hz  (avg.: 11.5Hz)       3.3k events processed  (3.3k events read)  10.0Hz  (avg.: 11.5Hz)       3.3k events processed  (3.4k events read)  18.0Hz  (avg.: 11.5Hz)       3.3k events processed  (3.4k events read)  8.0Hz  (avg.: 11.5Hz)       3.4k events processed  (3.4k events read)  16.0Hz  (avg.: 11.5Hz)       3.4k events processed  (3.4k events read)  14.0Hz  (avg.: 11.5Hz)       3.4k events processed  (3.4k events read)  10.0Hz  (avg.: 11.5Hz)       3.4k events processed  (3.4k events read)  10.0Hz  (avg.: 11.5Hz)       3.4k events processed  (3.4k events read)  12.0Hz  (avg.: 11.5Hz)       3.4k events processed  (3.4k events read)  12.0Hz  (avg.: 11.5Hz)       3.4k events processed  (3.4k events read)  12.0Hz  (avg.: 11.5Hz)       3.4k events processed  (3.4k events read)  4.0Hz  (avg.: 11.5Hz)       3.4k events processed  (3.4k events read)  14.0Hz  (avg.: 11.5Hz)       3.4k events processed  (3.4k events read)  10.0Hz  (avg.: 11.5Hz)       3.4k events processed  (3.4k events read)  16.0Hz  (avg.: 11.5Hz)       3.4k events processed  (3.4k events read)  16.0Hz  (avg.: 11.5Hz)       3.4k events processed  (3.4k events read)  8.0Hz  (avg.: 11.5Hz)       3.4k events processed  (3.4k events read)  8.0Hz  (avg.: 11.5Hz)       3.4k events processed  (3.4k events read)  12.0Hz  (avg.: 11.5Hz)       3.4k events processed  (3.5k events read)  10.0Hz  (avg.: 11.5Hz)       3.4k events processed  (3.5k events read)  14.0Hz  (avg.: 11.5Hz)       3.5k events processed  (3.5k events read)  12.0Hz  (avg.: 11.5Hz)       3.5k events processed  (3.5k events read)  14.0Hz  (avg.: 11.5Hz)       3.5k events processed  (3.5k events read)  10.0Hz  (avg.: 11.5Hz)       3.5k events processed  (3.5k events read)  12.0Hz  (avg.: 11.5Hz)       3.5k events processed  (3.5k events read)  14.0Hz  (avg.: 11.5Hz)       3.5k events processed  (3.5k events read)  14.0Hz  (avg.: 11.5Hz)       3.5k events processed  (3.5k events read)  16.0Hz  (avg.: 11.5Hz)       3.5k events processed  (3.5k events read)  12.0Hz  (avg.: 11.5Hz)       3.5k events processed  (3.5k events read)  12.0Hz  (avg.: 11.5Hz)       3.5k events processed  (3.5k events read)  10.0Hz  (avg.: 11.5Hz)       3.5k events processed  (3.5k events read)  10.0Hz  (avg.: 11.5Hz)       3.5k events processed  (3.5k events read)  16.0Hz  (avg.: 11.5Hz)       3.5k events processed  (3.5k events read)  8.0Hz  (avg.: 11.5Hz)       3.5k events processed  (3.5k events read)  12.0Hz  (avg.: 11.5Hz)       3.5k events processed  (3.5k events read)  8.0Hz  (avg.: 11.5Hz)       3.5k events processed  (3.6k events read)  12.0Hz  (avg.: 11.5Hz)       3.6k events processed  (3.6k events read)  18.0Hz  (avg.: 11.5Hz)       3.6k events processed  (3.6k events read)  8.0Hz  (avg.: 11.5Hz)       3.6k events processed  (3.6k events read)  4.0Hz  (avg.: 11.5Hz)       3.6k events processed  (3.6k events read)  14.0Hz  (avg.: 11.5Hz)       3.6k events processed  (3.6k events read)  14.0Hz  (avg.: 11.5Hz)       3.6k events processed  (3.6k events read)  8.0Hz  (avg.: 11.5Hz)       3.6k events processed  (3.6k events read)  14.0Hz  (avg.: 11.5Hz)       3.6k events processed  (3.6k events read)  10.0Hz  (avg.: 11.5Hz)       3.6k events processed  (3.6k events read)  12.0Hz  (avg.: 11.5Hz)       3.6k events processed  (3.6k events read)  12.0Hz  (avg.: 11.5Hz)       3.6k events processed  (3.6k events read)  8.0Hz  (avg.: 11.5Hz)       3.6k events processed  (3.6k events read)  12.0Hz  (avg.: 11.5Hz)       3.6k events processed  (3.6k events read)  14.0Hz  (avg.: 11.5Hz)       3.6k events processed  (3.6k events read)  10.0Hz  (avg.: 11.5Hz)       3.6k events processed  (3.6k events read)  10.0Hz  (avg.: 11.5Hz)       3.6k events processed  (3.6k events read)  6.0Hz  (avg.: 11.5Hz)       3.6k events processed  (3.7k events read)  16.0Hz  (avg.: 11.5Hz)       3.6k events processed  (3.7k events read)  10.0Hz  (avg.: 11.5Hz)       3.6k events processed  (3.7k events read)  6.0Hz  (avg.: 11.5Hz)       3.7k events processed  (3.7k events read)  14.0Hz  (avg.: 11.5Hz)       3.7k events processed  (3.7k events read)  12.0Hz  (avg.: 11.5Hz)       3.7k events processed  (3.7k events read)  12.0Hz  (avg.: 11.5Hz)       3.7k events processed  (3.7k events read)  10.0Hz  (avg.: 11.5Hz)       3.7k events processed  (3.7k events read)  14.0Hz  (avg.: 11.5Hz)       3.7k events processed  (3.7k events read)  10.0Hz  (avg.: 11.5Hz)       3.7k events processed  (3.7k events read)  8.0Hz  (avg.: 11.5Hz)       3.7k events processed  (3.7k events read)  10.0Hz  (avg.: 11.5Hz)       3.7k events processed  (3.7k events read)  16.0Hz  (avg.: 11.5Hz)       3.7k events processed  (3.7k events read)  12.0Hz  (avg.: 11.5Hz)       3.7k events processed  (3.7k events read)  8.0Hz  (avg.: 11.5Hz)       3.7k events processed  (3.7k events read)  12.0Hz  (avg.: 11.5Hz)       3.7k events processed  (3.7k events read)  8.0Hz  (avg.: 11.5Hz)       3.7k events processed  (3.7k events read)  10.0Hz  (avg.: 11.5Hz)       3.7k events processed  (3.7k events read)  10.0Hz  (avg.: 11.5Hz)       3.7k events processed  (3.7k events read)  12.0Hz  (avg.: 11.5Hz)       3.7k events processed  (3.8k events read)  12.0Hz  (avg.: 11.5Hz)       3.8k events processed  (3.8k events read)  18.0Hz  (avg.: 11.5Hz)       3.8k events processed  (3.8k events read)  8.0Hz  (avg.: 11.5Hz)       3.8k events processed  (3.8k events read)  12.0Hz  (avg.: 11.5Hz)       3.8k events processed  (3.8k events read)  16.0Hz  (avg.: 11.5Hz)       3.8k events processed  (3.8k events read)  14.0Hz  (avg.: 11.5Hz)       3.8k events processed  (3.8k events read)  10.0Hz  (avg.: 11.5Hz)       3.8k events processed  (3.8k events read)  8.0Hz  (avg.: 11.5Hz)       3.8k events processed  (3.8k events read)  10.0Hz  (avg.: 11.5Hz)       3.8k events processed  (3.8k events read)  20.0Hz  (avg.: 11.5Hz)       3.8k events processed  (3.8k events read)  4.0Hz  (avg.: 11.5Hz)       3.8k events processed  (3.8k events read)  16.0Hz  (avg.: 11.5Hz)       3.8k events processed  (3.8k events read)  10.0Hz  (avg.: 11.5Hz)       3.8k events processed  (3.8k events read)  16.0Hz  (avg.: 11.5Hz)       3.8k events processed  (3.8k events read)  16.0Hz  (avg.: 11.5Hz)       3.8k events processed  (3.8k events read)  8.0Hz  (avg.: 11.5Hz)       3.8k events processed  (3.9k events read)  10.0Hz  (avg.: 11.5Hz)       3.8k events processed  (3.9k events read)  12.0Hz  (avg.: 11.5Hz)       3.9k events processed  (3.9k events read)  12.0Hz  (avg.: 11.5Hz)       3.9k events processed  (3.9k events read)  10.0Hz  (avg.: 11.5Hz)       3.9k events processed  (3.9k events read)  10.0Hz  (avg.: 11.5Hz)       3.9k events processed  (3.9k events read)  10.0Hz  (avg.: 11.5Hz)       3.9k events processed  (3.9k events read)  14.0Hz  (avg.: 11.5Hz)       3.9k events processed  (3.9k events read)  8.0Hz  (avg.: 11.5Hz)       3.9k events processed  (3.9k events read)  8.0Hz  (avg.: 11.5Hz)       3.9k events processed  (3.9k events read)  8.0Hz  (avg.: 11.5Hz)       3.9k events processed  (3.9k events read)  18.0Hz  (avg.: 11.5Hz)       3.9k events processed  (3.9k events read)  10.0Hz  (avg.: 11.5Hz)       3.9k events processed  (3.9k events read)  10.0Hz  (avg.: 11.5Hz)       3.9k events processed  (3.9k events read)  14.0Hz  (avg.: 11.5Hz)       3.9k events processed  (3.9k events read)  10.0Hz  (avg.: 11.5Hz)       3.9k events processed  (3.9k events read)  12.0Hz  (avg.: 11.5Hz)       3.9k events processed  (3.9k events read)  12.0Hz  (avg.: 11.5Hz)       3.9k events processed  (3.9k events read)  10.0Hz  (avg.: 11.5Hz)       3.9k events processed  (4.0k events read)  12.0Hz  (avg.: 11.5Hz)       3.9k events processed  (4.0k events read)  12.0Hz  (avg.: 11.5Hz)       4.0k events processed  (4.0k events read)  10.0Hz  (avg.: 11.5Hz)       4.0k events processed  (4.0k events read)  16.0Hz  (avg.: 11.5Hz)       4.0k events processed  (4.0k events read)  12.0Hz  (avg.: 11.5Hz)       4.0k events processed  (4.0k events read)  10.0Hz  (avg.: 11.5Hz)       4.0k events processed  (4.0k events read)  12.0Hz  (avg.: 11.5Hz)       4.0k events processed  (4.0k events read)  10.0Hz  (avg.: 11.5Hz)       4.0k events processed  (4.0k events read)  12.0Hz  (avg.: 11.5Hz)       4.0k events processed  (4.0k events read)  4.0Hz  (avg.: 11.5Hz)       4.0k events processed  (4.0k events read)  12.0Hz  (avg.: 11.5Hz)       4.0k events processed  (4.0k events read)  4.0Hz  (avg.: 11.5Hz)       4.0k events processed  (4.0k events read)  14.0Hz  (avg.: 11.5Hz)       4.0k events processed  (4.0k events read)  10.0Hz  (avg.: 11.5Hz)       4.0k events processed  (4.0k events read)  12.0Hz  (avg.: 11.5Hz)       4.0k events processed  (4.0k events read)  4.0Hz  (avg.: 11.5Hz)       4.0k events processed  (4.0k events read)  14.0Hz  (avg.: 11.5Hz)       4.0k events processed  (4.0k events read)  14.0Hz  (avg.: 11.5Hz)       4.0k events processed  (4.0k events read)  12.0Hz  (avg.: 11.5Hz)       4.0k events processed  (4.1k events read)  12.0Hz  (avg.: 11.5Hz)       4.0k events processed  (4.1k events read)  8.0Hz  (avg.: 11.5Hz)       4.1k events processed  (4.1k events read)  14.0Hz  (avg.: 11.5Hz)       4.1k events processed  (4.1k events read)  8.0Hz  (avg.: 11.5Hz)       4.1k events processed  (4.1k events read)  14.0Hz  (avg.: 11.5Hz)       4.1k events processed  (4.1k events read)  8.0Hz  (avg.: 11.5Hz)       4.1k events processed  (4.1k events read)  14.0Hz  (avg.: 11.5Hz)       4.1k events processed  (4.1k events read)  14.0Hz  (avg.: 11.5Hz)       4.1k events processed  (4.1k events read)  12.0Hz  (avg.: 11.5Hz)       4.1k events processed  (4.1k events read)  8.0Hz  (avg.: 11.5Hz)       4.1k events processed  (4.1k events read)  8.0Hz  (avg.: 11.5Hz)       4.1k events processed  (4.1k events read)  12.0Hz  (avg.: 11.5Hz)       4.1k events processed  (4.1k events read)  10.0Hz  (avg.: 11.5Hz)       4.1k events processed  (4.1k events read)  14.0Hz  (avg.: 11.5Hz)       4.1k events processed  (4.1k events read)  10.0Hz  (avg.: 11.5Hz)       4.1k events processed  (4.1k events read)  16.0Hz  (avg.: 11.5Hz)       4.1k events processed  (4.1k events read)  10.0Hz  (avg.: 11.5Hz)       4.1k events processed  (4.2k events read)  12.0Hz  (avg.: 11.5Hz)       4.1k events processed  (4.2k events read)  10.0Hz  (avg.: 11.5Hz)       4.2k events processed  (4.2k events read)  14.0Hz  (avg.: 11.5Hz)       4.2k events processed  (4.2k events read)  10.0Hz  (avg.: 11.5Hz)       4.2k events processed  (4.2k events read)  12.0Hz  (avg.: 11.5Hz)       4.2k events processed  (4.2k events read)  10.0Hz  (avg.: 11.5Hz)       4.2k events processed  (4.2k events read)  16.0Hz  (avg.: 11.5Hz)       4.2k events processed  (4.2k events read)  8.0Hz  (avg.: 11.5Hz)       4.2k events processed  (4.2k events read)  6.0Hz  (avg.: 11.5Hz)       4.2k events processed  (4.2k events read)  12.0Hz  (avg.: 11.5Hz)       4.2k events processed  (4.2k events read)  12.0Hz  (avg.: 11.5Hz)       4.2k events processed  (4.2k events read)  14.0Hz  (avg.: 11.5Hz)       4.2k events processed  (4.2k events read)  8.0Hz  (avg.: 11.5Hz)       4.2k events processed  (4.2k events read)  12.0Hz  (avg.: 11.5Hz)       4.2k events processed  (4.2k events read)  16.0Hz  (avg.: 11.5Hz)       4.2k events processed  (4.2k events read)  8.0Hz  (avg.: 11.5Hz)       4.2k events processed  (4.2k events read)  10.0Hz  (avg.: 11.5Hz)       4.2k events processed  (4.2k events read)  12.0Hz  (avg.: 11.5Hz)       4.2k events processed  (4.3k events read)  16.0Hz  (avg.: 11.5Hz)       4.2k events processed  (4.3k events read)  14.0Hz  (avg.: 11.5Hz)       4.3k events processed  (4.3k events read)  12.0Hz  (avg.: 11.5Hz)       4.3k events processed  (4.3k events read)  10.0Hz  (avg.: 11.5Hz)       4.3k events processed  (4.3k events read)  10.0Hz  (avg.: 11.5Hz)       4.3k events processed  (4.3k events read)  12.0Hz  (avg.: 11.5Hz)       4.3k events processed  (4.3k events read)  8.0Hz  (avg.: 11.5Hz)       4.3k events processed  (4.3k events read)  18.0Hz  (avg.: 11.5Hz)       4.3k events processed  (4.3k events read)  8.0Hz  (avg.: 11.5Hz)       4.3k events processed  (4.3k events read)  12.0Hz  (avg.: 11.5Hz)       4.3k events processed  (4.3k events read)  12.0Hz  (avg.: 11.5Hz)       4.3k events processed  (4.3k events read)  10.0Hz  (avg.: 11.5Hz)       4.3k events processed  (4.3k events read)  14.0Hz  (avg.: 11.5Hz)       4.3k events processed  (4.3k events read)  8.0Hz  (avg.: 11.5Hz)       4.3k events processed  (4.3k events read)  12.0Hz  (avg.: 11.5Hz)       4.3k events processed  (4.3k events read)  14.0Hz  (avg.: 11.5Hz)       4.3k events processed  (4.3k events read)  14.0Hz  (avg.: 11.5Hz)       4.3k events processed  (4.4k events read)  16.0Hz  (avg.: 11.5Hz)       4.4k events processed  (4.4k events read)  16.0Hz  (avg.: 11.5Hz)       4.4k events processed  (4.4k events read)  10.0Hz  (avg.: 11.5Hz)       4.4k events processed  (4.4k events read)  12.0Hz  (avg.: 11.5Hz)       4.4k events processed  (4.4k events read)  12.0Hz  (avg.: 11.5Hz)       4.4k events processed  (4.4k events read)  10.0Hz  (avg.: 11.5Hz)       4.4k events processed  (4.4k events read)  12.0Hz  (avg.: 11.5Hz)       4.4k events processed  (4.4k events read)  16.0Hz  (avg.: 11.5Hz)       4.4k events processed  (4.4k events read)  10.0Hz  (avg.: 11.5Hz)       4.4k events processed  (4.4k events read)  12.0Hz  (avg.: 11.5Hz)       4.4k events processed  (4.4k events read)  10.0Hz  (avg.: 11.5Hz)       4.4k events processed  (4.4k events read)  10.0Hz  (avg.: 11.5Hz)       4.4k events processed  (4.4k events read)  12.0Hz  (avg.: 11.5Hz)       4.4k events processed  (4.4k events read)  14.0Hz  (avg.: 11.5Hz)       4.4k events processed  (4.4k events read)  10.0Hz  (avg.: 11.5Hz)       4.4k events processed  (4.4k events read)  18.0Hz  (avg.: 11.5Hz)       4.4k events processed  (4.5k events read)  14.0Hz  (avg.: 11.5Hz)       4.5k events processed  (4.5k events read)  14.0Hz  (avg.: 11.5Hz)       4.5k events processed  (4.5k events read)  12.0Hz  (avg.: 11.5Hz)       4.5k events processed  (4.5k events read)  8.0Hz  (avg.: 11.5Hz)       4.5k events processed  (4.5k events read)  18.0Hz  (avg.: 11.5Hz)       4.5k events processed  (4.5k events read)  12.0Hz  (avg.: 11.5Hz)       4.5k events processed  (4.5k events read)  6.0Hz  (avg.: 11.5Hz)       4.5k events processed  (4.5k events read)  12.0Hz  (avg.: 11.5Hz)       4.5k events processed  (4.5k events read)  10.0Hz  (avg.: 11.5Hz)       4.5k events processed  (4.5k events read)  6.0Hz  (avg.: 11.5Hz)       4.5k events processed  (4.5k events read)  16.0Hz  (avg.: 11.5Hz)       4.5k events processed  (4.5k events read)  12.0Hz  (avg.: 11.5Hz)       4.5k events processed  (4.5k events read)  6.0Hz  (avg.: 11.5Hz)       4.5k events processed  (4.5k events read)  16.0Hz  (avg.: 11.5Hz)       4.5k events processed  (4.5k events read)  14.0Hz  (avg.: 11.5Hz)       4.5k events processed  (4.5k events read)  14.0Hz  (avg.: 11.5Hz)       4.5k events processed  (4.5k events read)  8.0Hz  (avg.: 11.5Hz)       4.5k events processed  (4.6k events read)  14.0Hz  (avg.: 11.5Hz)       4.6k events processed  (4.6k events read)  16.0Hz  (avg.: 11.5Hz)       4.6k events processed  (4.6k events read)  8.0Hz  (avg.: 11.5Hz)       4.6k events processed  (4.6k events read)  14.0Hz  (avg.: 11.5Hz)       4.6k events processed  (4.6k events read)  8.0Hz  (avg.: 11.5Hz)       4.6k events processed  (4.6k events read)  6.0Hz  (avg.: 11.5Hz)       4.6k events processed  (4.6k events read)  10.0Hz  (avg.: 11.5Hz)       4.6k events processed  (4.6k events read)  14.0Hz  (avg.: 11.5Hz)       4.6k events processed  (4.6k events read)  12.0Hz  (avg.: 11.5Hz)       4.6k events processed  (4.6k events read)  4.0Hz  (avg.: 11.5Hz)       4.6k events processed  (4.6k events read)  12.0Hz  (avg.: 11.5Hz)       4.6k events processed  (4.6k events read)  10.0Hz  (avg.: 11.5Hz)       4.6k events processed  (4.6k events read)  10.0Hz  (avg.: 11.5Hz)       4.6k events processed  (4.6k events read)  16.0Hz  (avg.: 11.5Hz)       4.6k events processed  (4.6k events read)  8.0Hz  (avg.: 11.5Hz)       4.6k events processed  (4.6k events read)  14.0Hz  (avg.: 11.5Hz)       4.6k events processed  (4.6k events read)  12.0Hz  (avg.: 11.5Hz)       4.6k events processed  (4.6k events read)  16.0Hz  (avg.: 11.5Hz)       4.6k events processed  (4.7k events read)  12.0Hz  (avg.: 11.5Hz)       4.7k events processed  (4.7k events read)  12.0Hz  (avg.: 11.5Hz)       4.7k events processed  (4.7k events read)  14.0Hz  (avg.: 11.5Hz)       4.7k events processed  (4.7k events read)  10.0Hz  (avg.: 11.5Hz)       4.7k events processed  (4.7k events read)  12.0Hz  (avg.: 11.5Hz)       4.7k events processed  (4.7k events read)  10.0Hz  (avg.: 11.5Hz)       4.7k events processed  (4.7k events read)  8.0Hz  (avg.: 11.5Hz)       4.7k events processed  (4.7k events read)  14.0Hz  (avg.: 11.5Hz)       4.7k events processed  (4.7k events read)  12.0Hz  (avg.: 11.5Hz)       4.7k events processed  (4.7k events read)  14.0Hz  (avg.: 11.5Hz)       4.7k events processed  (4.7k events read)  10.0Hz  (avg.: 11.5Hz)       4.7k events processed  (4.7k events read)  10.0Hz  (avg.: 11.5Hz)       4.7k events processed  (4.7k events read)  12.0Hz  (avg.: 11.5Hz)       4.7k events processed  (4.7k events read)  18.0Hz  (avg.: 11.5Hz)       4.7k events processed  (4.7k events read)  10.0Hz  (avg.: 11.5Hz)       4.7k events processed  (4.7k events read)  8.0Hz  (avg.: 11.5Hz)       4.7k events processed  (4.7k events read)  10.0Hz  (avg.: 11.5Hz)       4.7k events processed  (4.8k events read)  16.0Hz  (avg.: 11.5Hz)       4.7k events processed  (4.8k events read)  10.0Hz  (avg.: 11.5Hz)       4.8k events processed  (4.8k events read)  10.0Hz  (avg.: 11.5Hz)       4.8k events processed  (4.8k events read)  12.0Hz  (avg.: 11.5Hz)       4.8k events processed  (4.8k events read)  12.0Hz  (avg.: 11.5Hz)       4.8k events processed  (4.8k events read)  12.0Hz  (avg.: 11.5Hz)       4.8k events processed  (4.8k events read)  6.0Hz  (avg.: 11.5Hz)       4.8k events processed  (4.8k events read)  8.0Hz  (avg.: 11.5Hz)       4.8k events processed  (4.8k events read)  16.0Hz  (avg.: 11.5Hz)       4.8k events processed  (4.8k events read)  14.0Hz  (avg.: 11.5Hz)       4.8k events processed  (4.8k events read)  12.0Hz  (avg.: 11.5Hz)       4.8k events processed  (4.8k events read)  12.0Hz  (avg.: 11.5Hz)       4.8k events processed  (4.8k events read)  10.0Hz  (avg.: 11.5Hz)       4.8k events processed  (4.8k events read)  10.0Hz  (avg.: 11.5Hz)       4.8k events processed  (4.8k events read)  12.0Hz  (avg.: 11.5Hz)       4.8k events processed  (4.8k events read)  14.0Hz  (avg.: 11.5Hz)       4.8k events processed  (4.8k events read)  14.0Hz  (avg.: 11.5Hz)       4.8k events processed  (4.8k events read)  6.0Hz  (avg.: 11.5Hz)       4.8k events processed  (4.9k events read)  16.0Hz  (avg.: 11.5Hz)       4.9k events processed  (4.9k events read)  10.0Hz  (avg.: 11.5Hz)       4.9k events processed  (4.9k events read)  14.0Hz  (avg.: 11.5Hz)       4.9k events processed  (4.9k events read)  10.0Hz  (avg.: 11.5Hz)       4.9k events processed  (4.9k events read)  12.0Hz  (avg.: 11.5Hz)       4.9k events processed  (4.9k events read)  10.0Hz  (avg.: 11.5Hz)       4.9k events processed  (4.9k events read)  16.0Hz  (avg.: 11.5Hz)       4.9k events processed  (4.9k events read)  12.0Hz  (avg.: 11.5Hz)       4.9k events processed  (4.9k events read)  14.0Hz  (avg.: 11.5Hz)       4.9k events processed  (4.9k events read)  16.0Hz  (avg.: 11.5Hz)       4.9k events processed  (4.9k events read)  12.0Hz  (avg.: 11.5Hz)       4.9k events processed  (4.9k events read)  8.0Hz  (avg.: 11.5Hz)       4.9k events processed  (4.9k events read)  12.0Hz  (avg.: 11.5Hz)       4.9k events processed  (4.9k events read)  14.0Hz  (avg.: 11.5Hz)       4.9k events processed  (4.9k events read)  10.0Hz  (avg.: 11.5Hz)       4.9k events processed  (4.9k events read)  18.0Hz  (avg.: 11.5Hz)       4.9k events processed  (5.0k events read)  14.0Hz  (avg.: 11.5Hz)       5.0k events processed  (5.0k events read)  10.0Hz  (avg.: 11.5Hz)       5.0k events processed  (5.0k events read)  16.0Hz  (avg.: 11.5Hz)       5.0k events processed  (5.0k events read)  12.0Hz  (avg.: 11.5Hz)       5.0k events processed  (5.0k events read)  8.0Hz  (avg.: 11.5Hz)       5.0k events processed  (5.0k events read)  14.0Hz  (avg.: 11.5Hz)       5.0k events processed  (5.0k events read)  8.0Hz  (avg.: 11.5Hz)       5.0k events processed  (5.0k events read)  10.0Hz  (avg.: 11.5Hz)       5.0k events processed  (5.0k events read)  12.0Hz  (avg.: 11.5Hz)       5.0k events processed  (5.0k events read)  14.0Hz  (avg.: 11.5Hz)       5.0k events processed  (5.0k events read)  14.0Hz  (avg.: 11.5Hz)       5.0k events processed  (5.0k events read)  16.0Hz  (avg.: 11.5Hz)       5.0k events processed  (5.0k events read)  10.0Hz  (avg.: 11.5Hz)       5.0k events processed  (5.0k events read)  14.0Hz  (avg.: 11.5Hz)       5.0k events processed  (5.0k events read)  10.0Hz  (avg.: 11.5Hz)       5.0k events processed  (5.1k events read)  16.0Hz  (avg.: 11.5Hz)       5.0k events processed  (5.1k events read)  12.0Hz  (avg.: 11.5Hz)       5.1k events processed  (5.1k events read)  8.0Hz  (avg.: 11.5Hz)       5.1k events processed  (5.1k events read)  16.0Hz  (avg.: 11.5Hz)       5.1k events processed  (5.1k events read)  12.0Hz  (avg.: 11.5Hz)       5.1k events processed  (5.1k events read)  10.0Hz  (avg.: 11.5Hz)       5.1k events processed  (5.1k events read)  10.0Hz  (avg.: 11.5Hz)       5.1k events processed  (5.1k events read)  10.0Hz  (avg.: 11.5Hz)       5.1k events processed  (5.1k events read)  14.0Hz  (avg.: 11.5Hz)       5.1k events processed  (5.1k events read)  4.0Hz  (avg.: 11.5Hz)       5.1k events processed  (5.1k events read)  16.0Hz  (avg.: 11.5Hz)       5.1k events processed  (5.1k events read)  14.0Hz  (avg.: 11.5Hz)       5.1k events processed  (5.1k events read)  12.0Hz  (avg.: 11.5Hz)       5.1k events processed  (5.1k events read)  6.0Hz  (avg.: 11.5Hz)       5.1k events processed  (5.1k events read)  14.0Hz  (avg.: 11.5Hz)       5.1k events processed  (5.1k events read)  10.0Hz  (avg.: 11.5Hz)       5.1k events processed  (5.1k events read)  8.0Hz  (avg.: 11.5Hz)       5.1k events processed  (5.1k events read)  14.0Hz  (avg.: 11.5Hz)       5.1k events processed  (5.2k events read)  12.0Hz  (avg.: 11.5Hz)       5.1k events processed  (5.2k events read)  8.0Hz  (avg.: 11.5Hz)       5.2k events processed  (5.2k events read)  14.0Hz  (avg.: 11.5Hz)       5.2k events processed  (5.2k events read)  8.0Hz  (avg.: 11.5Hz)       5.2k events processed  (5.2k events read)  14.0Hz  (avg.: 11.5Hz)       5.2k events processed  (5.2k events read)  12.0Hz  (avg.: 11.5Hz)       5.2k events processed  (5.2k events read)  8.0Hz  (avg.: 11.5Hz)       5.2k events processed  (5.2k events read)  12.0Hz  (avg.: 11.5Hz)       5.2k events processed  (5.2k events read)  12.0Hz  (avg.: 11.5Hz)       5.2k events processed  (5.2k events read)  6.0Hz  (avg.: 11.5Hz)       5.2k events processed  (5.2k events read)  14.0Hz  (avg.: 11.5Hz)       5.2k events processed  (5.2k events read)  4.0Hz  (avg.: 11.5Hz)       5.2k events processed  (5.2k events read)  14.0Hz  (avg.: 11.5Hz)       5.2k events processed  (5.2k events read)  12.0Hz  (avg.: 11.5Hz)       5.2k events processed  (5.2k events read)  10.0Hz  (avg.: 11.5Hz)       5.2k events processed  (5.2k events read)  14.0Hz  (avg.: 11.5Hz)       5.2k events processed  (5.2k events read)  12.0Hz  (avg.: 11.5Hz)       5.2k events processed  (5.2k events read)  8.0Hz  (avg.: 11.5Hz)       5.2k events processed  (5.2k events read)  14.0Hz  (avg.: 11.5Hz)       5.2k events processed  (5.3k events read)  10.0Hz  (avg.: 11.5Hz)       5.2k events processed  (5.3k events read)  6.0Hz  (avg.: 11.5Hz)       5.3k events processed  (5.3k events read)  12.0Hz  (avg.: 11.5Hz)       5.3k events processed  (5.3k events read)  8.0Hz  (avg.: 11.5Hz)       5.3k events processed  (5.3k events read)  16.0Hz  (avg.: 11.5Hz)       5.3k events processed  (5.3k events read)  8.0Hz  (avg.: 11.5Hz)       5.3k events processed  (5.3k events read)  8.0Hz  (avg.: 11.5Hz)       5.3k events processed  (5.3k events read)  8.0Hz  (avg.: 11.5Hz)       5.3k events processed  (5.3k events read)  10.0Hz  (avg.: 11.5Hz)       5.3k events processed  (5.3k events read)  16.0Hz  (avg.: 11.5Hz)       5.3k events processed  (5.3k events read)  10.0Hz  (avg.: 11.5Hz)       5.3k events processed  (5.3k events read)  12.0Hz  (avg.: 11.5Hz)       5.3k events processed  (5.3k events read)  14.0Hz  (avg.: 11.5Hz)       5.3k events processed  (5.3k events read)  10.0Hz  (avg.: 11.5Hz)       5.3k events processed  (5.3k events read)  12.0Hz  (avg.: 11.5Hz)       5.3k events processed  (5.3k events read)  14.0Hz  (avg.: 11.5Hz)       5.3k events processed  (5.3k events read)  8.0Hz  (avg.: 11.5Hz)       5.3k events processed  (5.3k events read)  16.0Hz  (avg.: 11.5Hz)       5.3k events processed  (5.4k events read)  6.0Hz  (avg.: 11.5Hz)       5.3k events processed  (5.4k events read)  12.0Hz  (avg.: 11.5Hz)       5.4k events processed  (5.4k events read)  16.0Hz  (avg.: 11.5Hz)       5.4k events processed  (5.4k events read)  10.0Hz  (avg.: 11.5Hz)       5.4k events processed  (5.4k events read)  14.0Hz  (avg.: 11.5Hz)       5.4k events processed  (5.4k events read)  12.0Hz  (avg.: 11.5Hz)       5.4k events processed  (5.4k events read)  10.0Hz  (avg.: 11.5Hz)       5.4k events processed  (5.4k events read)  14.0Hz  (avg.: 11.5Hz)       5.4k events processed  (5.4k events read)  14.0Hz  (avg.: 11.5Hz)       5.4k events processed  (5.4k events read)  12.0Hz  (avg.: 11.5Hz)       5.4k events processed  (5.4k events read)  10.0Hz  (avg.: 11.5Hz)       5.4k events processed  (5.4k events read)  14.0Hz  (avg.: 11.5Hz)       5.4k events processed  (5.4k events read)  12.0Hz  (avg.: 11.5Hz)       5.4k events processed  (5.4k events read)  14.0Hz  (avg.: 11.5Hz)       5.4k events processed  (5.4k events read)  10.0Hz  (avg.: 11.5Hz)       5.4k events processed  (5.4k events read)  12.0Hz  (avg.: 11.5Hz)       5.4k events processed  (5.5k events read)  14.0Hz  (avg.: 11.5Hz)       5.4k events processed  (5.5k events read)  10.0Hz  (avg.: 11.5Hz)       5.5k events processed  (5.5k events read)  10.0Hz  (avg.: 11.5Hz)       5.5k events processed  (5.5k events read)  8.0Hz  (avg.: 11.5Hz)       5.5k events processed  (5.5k events read)  16.0Hz  (avg.: 11.5Hz)       5.5k events processed  (5.5k events read)  12.0Hz  (avg.: 11.5Hz)       5.5k events processed  (5.5k events read)  16.0Hz  (avg.: 11.5Hz)       5.5k events processed  (5.5k events read)  14.0Hz  (avg.: 11.5Hz)       5.5k events processed  (5.5k events read)  6.0Hz  (avg.: 11.5Hz)       5.5k events processed  (5.5k events read)  14.0Hz  (avg.: 11.5Hz)       5.5k events processed  (5.5k events read)  12.0Hz  (avg.: 11.5Hz)       5.5k events processed  (5.5k events read)  8.0Hz  (avg.: 11.5Hz)       5.5k events processed  (5.5k events read)  18.0Hz  (avg.: 11.5Hz)       5.5k events processed  (5.5k events read)  8.0Hz  (avg.: 11.5Hz)       5.5k events processed  (5.5k events read)  14.0Hz  (avg.: 11.5Hz)       5.5k events processed  (5.5k events read)  12.0Hz  (avg.: 11.5Hz)       5.5k events processed  (5.5k events read)  12.0Hz  (avg.: 11.5Hz)       5.5k events processed  (5.5k events read)  6.0Hz  (avg.: 11.5Hz)       5.5k events processed  (5.6k events read)  12.0Hz  (avg.: 11.5Hz)       5.5k events processed  (5.6k events read)  8.0Hz  (avg.: 11.5Hz)       5.6k events processed  (5.6k events read)  14.0Hz  (avg.: 11.5Hz)       5.6k events processed  (5.6k events read)  12.0Hz  (avg.: 11.5Hz)       5.6k events processed  (5.6k events read)  16.0Hz  (avg.: 11.5Hz)       5.6k events processed  (5.6k events read)  14.0Hz  (avg.: 11.5Hz)       5.6k events processed  (5.6k events read)  12.0Hz  (avg.: 11.5Hz)       5.6k events processed  (5.6k events read)  16.0Hz  (avg.: 11.5Hz)       5.6k events processed  (5.6k events read)  6.0Hz  (avg.: 11.5Hz)       5.6k events processed  (5.6k events read)  16.0Hz  (avg.: 11.5Hz)       5.6k events processed  (5.6k events read)  14.0Hz  (avg.: 11.5Hz)       5.6k events processed  (5.6k events read)  14.0Hz  (avg.: 11.5Hz)       5.6k events processed  (5.6k events read)  10.0Hz  (avg.: 11.5Hz)       5.6k events processed  (5.6k events read)  14.0Hz  (avg.: 11.5Hz)       5.6k events processed  (5.6k events read)  14.0Hz  (avg.: 11.5Hz)       5.6k events processed  (5.7k events read)  12.0Hz  (avg.: 11.5Hz)       5.6k events processed  (5.7k events read)  8.0Hz  (avg.: 11.5Hz)       5.7k events processed  (5.7k events read)  10.0Hz  (avg.: 11.5Hz)       5.7k events processed  (5.7k events read)  14.0Hz  (avg.: 11.5Hz)       5.7k events processed  (5.7k events read)  12.0Hz  (avg.: 11.5Hz)       5.7k events processed  (5.7k events read)  14.0Hz  (avg.: 11.5Hz)       5.7k events processed  (5.7k events read)  10.0Hz  (avg.: 11.5Hz)       5.7k events processed  (5.7k events read)  8.0Hz  (avg.: 11.5Hz)       5.7k events processed  (5.7k events read)  18.0Hz  (avg.: 11.5Hz)       5.7k events processed  (5.7k events read)  8.0Hz  (avg.: 11.5Hz)       5.7k events processed  (5.7k events read)  12.0Hz  (avg.: 11.5Hz)       5.7k events processed  (5.7k events read)  10.0Hz  (avg.: 11.5Hz)       5.7k events processed  (5.7k events read)  14.0Hz  (avg.: 11.5Hz)       5.7k events processed  (5.7k events read)  6.0Hz  (avg.: 11.5Hz)       5.7k events processed  (5.7k events read)  10.0Hz  (avg.: 11.5Hz)       5.7k events processed  (5.7k events read)  8.0Hz  (avg.: 11.5Hz)       5.7k events processed  (5.7k events read)  10.0Hz  (avg.: 11.5Hz)       5.7k events processed  (5.7k events read)  12.0Hz  (avg.: 11.5Hz)       5.7k events processed  (5.7k events read)  12.0Hz  (avg.: 11.5Hz)       5.7k events processed  (5.8k events read)  14.0Hz  (avg.: 11.5Hz)       5.8k events processed  (5.8k events read)  10.0Hz  (avg.: 11.5Hz)       5.8k events processed  (5.8k events read)  16.0Hz  (avg.: 11.5Hz)       5.8k events processed  (5.8k events read)  10.0Hz  (avg.: 11.5Hz)       5.8k events processed  (5.8k events read)  14.0Hz  (avg.: 11.5Hz)       5.8k events processed  (5.8k events read)  14.0Hz  (avg.: 11.5Hz)       5.8k events processed  (5.8k events read)  14.0Hz  (avg.: 11.5Hz)       5.8k events processed  (5.8k events read)  8.0Hz  (avg.: 11.5Hz)       5.8k events processed  (5.8k events read)  12.0Hz  (avg.: 11.5Hz)       5.8k events processed  (5.8k events read)  10.0Hz  (avg.: 11.5Hz)       5.8k events processed  (5.8k events read)  12.0Hz  (avg.: 11.5Hz)       5.8k events processed  (5.8k events read)  8.0Hz  (avg.: 11.5Hz)       5.8k events processed  (5.8k events read)  18.0Hz  (avg.: 11.5Hz)       5.8k events processed  (5.8k events read)  10.0Hz  (avg.: 11.5Hz)       5.8k events processed  (5.8k events read)  8.0Hz  (avg.: 11.5Hz)       5.8k events processed  (5.8k events read)  12.0Hz  (avg.: 11.5Hz)       5.8k events processed  (5.8k events read)  12.0Hz  (avg.: 11.5Hz)       5.8k events processed  (5.9k events read)  16.0Hz  (avg.: 11.5Hz)       5.9k events processed  (5.9k events read)  10.0Hz  (avg.: 11.5Hz)       5.9k events processed  (5.9k events read)  10.0Hz  (avg.: 11.5Hz)       5.9k events processed  (5.9k events read)  14.0Hz  (avg.: 11.5Hz)       5.9k events processed  (5.9k events read)  10.0Hz  (avg.: 11.5Hz)       5.9k events processed  (5.9k events read)  10.0Hz  (avg.: 11.5Hz)       5.9k events processed  (5.9k events read)  16.0Hz  (avg.: 11.5Hz)       5.9k events processed  (5.9k events read)  8.0Hz  (avg.: 11.5Hz)       5.9k events processed  (5.9k events read)  10.0Hz  (avg.: 11.5Hz)       5.9k events processed  (5.9k events read)  14.0Hz  (avg.: 11.5Hz)       5.9k events processed  (5.9k events read)  14.0Hz  (avg.: 11.5Hz)       5.9k events processed  (5.9k events read)  12.0Hz  (avg.: 11.5Hz)       5.9k events processed  (5.9k events read)  12.0Hz  (avg.: 11.5Hz)       5.9k events processed  (5.9k events read)  8.0Hz  (avg.: 11.5Hz)       5.9k events processed  (5.9k events read)  12.0Hz  (avg.: 11.5Hz)       5.9k events processed  (5.9k events read)  6.0Hz  (avg.: 11.5Hz)       5.9k events processed  (5.9k events read)  10.0Hz  (avg.: 11.5Hz)       5.9k events processed  (6.0k events read)  12.0Hz  (avg.: 11.5Hz)       5.9k events processed  (6.0k events read)  12.0Hz  (avg.: 11.5Hz)       6.0k events processed  (6.0k events read)  12.0Hz  (avg.: 11.5Hz)       6.0k events processed  (6.0k events read)  8.0Hz  (avg.: 11.5Hz)       6.0k events processed  (6.0k events read)  14.0Hz  (avg.: 11.5Hz)       6.0k events processed  (6.0k events read)  14.0Hz  (avg.: 11.5Hz)       6.0k events processed  (6.0k events read)  14.0Hz  (avg.: 11.5Hz)       6.0k events processed  (6.0k events read)  10.0Hz  (avg.: 11.5Hz)       6.0k events processed  (6.0k events read)  10.0Hz  (avg.: 11.5Hz)       6.0k events processed  (6.0k events read)  14.0Hz  (avg.: 11.5Hz)       6.0k events processed  (6.0k events read)  20.0Hz  (avg.: 11.5Hz)       6.0k events processed  (6.0k events read)  6.0Hz  (avg.: 11.5Hz)       6.0k events processed  (6.0k events read)  12.0Hz  (avg.: 11.5Hz)       6.0k events processed  (6.0k events read)  18.0Hz  (avg.: 11.5Hz)       6.0k events processed  (6.0k events read)  14.0Hz  (avg.: 11.5Hz)       6.0k events processed  (6.0k events read)  8.0Hz  (avg.: 11.5Hz)       6.0k events processed  (6.1k events read)  14.0Hz  (avg.: 11.5Hz)       6.1k events processed  (6.1k events read)  16.0Hz  (avg.: 11.5Hz)       6.1k events processed  (6.1k events read)  16.0Hz  (avg.: 11.5Hz)       6.1k events processed  (6.1k events read)  10.0Hz  (avg.: 11.5Hz)       6.1k events processed  (6.1k events read)  12.0Hz  (avg.: 11.5Hz)       6.1k events processed  (6.1k events read)  8.0Hz  (avg.: 11.5Hz)       6.1k events processed  (6.1k events read)  12.0Hz  (avg.: 11.5Hz)       6.1k events processed  (6.1k events read)  12.0Hz  (avg.: 11.5Hz)       6.1k events processed  (6.1k events read)  8.0Hz  (avg.: 11.5Hz)       6.1k events processed  (6.1k events read)  14.0Hz  (avg.: 11.5Hz)       6.1k events processed  (6.1k events read)  12.0Hz  (avg.: 11.5Hz)       6.1k events processed  (6.1k events read)  12.0Hz  (avg.: 11.5Hz)       6.1k events processed  (6.1k events read)  10.0Hz  (avg.: 11.5Hz)       6.1k events processed  (6.1k events read)  10.0Hz  (avg.: 11.5Hz)       6.1k events processed  (6.1k events read)  12.0Hz  (avg.: 11.5Hz)       6.1k events processed  (6.1k events read)  14.0Hz  (avg.: 11.5Hz)       6.1k events processed  (6.1k events read)  8.0Hz  (avg.: 11.5Hz)       6.1k events processed  (6.1k events read)  8.0Hz  (avg.: 11.5Hz)       6.1k events processed  (6.2k events read)  16.0Hz  (avg.: 11.5Hz)       6.2k events processed  (6.2k events read)  6.0Hz  (avg.: 11.5Hz)       6.2k events processed  (6.2k events read)  14.0Hz  (avg.: 11.5Hz)       6.2k events processed  (6.2k events read)  12.0Hz  (avg.: 11.5Hz)       6.2k events processed  (6.2k events read)  12.0Hz  (avg.: 11.5Hz)       6.2k events processed  (6.2k events read)  10.0Hz  (avg.: 11.5Hz)       6.2k events processed  (6.2k events read)  8.0Hz  (avg.: 11.5Hz)       6.2k events processed  (6.2k events read)  12.0Hz  (avg.: 11.5Hz)       6.2k events processed  (6.2k events read)  8.0Hz  (avg.: 11.5Hz)       6.2k events processed  (6.2k events read)  16.0Hz  (avg.: 11.5Hz)       6.2k events processed  (6.2k events read)  12.0Hz  (avg.: 11.5Hz)       6.2k events processed  (6.2k events read)  10.0Hz  (avg.: 11.5Hz)       6.2k events processed  (6.2k events read)  12.0Hz  (avg.: 11.5Hz)       6.2k events processed  (6.2k events read)  10.0Hz  (avg.: 11.5Hz)       6.2k events processed  (6.2k events read)  12.0Hz  (avg.: 11.5Hz)       6.2k events processed  (6.2k events read)  12.0Hz  (avg.: 11.5Hz)       6.2k events processed  (6.2k events read)  12.0Hz  (avg.: 11.5Hz)       6.2k events processed  (6.3k events read)  12.0Hz  (avg.: 11.5Hz)       6.2k events processed  (6.3k events read)  14.0Hz  (avg.: 11.5Hz)       6.3k events processed  (6.3k events read)  18.0Hz  (avg.: 11.5Hz)       6.3k events processed  (6.3k events read)  14.0Hz  (avg.: 11.5Hz)       6.3k events processed  (6.3k events read)  8.0Hz  (avg.: 11.5Hz)       6.3k events processed  (6.3k events read)  10.0Hz  (avg.: 11.5Hz)       6.3k events processed  (6.3k events read)  16.0Hz  (avg.: 11.5Hz)       6.3k events processed  (6.3k events read)  10.0Hz  (avg.: 11.5Hz)       6.3k events processed  (6.3k events read)  12.0Hz  (avg.: 11.5Hz)       6.3k events processed  (6.3k events read)  12.0Hz  (avg.: 11.5Hz)       6.3k events processed  (6.3k events read)  14.0Hz  (avg.: 11.5Hz)       6.3k events processed  (6.3k events read)  6.0Hz  (avg.: 11.5Hz)       6.3k events processed  (6.3k events read)  10.0Hz  (avg.: 11.5Hz)       6.3k events processed  (6.3k events read)  6.0Hz  (avg.: 11.5Hz)       6.3k events processed  (6.3k events read)  14.0Hz  (avg.: 11.5Hz)       6.3k events processed  (6.3k events read)  8.0Hz  (avg.: 11.5Hz)       6.3k events processed  (6.3k events read)  10.0Hz  (avg.: 11.5Hz)       6.3k events processed  (6.3k events read)  14.0Hz  (avg.: 11.5Hz)       6.3k events processed  (6.4k events read)  16.0Hz  (avg.: 11.5Hz)       6.4k events processed  (6.4k events read)  12.0Hz  (avg.: 11.5Hz)       6.4k events processed  (6.4k events read)  8.0Hz  (avg.: 11.5Hz)       6.4k events processed  (6.4k events read)  12.0Hz  (avg.: 11.5Hz)       6.4k events processed  (6.4k events read)  14.0Hz  (avg.: 11.5Hz)       6.4k events processed  (6.4k events read)  8.0Hz  (avg.: 11.5Hz)       6.4k events processed  (6.4k events read)  14.0Hz  (avg.: 11.5Hz)       6.4k events processed  (6.4k events read)  14.0Hz  (avg.: 11.5Hz)       6.4k events processed  (6.4k events read)  8.0Hz  (avg.: 11.5Hz)       6.4k events processed  (6.4k events read)  10.0Hz  (avg.: 11.5Hz)       6.4k events processed  (6.4k events read)  14.0Hz  (avg.: 11.5Hz)       6.4k events processed  (6.4k events read)  10.0Hz  (avg.: 11.5Hz)       6.4k events processed  (6.4k events read)  12.0Hz  (avg.: 11.5Hz)       6.4k events processed  (6.4k events read)  14.0Hz  (avg.: 11.5Hz)       6.4k events processed  (6.4k events read)  12.0Hz  (avg.: 11.5Hz)       6.4k events processed  (6.4k events read)  10.0Hz  (avg.: 11.5Hz)       6.4k events processed  (6.4k events read)  12.0Hz  (avg.: 11.5Hz)       6.4k events processed  (6.5k events read)  12.0Hz  (avg.: 11.5Hz)       6.5k events processed  (6.5k events read)  16.0Hz  (avg.: 11.5Hz)       6.5k events processed  (6.5k events read)  14.0Hz  (avg.: 11.5Hz)       6.5k events processed  (6.5k events read)  12.0Hz  (avg.: 11.5Hz)       6.5k events processed  (6.5k events read)  14.0Hz  (avg.: 11.5Hz)       6.5k events processed  (6.5k events read)  12.0Hz  (avg.: 11.5Hz)       6.5k events processed  (6.5k events read)  12.0Hz  (avg.: 11.5Hz)       6.5k events processed  (6.5k events read)  16.0Hz  (avg.: 11.6Hz)       6.5k events processed  (6.5k events read)  12.0Hz  (avg.: 11.6Hz)       6.5k events processed  (6.5k events read)  16.0Hz  (avg.: 11.6Hz)       6.5k events processed  (6.5k events read)  10.0Hz  (avg.: 11.6Hz)       6.5k events processed  (6.5k events read)  12.0Hz  (avg.: 11.6Hz)       6.5k events processed  (6.5k events read)  10.0Hz  (avg.: 11.6Hz)       6.5k events processed  (6.5k events read)  8.0Hz  (avg.: 11.6Hz)       6.5k events processed  (6.5k events read)  14.0Hz  (avg.: 11.6Hz)       6.5k events processed  (6.6k events read)  16.0Hz  (avg.: 11.6Hz)       6.5k events processed  (6.6k events read)  6.0Hz  (avg.: 11.6Hz)       6.6k events processed  (6.6k events read)  16.0Hz  (avg.: 11.6Hz)       6.6k events processed  (6.6k events read)  10.0Hz  (avg.: 11.6Hz)       6.6k events processed  (6.6k events read)  10.0Hz  (avg.: 11.6Hz)       6.6k events processed  (6.6k events read)  6.0Hz  (avg.: 11.5Hz)       6.6k events processed  (6.6k events read)  14.0Hz  (avg.: 11.5Hz)       6.6k events processed  (6.6k events read)  12.0Hz  (avg.: 11.6Hz)       6.6k events processed  (6.6k events read)  12.0Hz  (avg.: 11.6Hz)       6.6k events processed  (6.6k events read)  8.0Hz  (avg.: 11.5Hz)       6.6k events processed  (6.6k events read)  14.0Hz  (avg.: 11.5Hz)       6.6k events processed  (6.6k events read)  10.0Hz  (avg.: 11.5Hz)       6.6k events processed  (6.6k events read)  12.0Hz  (avg.: 11.5Hz)       6.6k events processed  (6.6k events read)  10.0Hz  (avg.: 11.5Hz)       6.6k events processed  (6.6k events read)  12.0Hz  (avg.: 11.5Hz)       6.6k events processed  (6.6k events read)  4.0Hz  (avg.: 11.5Hz)       6.6k events processed  (6.6k events read)  16.0Hz  (avg.: 11.5Hz)       6.6k events processed  (6.6k events read)  12.0Hz  (avg.: 11.5Hz)       6.6k events processed  (6.7k events read)  16.0Hz  (avg.: 11.5Hz)       6.6k events processed  (6.7k events read)  8.0Hz  (avg.: 11.5Hz)       6.7k events processed  (6.7k events read)  14.0Hz  (avg.: 11.5Hz)       6.7k events processed  (6.7k events read)  8.0Hz  (avg.: 11.5Hz)       6.7k events processed  (6.7k events read)  16.0Hz  (avg.: 11.5Hz)       6.7k events processed  (6.7k events read)  10.0Hz  (avg.: 11.5Hz)       6.7k events processed  (6.7k events read)  10.0Hz  (avg.: 11.5Hz)       6.7k events processed  (6.7k events read)  14.0Hz  (avg.: 11.5Hz)       6.7k events processed  (6.7k events read)  12.0Hz  (avg.: 11.5Hz)       6.7k events processed  (6.7k events read)  12.0Hz  (avg.: 11.5Hz)       6.7k events processed  (6.7k events read)  8.0Hz  (avg.: 11.5Hz)       6.7k events processed  (6.7k events read)  12.0Hz  (avg.: 11.5Hz)       6.7k events processed  (6.7k events read)  8.0Hz  (avg.: 11.5Hz)       6.7k events processed  (6.7k events read)  16.0Hz  (avg.: 11.5Hz)       6.7k events processed  (6.7k events read)  14.0Hz  (avg.: 11.5Hz)       6.7k events processed  (6.7k events read)  12.0Hz  (avg.: 11.5Hz)       6.7k events processed  (6.7k events read)  18.0Hz  (avg.: 11.6Hz)       6.7k events processed  (6.8k events read)  16.0Hz  (avg.: 11.6Hz)       6.8k events processed  (6.8k events read)  12.0Hz  (avg.: 11.6Hz)       6.8k events processed  (6.8k events read)  8.0Hz  (avg.: 11.6Hz)       6.8k events processed  (6.8k events read)  12.0Hz  (avg.: 11.6Hz)       6.8k events processed  (6.8k events read)  8.0Hz  (avg.: 11.6Hz)       6.8k events processed  (6.8k events read)  14.0Hz  (avg.: 11.6Hz)       6.8k events processed  (6.8k events read)  16.0Hz  (avg.: 11.6Hz)       6.8k events processed  (6.8k events read)  14.0Hz  (avg.: 11.6Hz)       6.8k events processed  (6.8k events read)  8.0Hz  (avg.: 11.6Hz)       6.8k events processed  (6.8k events read)  14.0Hz  (avg.: 11.6Hz)       6.8k events processed  (6.8k events read)  8.0Hz  (avg.: 11.6Hz)       6.8k events processed  (6.8k events read)  10.0Hz  (avg.: 11.6Hz)       6.8k events processed  (6.8k events read)  12.0Hz  (avg.: 11.6Hz)       6.8k events processed  (6.8k events read)  12.0Hz  (avg.: 11.6Hz)       6.8k events processed  (6.8k events read)  12.0Hz  (avg.: 11.6Hz)       6.8k events processed  (6.8k events read)  8.0Hz  (avg.: 11.6Hz)       6.8k events processed  (6.8k events read)  10.0Hz  (avg.: 11.6Hz)       6.8k events processed  (6.8k events read)  6.0Hz  (avg.: 11.5Hz)       6.8k events processed  (6.9k events read)  18.0Hz  (avg.: 11.6Hz)       6.9k events processed  (6.9k events read)  14.0Hz  (avg.: 11.6Hz)       6.9k events processed  (6.9k events read)  8.0Hz  (avg.: 11.6Hz)       6.9k events processed  (6.9k events read)  10.0Hz  (avg.: 11.6Hz)       6.9k events processed  (6.9k events read)  10.0Hz  (avg.: 11.6Hz)       6.9k events processed  (6.9k events read)  10.0Hz  (avg.: 11.5Hz)       6.9k events processed  (6.9k events read)  8.0Hz  (avg.: 11.5Hz)       6.9k events processed  (6.9k events read)  14.0Hz  (avg.: 11.5Hz)       6.9k events processed  (6.9k events read)  12.0Hz  (avg.: 11.5Hz)       6.9k events processed  (6.9k events read)  16.0Hz  (avg.: 11.6Hz)       6.9k events processed  (6.9k events read)  12.0Hz  (avg.: 11.6Hz)       6.9k events processed  (6.9k events read)  10.0Hz  (avg.: 11.6Hz)       6.9k events processed  (6.9k events read)  12.0Hz  (avg.: 11.6Hz)       6.9k events processed  (6.9k events read)  12.0Hz  (avg.: 11.6Hz)       6.9k events processed  (6.9k events read)  10.0Hz  (avg.: 11.6Hz)       6.9k events processed  (6.9k events read)  12.0Hz  (avg.: 11.6Hz)       6.9k events processed  (6.9k events read)  8.0Hz  (avg.: 11.5Hz)       6.9k events processed  (7.0k events read)  14.0Hz  (avg.: 11.6Hz)       6.9k events processed  (7.0k events read)  12.0Hz  (avg.: 11.6Hz)       7.0k events processed  (7.0k events read)  12.0Hz  (avg.: 11.6Hz)       7.0k events processed  (7.0k events read)  12.0Hz  (avg.: 11.6Hz)       7.0k events processed  (7.0k events read)  10.0Hz  (avg.: 11.6Hz)       7.0k events processed  (7.0k events read)  6.0Hz  (avg.: 11.5Hz)       7.0k events processed  (7.0k events read)  12.0Hz  (avg.: 11.5Hz)       7.0k events processed  (7.0k events read)  8.0Hz  (avg.: 11.5Hz)       7.0k events processed  (7.0k events read)  10.0Hz  (avg.: 11.5Hz)       7.0k events processed  (7.0k events read)  10.0Hz  (avg.: 11.5Hz)       7.0k events processed  (7.0k events read)  12.0Hz  (avg.: 11.5Hz)       7.0k events processed  (7.0k events read)  10.0Hz  (avg.: 11.5Hz)       7.0k events processed  (7.0k events read)  14.0Hz  (avg.: 11.5Hz)       7.0k events processed  (7.0k events read)  8.0Hz  (avg.: 11.5Hz)       7.0k events processed  (7.0k events read)  10.0Hz  (avg.: 11.5Hz)       7.0k events processed  (7.0k events read)  12.0Hz  (avg.: 11.5Hz)       7.0k events processed  (7.0k events read)  12.0Hz  (avg.: 11.5Hz)       7.0k events processed  (7.0k events read)  10.0Hz  (avg.: 11.5Hz)       7.0k events processed  (7.1k events read)  14.0Hz  (avg.: 11.5Hz)       7.0k events processed  (7.1k events read)  14.0Hz  (avg.: 11.5Hz)       7.1k events processed  (7.1k events read)  8.0Hz  (avg.: 11.5Hz)       7.1k events processed  (7.1k events read)  8.0Hz  (avg.: 11.5Hz)       7.1k events processed  (7.1k events read)  10.0Hz  (avg.: 11.5Hz)       7.1k events processed  (7.1k events read)  12.0Hz  (avg.: 11.5Hz)       7.1k events processed  (7.1k events read)  12.0Hz  (avg.: 11.5Hz)       7.1k events processed  (7.1k events read)  10.0Hz  (avg.: 11.5Hz)       7.1k events processed  (7.1k events read)  10.0Hz  (avg.: 11.5Hz)       7.1k events processed  (7.1k events read)  12.0Hz  (avg.: 11.5Hz)       7.1k events processed  (7.1k events read)  4.0Hz  (avg.: 11.5Hz)       7.1k events processed  (7.1k events read)  14.0Hz  (avg.: 11.5Hz)       7.1k events processed  (7.1k events read)  10.0Hz  (avg.: 11.5Hz)       7.1k events processed  (7.1k events read)  14.0Hz  (avg.: 11.5Hz)       7.1k events processed  (7.1k events read)  12.0Hz  (avg.: 11.5Hz)       7.1k events processed  (7.1k events read)  14.0Hz  (avg.: 11.5Hz)       7.1k events processed  (7.1k events read)  12.0Hz  (avg.: 11.5Hz)       7.1k events processed  (7.1k events read)  10.0Hz  (avg.: 11.5Hz)       7.1k events processed  (7.2k events read)  12.0Hz  (avg.: 11.5Hz)       7.1k events processed  (7.2k events read)  12.0Hz  (avg.: 11.5Hz)       7.2k events processed  (7.2k events read)  14.0Hz  (avg.: 11.5Hz)       7.2k events processed  (7.2k events read)  10.0Hz  (avg.: 11.5Hz)       7.2k events processed  (7.2k events read)  8.0Hz  (avg.: 11.5Hz)       7.2k events processed  (7.2k events read)  10.0Hz  (avg.: 11.5Hz)       7.2k events processed  (7.2k events read)  14.0Hz  (avg.: 11.5Hz)       7.2k events processed  (7.2k events read)  12.0Hz  (avg.: 11.5Hz)       7.2k events processed  (7.2k events read)  10.0Hz  (avg.: 11.5Hz)       7.2k events processed  (7.2k events read)  16.0Hz  (avg.: 11.5Hz)       7.2k events processed  (7.2k events read)  10.0Hz  (avg.: 11.5Hz)       7.2k events processed  (7.2k events read)  6.0Hz  (avg.: 11.5Hz)       7.2k events processed  (7.2k events read)  18.0Hz  (avg.: 11.5Hz)       7.2k events processed  (7.2k events read)  10.0Hz  (avg.: 11.5Hz)       7.2k events processed  (7.2k events read)  14.0Hz  (avg.: 11.5Hz)       7.2k events processed  (7.2k events read)  12.0Hz  (avg.: 11.5Hz)       7.2k events processed  (7.2k events read)  14.0Hz  (avg.: 11.5Hz)       7.2k events processed  (7.2k events read)  10.0Hz  (avg.: 11.5Hz)       7.2k events processed  (7.3k events read)  12.0Hz  (avg.: 11.5Hz)       7.2k events processed  (7.3k events read)  6.0Hz  (avg.: 11.5Hz)       7.3k events processed  (7.3k events read)  10.0Hz  (avg.: 11.5Hz)       7.3k events processed  (7.3k events read)  10.0Hz  (avg.: 11.5Hz)       7.3k events processed  (7.3k events read)  10.0Hz  (avg.: 11.5Hz)       7.3k events processed  (7.3k events read)  10.0Hz  (avg.: 11.5Hz)       7.3k events processed  (7.3k events read)  14.0Hz  (avg.: 11.5Hz)       7.3k events processed  (7.3k events read)  14.0Hz  (avg.: 11.5Hz)       7.3k events processed  (7.3k events read)  4.0Hz  (avg.: 11.5Hz)       7.3k events processed  (7.3k events read)  12.0Hz  (avg.: 11.5Hz)       7.3k events processed  (7.3k events read)  12.0Hz  (avg.: 11.5Hz)       7.3k events processed  (7.3k events read)  10.0Hz  (avg.: 11.5Hz)       7.3k events processed  (7.3k events read)  12.0Hz  (avg.: 11.5Hz)       7.3k events processed  (7.3k events read)  10.0Hz  (avg.: 11.5Hz)       7.3k events processed  (7.3k events read)  12.0Hz  (avg.: 11.5Hz)       7.3k events processed  (7.3k events read)  6.0Hz  (avg.: 11.5Hz)       7.3k events processed  (7.3k events read)  18.0Hz  (avg.: 11.5Hz)       7.3k events processed  (7.3k events read)  12.0Hz  (avg.: 11.5Hz)       7.3k events processed  (7.4k events read)  18.0Hz  (avg.: 11.5Hz)       7.4k events processed  (7.4k events read)  10.0Hz  (avg.: 11.5Hz)       7.4k events processed  (7.4k events read)  12.0Hz  (avg.: 11.5Hz)       7.4k events processed  (7.4k events read)  16.0Hz  (avg.: 11.5Hz)       7.4k events processed  (7.4k events read)  8.0Hz  (avg.: 11.5Hz)       7.4k events processed  (7.4k events read)  12.0Hz  (avg.: 11.5Hz)       7.4k events processed  (7.4k events read)  10.0Hz  (avg.: 11.5Hz)       7.4k events processed  (7.4k events read)  14.0Hz  (avg.: 11.5Hz)       7.4k events processed  (7.4k events read)  14.0Hz  (avg.: 11.5Hz)       7.4k events processed  (7.4k events read)  12.0Hz  (avg.: 11.5Hz)       7.4k events processed  (7.4k events read)  14.0Hz  (avg.: 11.5Hz)       7.4k events processed  (7.4k events read)  12.0Hz  (avg.: 11.5Hz)       7.4k events processed  (7.4k events read)  14.0Hz  (avg.: 11.5Hz)       7.4k events processed  (7.4k events read)  10.0Hz  (avg.: 11.5Hz)       7.4k events processed  (7.4k events read)  14.0Hz  (avg.: 11.5Hz)       7.4k events processed  (7.4k events read)  4.0Hz  (avg.: 11.5Hz)       7.4k events processed  (7.5k events read)  14.0Hz  (avg.: 11.5Hz)       7.4k events processed  (7.5k events read)  10.0Hz  (avg.: 11.5Hz)       7.4k events processed  (7.5k events read)  8.0Hz  (avg.: 11.5Hz)       7.5k events processed  (7.5k events read)  14.0Hz  (avg.: 11.5Hz)       7.5k events processed  (7.5k events read)  6.0Hz  (avg.: 11.5Hz)       7.5k events processed  (7.5k events read)  8.0Hz  (avg.: 11.5Hz)       7.5k events processed  (7.5k events read)  16.0Hz  (avg.: 11.5Hz)       7.5k events processed  (7.5k events read)  14.0Hz  (avg.: 11.5Hz)       7.5k events processed  (7.5k events read)  6.0Hz  (avg.: 11.5Hz)       7.5k events processed  (7.5k events read)  8.0Hz  (avg.: 11.5Hz)       7.5k events processed  (7.5k events read)  10.0Hz  (avg.: 11.5Hz)       7.5k events processed  (7.5k events read)  10.0Hz  (avg.: 11.5Hz)       7.5k events processed  (7.5k events read)  12.0Hz  (avg.: 11.5Hz)       7.5k events processed  (7.5k events read)  14.0Hz  (avg.: 11.5Hz)       7.5k events processed  (7.5k events read)  14.0Hz  (avg.: 11.5Hz)       7.5k events processed  (7.5k events read)  8.0Hz  (avg.: 11.5Hz)       7.5k events processed  (7.5k events read)  18.0Hz  (avg.: 11.5Hz)       7.5k events processed  (7.5k events read)  10.0Hz  (avg.: 11.5Hz)       7.5k events processed  (7.5k events read)  10.0Hz  (avg.: 11.5Hz)       7.5k events processed  (7.6k events read)  12.0Hz  (avg.: 11.5Hz)       7.6k events processed  (7.6k events read)  12.0Hz  (avg.: 11.5Hz)       7.6k events processed  (7.6k events read)  14.0Hz  (avg.: 11.5Hz)       7.6k events processed  (7.6k events read)  6.0Hz  (avg.: 11.5Hz)       7.6k events processed  (7.6k events read)  16.0Hz  (avg.: 11.5Hz)       7.6k events processed  (7.6k events read)  12.0Hz  (avg.: 11.5Hz)       7.6k events processed  (7.6k events read)  10.0Hz  (avg.: 11.5Hz)       7.6k events processed  (7.6k events read)  8.0Hz  (avg.: 11.5Hz)       7.6k events processed  (7.6k events read)  10.0Hz  (avg.: 11.5Hz)       7.6k events processed  (7.6k events read)  12.0Hz  (avg.: 11.5Hz)       7.6k events processed  (7.6k events read)  6.0Hz  (avg.: 11.5Hz)       7.6k events processed  (7.6k events read)  16.0Hz  (avg.: 11.5Hz)       7.6k events processed  (7.6k events read)  12.0Hz  (avg.: 11.5Hz)       7.6k events processed  (7.6k events read)  14.0Hz  (avg.: 11.5Hz)       7.6k events processed  (7.6k events read)  12.0Hz  (avg.: 11.5Hz)       7.6k events processed  (7.6k events read)  12.0Hz  (avg.: 11.5Hz)       7.6k events processed  (7.6k events read)  16.0Hz  (avg.: 11.5Hz)       7.6k events processed  (7.7k events read)  10.0Hz  (avg.: 11.5Hz)       7.6k events processed  (7.7k events read)  10.0Hz  (avg.: 11.5Hz)       7.7k events processed  (7.7k events read)  10.0Hz  (avg.: 11.5Hz)       7.7k events processed  (7.7k events read)  10.0Hz  (avg.: 11.5Hz)       7.7k events processed  (7.7k events read)  12.0Hz  (avg.: 11.5Hz)       7.7k events processed  (7.7k events read)  14.0Hz  (avg.: 11.5Hz)       7.7k events processed  (7.7k events read)  10.0Hz  (avg.: 11.5Hz)       7.7k events processed  (7.7k events read)  8.0Hz  (avg.: 11.5Hz)       7.7k events processed  (7.7k events read)  12.0Hz  (avg.: 11.5Hz)       7.7k events processed  (7.7k events read)  10.0Hz  (avg.: 11.5Hz)       7.7k events processed  (7.7k events read)  12.0Hz  (avg.: 11.5Hz)       7.7k events processed  (7.7k events read)  14.0Hz  (avg.: 11.5Hz)       7.7k events processed  (7.7k events read)  6.0Hz  (avg.: 11.5Hz)       7.7k events processed  (7.7k events read)  10.0Hz  (avg.: 11.5Hz)       7.7k events processed  (7.7k events read)  14.0Hz  (avg.: 11.5Hz)       7.7k events processed  (7.7k events read)  16.0Hz  (avg.: 11.5Hz)       7.7k events processed  (7.7k events read)  12.0Hz  (avg.: 11.5Hz)       7.7k events processed  (7.7k events read)  8.0Hz  (avg.: 11.5Hz)       7.7k events processed  (7.8k events read)  8.0Hz  (avg.: 11.5Hz)       7.7k events processed  (7.8k events read)  14.0Hz  (avg.: 11.5Hz)       7.8k events processed  (7.8k events read)  12.0Hz  (avg.: 11.5Hz)       7.8k events processed  (7.8k events read)  14.0Hz  (avg.: 11.5Hz)       7.8k events processed  (7.8k events read)  6.0Hz  (avg.: 11.5Hz)       7.8k events processed  (7.8k events read)  6.0Hz  (avg.: 11.5Hz)       7.8k events processed  (7.8k events read)  14.0Hz  (avg.: 11.5Hz)       7.8k events processed  (7.8k events read)  14.0Hz  (avg.: 11.5Hz)       7.8k events processed  (7.8k events read)  14.0Hz  (avg.: 11.5Hz)       7.8k events processed  (7.8k events read)  12.0Hz  (avg.: 11.5Hz)       7.8k events processed  (7.8k events read)  8.0Hz  (avg.: 11.5Hz)       7.8k events processed  (7.8k events read)  14.0Hz  (avg.: 11.5Hz)       7.8k events processed  (7.8k events read)  10.0Hz  (avg.: 11.5Hz)       7.8k events processed  (7.8k events read)  18.0Hz  (avg.: 11.5Hz)       7.8k events processed  (7.8k events read)  6.0Hz  (avg.: 11.5Hz)       7.8k events processed  (7.8k events read)  14.0Hz  (avg.: 11.5Hz)       7.8k events processed  (7.8k events read)  14.0Hz  (avg.: 11.5Hz)       7.8k events processed  (7.8k events read)  4.0Hz  (avg.: 11.5Hz)       7.8k events processed  (7.9k events read)  12.0Hz  (avg.: 11.5Hz)       7.9k events processed  (7.9k events read)  14.0Hz  (avg.: 11.5Hz)       7.9k events processed  (7.9k events read)  12.0Hz  (avg.: 11.5Hz)       7.9k events processed  (7.9k events read)  14.0Hz  (avg.: 11.5Hz)       7.9k events processed  (7.9k events read)  6.0Hz  (avg.: 11.5Hz)       7.9k events processed  (7.9k events read)  14.0Hz  (avg.: 11.5Hz)       7.9k events processed  (7.9k events read)  12.0Hz  (avg.: 11.5Hz)       7.9k events processed  (7.9k events read)  14.0Hz  (avg.: 11.5Hz)       7.9k events processed  (7.9k events read)  8.0Hz  (avg.: 11.5Hz)       7.9k events processed  (7.9k events read)  12.0Hz  (avg.: 11.5Hz)       7.9k events processed  (7.9k events read)  18.0Hz  (avg.: 11.5Hz)       7.9k events processed  (7.9k events read)  8.0Hz  (avg.: 11.5Hz)       7.9k events processed  (7.9k events read)  12.0Hz  (avg.: 11.5Hz)       7.9k events processed  (7.9k events read)  14.0Hz  (avg.: 11.5Hz)       7.9k events processed  (7.9k events read)  12.0Hz  (avg.: 11.5Hz)       7.9k events processed  (7.9k events read)  16.0Hz  (avg.: 11.5Hz)       7.9k events processed  (8.0k events read)  10.0Hz  (avg.: 11.5Hz)       7.9k events processed  (8.0k events read)  10.0Hz  (avg.: 11.5Hz)       8.0k events processed  (8.0k events read)  14.0Hz  (avg.: 11.5Hz)       8.0k events processed  (8.0k events read)  10.0Hz  (avg.: 11.5Hz)       8.0k events processed  (8.0k events read)  14.0Hz  (avg.: 11.5Hz)       8.0k events processed  (8.0k events read)  14.0Hz  (avg.: 11.5Hz)       8.0k events processed  (8.0k events read)  14.0Hz  (avg.: 11.5Hz)       8.0k events processed  (8.0k events read)  14.0Hz  (avg.: 11.5Hz)       8.0k events processed  (8.0k events read)  10.0Hz  (avg.: 11.5Hz)       8.0k events processed  (8.0k events read)  12.0Hz  (avg.: 11.5Hz)       8.0k events processed  (8.0k events read)  18.0Hz  (avg.: 11.5Hz)       8.0k events processed  (8.0k events read)  12.0Hz  (avg.: 11.5Hz)       8.0k events processed  (8.0k events read)  12.0Hz  (avg.: 11.5Hz)       8.0k events processed  (8.0k events read)  8.0Hz  (avg.: 11.5Hz)       8.0k events processed  (8.0k events read)  14.0Hz  (avg.: 11.5Hz)       8.0k events processed  (8.0k events read)  10.0Hz  (avg.: 11.5Hz)       8.0k events processed  (8.1k events read)  14.0Hz  (avg.: 11.5Hz)       8.1k events processed  (8.1k events read)  14.0Hz  (avg.: 11.5Hz)       8.1k events processed  (8.1k events read)  10.0Hz  (avg.: 11.5Hz)       8.1k events processed  (8.1k events read)  10.0Hz  (avg.: 11.5Hz)       8.1k events processed  (8.1k events read)  14.0Hz  (avg.: 11.5Hz)       8.1k events processed  (8.1k events read)  8.0Hz  (avg.: 11.5Hz)       8.1k events processed  (8.1k events read)  14.0Hz  (avg.: 11.5Hz)       8.1k events processed  (8.1k events read)  12.0Hz  (avg.: 11.5Hz)       8.1k events processed  (8.1k events read)  12.0Hz  (avg.: 11.5Hz)       8.1k events processed  (8.1k events read)  14.0Hz  (avg.: 11.5Hz)       8.1k events processed  (8.1k events read)  16.0Hz  (avg.: 11.5Hz)       8.1k events processed  (8.1k events read)  10.0Hz  (avg.: 11.5Hz)       8.1k events processed  (8.1k events read)  16.0Hz  (avg.: 11.5Hz)       8.1k events processed  (8.1k events read)  10.0Hz  (avg.: 11.5Hz)       8.1k events processed  (8.1k events read)  10.0Hz  (avg.: 11.5Hz)       8.1k events processed  (8.1k events read)  12.0Hz  (avg.: 11.5Hz)       8.1k events processed  (8.1k events read)  12.0Hz  (avg.: 11.5Hz)       8.1k events processed  (8.2k events read)  10.0Hz  (avg.: 11.5Hz)       8.2k events processed  (8.2k events read)  12.0Hz  (avg.: 11.5Hz)       8.2k events processed  (8.2k events read)  8.0Hz  (avg.: 11.5Hz)       8.2k events processed  (8.2k events read)  14.0Hz  (avg.: 11.5Hz)       8.2k events processed  (8.2k events read)  10.0Hz  (avg.: 11.5Hz)       8.2k events processed  (8.2k events read)  14.0Hz  (avg.: 11.5Hz)       8.2k events processed  (8.2k events read)  14.0Hz  (avg.: 11.5Hz)       8.2k events processed  (8.2k events read)  10.0Hz  (avg.: 11.5Hz)       8.2k events processed  (8.2k events read)  10.0Hz  (avg.: 11.5Hz)       8.2k events processed  (8.2k events read)  10.0Hz  (avg.: 11.5Hz)       8.2k events processed  (8.2k events read)  12.0Hz  (avg.: 11.5Hz)       8.2k events processed  (8.2k events read)  12.0Hz  (avg.: 11.5Hz)       8.2k events processed  (8.2k events read)  12.0Hz  (avg.: 11.5Hz)       8.2k events processed  (8.2k events read)  10.0Hz  (avg.: 11.5Hz)       8.2k events processed  (8.2k events read)  12.0Hz  (avg.: 11.5Hz)       8.2k events processed  (8.2k events read)  6.0Hz  (avg.: 11.5Hz)       8.2k events processed  (8.2k events read)  14.0Hz  (avg.: 11.5Hz)       8.2k events processed  (8.2k events read)  10.0Hz  (avg.: 11.5Hz)       8.2k events processed  (8.3k events read)  12.0Hz  (avg.: 11.5Hz)       8.3k events processed  (8.3k events read)  10.0Hz  (avg.: 11.5Hz)       8.3k events processed  (8.3k events read)  14.0Hz  (avg.: 11.5Hz)       8.3k events processed  (8.3k events read)  14.0Hz  (avg.: 11.5Hz)       8.3k events processed  (8.3k events read)  8.0Hz  (avg.: 11.5Hz)       8.3k events processed  (8.3k events read)  10.0Hz  (avg.: 11.5Hz)       8.3k events processed  (8.3k events read)  12.0Hz  (avg.: 11.5Hz)       8.3k events processed  (8.3k events read)  8.0Hz  (avg.: 11.5Hz)       8.3k events processed  (8.3k events read)  14.0Hz  (avg.: 11.5Hz)       8.3k events processed  (8.3k events read)  16.0Hz  (avg.: 11.5Hz)       8.3k events processed  (8.3k events read)  8.0Hz  (avg.: 11.5Hz)       8.3k events processed  (8.3k events read)  14.0Hz  (avg.: 11.5Hz)       8.3k events processed  (8.3k events read)  12.0Hz  (avg.: 11.5Hz)       8.3k events processed  (8.3k events read)  12.0Hz  (avg.: 11.5Hz)       8.3k events processed  (8.3k events read)  10.0Hz  (avg.: 11.5Hz)       8.3k events processed  (8.3k events read)  6.0Hz  (avg.: 11.5Hz)       8.3k events processed  (8.3k events read)  12.0Hz  (avg.: 11.5Hz)       8.3k events processed  (8.4k events read)  10.0Hz  (avg.: 11.5Hz)       8.3k events processed  (8.4k events read)  10.0Hz  (avg.: 11.5Hz)       8.4k events processed  (8.4k events read)  14.0Hz  (avg.: 11.5Hz)       8.4k events processed  (8.4k events read)  10.0Hz  (avg.: 11.5Hz)       8.4k events processed  (8.4k events read)  12.0Hz  (avg.: 11.5Hz)       8.4k events processed  (8.4k events read)  10.0Hz  (avg.: 11.5Hz)       8.4k events processed  (8.4k events read)  16.0Hz  (avg.: 11.5Hz)       8.4k events processed  (8.4k events read)  16.0Hz  (avg.: 11.5Hz)       8.4k events processed  (8.4k events read)  8.0Hz  (avg.: 11.5Hz)       8.4k events processed  (8.4k events read)  10.0Hz  (avg.: 11.5Hz)       8.4k events processed  (8.4k events read)  14.0Hz  (avg.: 11.5Hz)       8.4k events processed  (8.4k events read)  12.0Hz  (avg.: 11.5Hz)       8.4k events processed  (8.4k events read)  12.0Hz  (avg.: 11.5Hz)       8.4k events processed  (8.4k events read)  14.0Hz  (avg.: 11.5Hz)       8.4k events processed  (8.4k events read)  6.0Hz  (avg.: 11.5Hz)       8.4k events processed  (8.4k events read)  14.0Hz  (avg.: 11.5Hz)       8.4k events processed  (8.4k events read)  10.0Hz  (avg.: 11.5Hz)       8.4k events processed  (8.5k events read)  14.0Hz  (avg.: 11.5Hz)       8.4k events processed  (8.5k events read)  12.0Hz  (avg.: 11.5Hz)       8.5k events processed  (8.5k events read)  8.0Hz  (avg.: 11.5Hz)       8.5k events processed  (8.5k events read)  8.0Hz  (avg.: 11.5Hz)       8.5k events processed  (8.5k events read)  14.0Hz  (avg.: 11.5Hz)       8.5k events processed  (8.5k events read)  14.0Hz  (avg.: 11.5Hz)       8.5k events processed  (8.5k events read)  8.0Hz  (avg.: 11.5Hz)       8.5k events processed  (8.5k events read)  12.0Hz  (avg.: 11.5Hz)       8.5k events processed  (8.5k events read)  12.0Hz  (avg.: 11.5Hz)       8.5k events processed  (8.5k events read)  10.0Hz  (avg.: 11.5Hz)       8.5k events processed  (8.5k events read)  12.0Hz  (avg.: 11.5Hz)       8.5k events processed  (8.5k events read)  14.0Hz  (avg.: 11.5Hz)       8.5k events processed  (8.5k events read)  12.0Hz  (avg.: 11.5Hz)       8.5k events processed  (8.5k events read)  12.0Hz  (avg.: 11.5Hz)       8.5k events processed  (8.5k events read)  8.0Hz  (avg.: 11.5Hz)       8.5k events processed  (8.5k events read)  14.0Hz  (avg.: 11.5Hz)       8.5k events processed  (8.5k events read)  12.0Hz  (avg.: 11.5Hz)       8.5k events processed  (8.5k events read)  10.0Hz  (avg.: 11.5Hz)       8.5k events processed  (8.6k events read)  14.0Hz  (avg.: 11.5Hz)       8.6k events processed  (8.6k events read)  12.0Hz  (avg.: 11.5Hz)       8.6k events processed  (8.6k events read)  10.0Hz  (avg.: 11.5Hz)       8.6k events processed  (8.6k events read)  18.0Hz  (avg.: 11.5Hz)       8.6k events processed  (8.6k events read)  16.0Hz  (avg.: 11.5Hz)       8.6k events processed  (8.6k events read)  10.0Hz  (avg.: 11.5Hz)       8.6k events processed  (8.6k events read)  10.0Hz  (avg.: 11.5Hz)       8.6k events processed  (8.6k events read)  14.0Hz  (avg.: 11.5Hz)       8.6k events processed  (8.6k events read)  10.0Hz  (avg.: 11.5Hz)       8.6k events processed  (8.6k events read)  10.0Hz  (avg.: 11.5Hz)       8.6k events processed  (8.6k events read)  18.0Hz  (avg.: 11.5Hz)       8.6k events processed  (8.6k events read)  6.0Hz  (avg.: 11.5Hz)       8.6k events processed  (8.6k events read)  12.0Hz  (avg.: 11.5Hz)       8.6k events processed  (8.6k events read)  8.0Hz  (avg.: 11.5Hz)       8.6k events processed  (8.6k events read)  12.0Hz  (avg.: 11.5Hz)       8.6k events processed  (8.6k events read)  10.0Hz  (avg.: 11.5Hz)       8.6k events processed  (8.6k events read)  14.0Hz  (avg.: 11.5Hz)       8.6k events processed  (8.7k events read)  14.0Hz  (avg.: 11.5Hz)       8.7k events processed  (8.7k events read)  10.0Hz  (avg.: 11.5Hz)       8.7k events processed  (8.7k events read)  10.0Hz  (avg.: 11.5Hz)       8.7k events processed  (8.7k events read)  18.0Hz  (avg.: 11.5Hz)       8.7k events processed  (8.7k events read)  4.0Hz  (avg.: 11.5Hz)       8.7k events processed  (8.7k events read)  14.0Hz  (avg.: 11.5Hz)       8.7k events processed  (8.7k events read)  14.0Hz  (avg.: 11.5Hz)       8.7k events processed  (8.7k events read)  10.0Hz  (avg.: 11.5Hz)       8.7k events processed  (8.7k events read)  14.0Hz  (avg.: 11.5Hz)       8.7k events processed  (8.7k events read)  16.0Hz  (avg.: 11.5Hz)       8.7k events processed  (8.7k events read)  12.0Hz  (avg.: 11.5Hz)       8.7k events processed  (8.7k events read)  14.0Hz  (avg.: 11.5Hz)       8.7k events processed  (8.7k events read)  16.0Hz  (avg.: 11.6Hz)       8.7k events processed  (8.7k events read)  6.0Hz  (avg.: 11.5Hz)       8.7k events processed  (8.7k events read)  8.0Hz  (avg.: 11.5Hz)       8.7k events processed  (8.7k events read)  12.0Hz  (avg.: 11.5Hz)       8.7k events processed  (8.8k events read)  8.0Hz  (avg.: 11.5Hz)       8.7k events processed  (8.8k events read)  8.0Hz  (avg.: 11.5Hz)       8.7k events processed  (8.8k events read)  4.0Hz  (avg.: 11.5Hz)       8.8k events processed  (8.8k events read)  12.0Hz  (avg.: 11.5Hz)       8.8k events processed  (8.8k events read)  16.0Hz  (avg.: 11.5Hz)       8.8k events processed  (8.8k events read)  8.0Hz  (avg.: 11.5Hz)       8.8k events processed  (8.8k events read)  6.0Hz  (avg.: 11.5Hz)       8.8k events processed  (8.8k events read)  14.0Hz  (avg.: 11.5Hz)       8.8k events processed  (8.8k events read)  14.0Hz  (avg.: 11.5Hz)       8.8k events processed  (8.8k events read)  12.0Hz  (avg.: 11.5Hz)       8.8k events processed  (8.8k events read)  10.0Hz  (avg.: 11.5Hz)       8.8k events processed  (8.8k events read)  8.0Hz  (avg.: 11.5Hz)       8.8k events processed  (8.8k events read)  14.0Hz  (avg.: 11.5Hz)       8.8k events processed  (8.8k events read)  12.0Hz  (avg.: 11.5Hz)       8.8k events processed  (8.8k events read)  18.0Hz  (avg.: 11.5Hz)       8.8k events processed  (8.8k events read)  8.0Hz  (avg.: 11.5Hz)       8.8k events processed  (8.8k events read)  10.0Hz  (avg.: 11.5Hz)       8.8k events processed  (8.8k events read)  10.0Hz  (avg.: 11.5Hz)       8.8k events processed  (8.8k events read)  14.0Hz  (avg.: 11.5Hz)       8.8k events processed  (8.9k events read)  12.0Hz  (avg.: 11.5Hz)       8.8k events processed  (8.9k events read)  6.0Hz  (avg.: 11.5Hz)       8.9k events processed  (8.9k events read)  16.0Hz  (avg.: 11.5Hz)       8.9k events processed  (8.9k events read)  14.0Hz  (avg.: 11.5Hz)       8.9k events processed  (8.9k events read)  10.0Hz  (avg.: 11.5Hz)       8.9k events processed  (8.9k events read)  10.0Hz  (avg.: 11.5Hz)       8.9k events processed  (8.9k events read)  12.0Hz  (avg.: 11.5Hz)       8.9k events processed  (8.9k events read)  16.0Hz  (avg.: 11.5Hz)       8.9k events processed  (8.9k events read)  6.0Hz  (avg.: 11.5Hz)       8.9k events processed  (8.9k events read)  14.0Hz  (avg.: 11.5Hz)       8.9k events processed  (8.9k events read)  12.0Hz  (avg.: 11.5Hz)       8.9k events processed  (8.9k events read)  10.0Hz  (avg.: 11.5Hz)       8.9k events processed  (8.9k events read)  6.0Hz  (avg.: 11.5Hz)       8.9k events processed  (8.9k events read)  18.0Hz  (avg.: 11.5Hz)       8.9k events processed  (8.9k events read)  12.0Hz  (avg.: 11.5Hz)       8.9k events processed  (8.9k events read)  6.0Hz  (avg.: 11.5Hz)       8.9k events processed  (8.9k events read)  12.0Hz  (avg.: 11.5Hz)       8.9k events processed  (9.0k events read)  18.0Hz  (avg.: 11.5Hz)       8.9k events processed  (9.0k events read)  10.0Hz  (avg.: 11.5Hz)       9.0k events processed  (9.0k events read)  12.0Hz  (avg.: 11.5Hz)       9.0k events processed  (9.0k events read)  12.0Hz  (avg.: 11.5Hz)       9.0k events processed  (9.0k events read)  8.0Hz  (avg.: 11.5Hz)       9.0k events processed  (9.0k events read)  12.0Hz  (avg.: 11.5Hz)       9.0k events processed  (9.0k events read)  6.0Hz  (avg.: 11.5Hz)       9.0k events processed  (9.0k events read)  12.0Hz  (avg.: 11.5Hz)       9.0k events processed  (9.0k events read)  16.0Hz  (avg.: 11.5Hz)       9.0k events processed  (9.0k events read)  12.0Hz  (avg.: 11.5Hz)       9.0k events processed  (9.0k events read)  8.0Hz  (avg.: 11.5Hz)       9.0k events processed  (9.0k events read)  12.0Hz  (avg.: 11.5Hz)       9.0k events processed  (9.0k events read)  10.0Hz  (avg.: 11.5Hz)       9.0k events processed  (9.0k events read)  10.0Hz  (avg.: 11.5Hz)       9.0k events processed  (9.0k events read)  6.0Hz  (avg.: 11.5Hz)       9.0k events processed  (9.0k events read)  10.0Hz  (avg.: 11.5Hz)       9.0k events processed  (9.0k events read)  12.0Hz  (avg.: 11.5Hz)       9.0k events processed  (9.0k events read)  10.0Hz  (avg.: 11.5Hz)       9.0k events processed  (9.0k events read)  10.0Hz  (avg.: 11.5Hz)       9.0k events processed  (9.1k events read)  12.0Hz  (avg.: 11.5Hz)       9.1k events processed  (9.1k events read)  12.0Hz  (avg.: 11.5Hz)       9.1k events processed  (9.1k events read)  12.0Hz  (avg.: 11.5Hz)       9.1k events processed  (9.1k events read)  4.0Hz  (avg.: 11.5Hz)       9.1k events processed  (9.1k events read)  14.0Hz  (avg.: 11.5Hz)       9.1k events processed  (9.1k events read)  8.0Hz  (avg.: 11.5Hz)       9.1k events processed  (9.1k events read)  12.0Hz  (avg.: 11.5Hz)       9.1k events processed  (9.1k events read)  14.0Hz  (avg.: 11.5Hz)       9.1k events processed  (9.1k events read)  14.0Hz  (avg.: 11.5Hz)       9.1k events processed  (9.1k events read)  14.0Hz  (avg.: 11.5Hz)       9.1k events processed  (9.1k events read)  8.0Hz  (avg.: 11.5Hz)       9.1k events processed  (9.1k events read)  10.0Hz  (avg.: 11.5Hz)       9.1k events processed  (9.1k events read)  12.0Hz  (avg.: 11.5Hz)       9.1k events processed  (9.1k events read)  6.0Hz  (avg.: 11.5Hz)       9.1k events processed  (9.1k events read)  10.0Hz  (avg.: 11.5Hz)       9.1k events processed  (9.1k events read)  10.0Hz  (avg.: 11.5Hz)       9.1k events processed  (9.1k events read)  12.0Hz  (avg.: 11.5Hz)       9.1k events processed  (9.1k events read)  12.0Hz  (avg.: 11.5Hz)       9.1k events processed  (9.2k events read)  16.0Hz  (avg.: 11.5Hz)       9.1k events processed  (9.2k events read)  8.0Hz  (avg.: 11.5Hz)       9.2k events processed  (9.2k events read)  8.0Hz  (avg.: 11.5Hz)       9.2k events processed  (9.2k events read)  12.0Hz  (avg.: 11.5Hz)       9.2k events processed  (9.2k events read)  16.0Hz  (avg.: 11.5Hz)       9.2k events processed  (9.2k events read)  10.0Hz  (avg.: 11.5Hz)       9.2k events processed  (9.2k events read)  10.0Hz  (avg.: 11.5Hz)       9.2k events processed  (9.2k events read)  14.0Hz  (avg.: 11.5Hz)       9.2k events processed  (9.2k events read)  14.0Hz  (avg.: 11.5Hz)       9.2k events processed  (9.2k events read)  10.0Hz  (avg.: 11.5Hz)       9.2k events processed  (9.2k events read)  14.0Hz  (avg.: 11.5Hz)       9.2k events processed  (9.2k events read)  10.0Hz  (avg.: 11.5Hz)       9.2k events processed  (9.2k events read)  12.0Hz  (avg.: 11.5Hz)       9.2k events processed  (9.2k events read)  14.0Hz  (avg.: 11.5Hz)       9.2k events processed  (9.2k events read)  14.0Hz  (avg.: 11.5Hz)       9.2k events processed  (9.2k events read)  14.0Hz  (avg.: 11.5Hz)       9.2k events processed  (9.2k events read)  12.0Hz  (avg.: 11.5Hz)       9.2k events processed  (9.3k events read)  12.0Hz  (avg.: 11.5Hz)       9.3k events processed  (9.3k events read)  10.0Hz  (avg.: 11.5Hz)       9.3k events processed  (9.3k events read)  8.0Hz  (avg.: 11.5Hz)       9.3k events processed  (9.3k events read)  16.0Hz  (avg.: 11.5Hz)       9.3k events processed  (9.3k events read)  12.0Hz  (avg.: 11.5Hz)       9.3k events processed  (9.3k events read)  10.0Hz  (avg.: 11.5Hz)       9.3k events processed  (9.3k events read)  14.0Hz  (avg.: 11.5Hz)       9.3k events processed  (9.3k events read)  10.0Hz  (avg.: 11.5Hz)       9.3k events processed  (9.3k events read)  6.0Hz  (avg.: 11.5Hz)       9.3k events processed  (9.3k events read)  12.0Hz  (avg.: 11.5Hz)       9.3k events processed  (9.3k events read)  16.0Hz  (avg.: 11.5Hz)       9.3k events processed  (9.3k events read)  8.0Hz  (avg.: 11.5Hz)       9.3k events processed  (9.3k events read)  14.0Hz  (avg.: 11.5Hz)       9.3k events processed  (9.3k events read)  12.0Hz  (avg.: 11.5Hz)       9.3k events processed  (9.3k events read)  10.0Hz  (avg.: 11.5Hz)       9.3k events processed  (9.3k events read)  2.0Hz  (avg.: 11.5Hz)       9.3k events processed  (9.3k events read)  16.0Hz  (avg.: 11.5Hz)       9.3k events processed  (9.3k events read)  10.0Hz  (avg.: 11.5Hz)       9.3k events processed  (9.4k events read)  10.0Hz  (avg.: 11.5Hz)       9.4k events processed  (9.4k events read)  12.0Hz  (avg.: 11.5Hz)       9.4k events processed  (9.4k events read)  10.0Hz  (avg.: 11.5Hz)       9.4k events processed  (9.4k events read)  18.0Hz  (avg.: 11.5Hz)       9.4k events processed  (9.4k events read)  10.0Hz  (avg.: 11.5Hz)       9.4k events processed  (9.4k events read)  10.0Hz  (avg.: 11.5Hz)       9.4k events processed  (9.4k events read)  14.0Hz  (avg.: 11.5Hz)       9.4k events processed  (9.4k events read)  10.0Hz  (avg.: 11.5Hz)       9.4k events processed  (9.4k events read)  16.0Hz  (avg.: 11.5Hz)       9.4k events processed  (9.4k events read)  12.0Hz  (avg.: 11.5Hz)       9.4k events processed  (9.4k events read)  8.0Hz  (avg.: 11.5Hz)       9.4k events processed  (9.4k events read)  16.0Hz  (avg.: 11.5Hz)       9.4k events processed  (9.4k events read)  14.0Hz  (avg.: 11.5Hz)       9.4k events processed  (9.4k events read)  10.0Hz  (avg.: 11.5Hz)       9.4k events processed  (9.4k events read)  12.0Hz  (avg.: 11.5Hz)       9.4k events processed  (9.4k events read)  14.0Hz  (avg.: 11.5Hz)       9.4k events processed  (9.5k events read)  12.0Hz  (avg.: 11.5Hz)       9.4k events processed  (9.5k events read)  14.0Hz  (avg.: 11.5Hz)       9.5k events processed  (9.5k events read)  14.0Hz  (avg.: 11.5Hz)       9.5k events processed  (9.5k events read)  12.0Hz  (avg.: 11.5Hz)       9.5k events processed  (9.5k events read)  10.0Hz  (avg.: 11.5Hz)       9.5k events processed  (9.5k events read)  10.0Hz  (avg.: 11.5Hz)       9.5k events processed  (9.5k events read)  10.0Hz  (avg.: 11.5Hz)       9.5k events processed  (9.5k events read)  10.0Hz  (avg.: 11.5Hz)       9.5k events processed  (9.5k events read)  10.0Hz  (avg.: 11.5Hz)       9.5k events processed  (9.5k events read)  10.0Hz  (avg.: 11.5Hz)       9.5k events processed  (9.5k events read)  14.0Hz  (avg.: 11.5Hz)       9.5k events processed  (9.5k events read)  8.0Hz  (avg.: 11.5Hz)       9.5k events processed  (9.5k events read)  12.0Hz  (avg.: 11.5Hz)       9.5k events processed  (9.5k events read)  14.0Hz  (avg.: 11.5Hz)       9.5k events processed  (9.5k events read)  12.0Hz  (avg.: 11.5Hz)       9.5k events processed  (9.5k events read)  10.0Hz  (avg.: 11.5Hz)       9.5k events processed  (9.5k events read)  14.0Hz  (avg.: 11.5Hz)       9.5k events processed  (9.6k events read)  10.0Hz  (avg.: 11.5Hz)       9.5k events processed  (9.6k events read)  10.0Hz  (avg.: 11.5Hz)       9.6k events processed  (9.6k events read)  14.0Hz  (avg.: 11.5Hz)       9.6k events processed  (9.6k events read)  10.0Hz  (avg.: 11.5Hz)       9.6k events processed  (9.6k events read)  14.0Hz  (avg.: 11.5Hz)       9.6k events processed  (9.6k events read)  8.0Hz  (avg.: 11.5Hz)       9.6k events processed  (9.6k events read)  16.0Hz  (avg.: 11.5Hz)       9.6k events processed  (9.6k events read)  10.0Hz  (avg.: 11.5Hz)       9.6k events processed  (9.6k events read)  16.0Hz  (avg.: 11.5Hz)       9.6k events processed  (9.6k events read)  10.0Hz  (avg.: 11.5Hz)       9.6k events processed  (9.6k events read)  14.0Hz  (avg.: 11.5Hz)       9.6k events processed  (9.6k events read)  12.0Hz  (avg.: 11.5Hz)       9.6k events processed  (9.6k events read)  12.0Hz  (avg.: 11.5Hz)       9.6k events processed  (9.6k events read)  12.0Hz  (avg.: 11.5Hz)       9.6k events processed  (9.6k events read)  14.0Hz  (avg.: 11.5Hz)       9.6k events processed  (9.6k events read)  12.0Hz  (avg.: 11.5Hz)       9.6k events processed  (9.6k events read)  8.0Hz  (avg.: 11.5Hz)       9.6k events processed  (9.6k events read)  8.0Hz  (avg.: 11.5Hz)       9.6k events processed  (9.7k events read)  12.0Hz  (avg.: 11.5Hz)       9.7k events processed  (9.7k events read)  12.0Hz  (avg.: 11.5Hz)       9.7k events processed  (9.7k events read)  14.0Hz  (avg.: 11.5Hz)       9.7k events processed  (9.7k events read)  10.0Hz  (avg.: 11.5Hz)       9.7k events processed  (9.7k events read)  14.0Hz  (avg.: 11.5Hz)       9.7k events processed  (9.7k events read)  14.0Hz  (avg.: 11.5Hz)       9.7k events processed  (9.7k events read)  14.0Hz  (avg.: 11.5Hz)       9.7k events processed  (9.7k events read)  6.0Hz  (avg.: 11.5Hz)       9.7k events processed  (9.7k events read)  18.0Hz  (avg.: 11.5Hz)       9.7k events processed  (9.7k events read)  8.0Hz  (avg.: 11.5Hz)       9.7k events processed  (9.7k events read)  10.0Hz  (avg.: 11.5Hz)       9.7k events processed  (9.7k events read)  14.0Hz  (avg.: 11.5Hz)       9.7k events processed  (9.7k events read)  10.0Hz  (avg.: 11.5Hz)       9.7k events processed  (9.7k events read)  12.0Hz  (avg.: 11.5Hz)       9.7k events processed  (9.7k events read)  14.0Hz  (avg.: 11.5Hz)       9.7k events processed  (9.7k events read)  16.0Hz  (avg.: 11.5Hz)       9.7k events processed  (9.8k events read)  14.0Hz  (avg.: 11.5Hz)       9.8k events processed  (9.8k events read)  14.0Hz  (avg.: 11.5Hz)       9.8k events processed  (9.8k events read)  14.0Hz  (avg.: 11.5Hz)       9.8k events processed  (9.8k events read)  16.0Hz  (avg.: 11.5Hz)       9.8k events processed  (9.8k events read)  10.0Hz  (avg.: 11.5Hz)       9.8k events processed  (9.8k events read)  20.0Hz  (avg.: 11.5Hz)       9.8k events processed  (9.8k events read)  12.0Hz  (avg.: 11.5Hz)       9.8k events processed  (9.8k events read)  14.0Hz  (avg.: 11.5Hz)       9.8k events processed  (9.8k events read)  12.0Hz  (avg.: 11.5Hz)       9.8k events processed  (9.8k events read)  8.0Hz  (avg.: 11.5Hz)       9.8k events processed  (9.8k events read)  12.0Hz  (avg.: 11.5Hz)       9.8k events processed  (9.8k events read)  10.0Hz  (avg.: 11.5Hz)       9.8k events processed  (9.8k events read)  10.0Hz  (avg.: 11.5Hz)       9.8k events processed  (9.8k events read)  8.0Hz  (avg.: 11.5Hz)       9.8k events processed  (9.8k events read)  14.0Hz  (avg.: 11.5Hz)       9.8k events processed  (9.8k events read)  8.0Hz  (avg.: 11.5Hz)       9.8k events processed  (9.9k events read)  12.0Hz  (avg.: 11.5Hz)       9.8k events processed  (9.9k events read)  4.0Hz  (avg.: 11.5Hz)       9.9k events processed  (9.9k events read)  16.0Hz  (avg.: 11.5Hz)       9.9k events processed  (9.9k events read)  12.0Hz  (avg.: 11.5Hz)       9.9k events processed  (9.9k events read)  10.0Hz  (avg.: 11.5Hz)       9.9k events processed  (9.9k events read)  12.0Hz  (avg.: 11.5Hz)       9.9k events processed  (9.9k events read)  10.0Hz  (avg.: 11.5Hz)       9.9k events processed  (9.9k events read)  12.0Hz  (avg.: 11.5Hz)       9.9k events processed  (9.9k events read)  10.0Hz  (avg.: 11.5Hz)       9.9k events processed  (9.9k events read)  12.0Hz  (avg.: 11.5Hz)       9.9k events processed  (9.9k events read)  10.0Hz  (avg.: 11.5Hz)       9.9k events processed  (9.9k events read)  10.0Hz  (avg.: 11.5Hz)       9.9k events processed  (9.9k events read)  14.0Hz  (avg.: 11.5Hz)       9.9k events processed  (9.9k events read)  14.0Hz  (avg.: 11.5Hz)       9.9k events processed  (9.9k events read)  10.0Hz  (avg.: 11.5Hz)       9.9k events processed  (9.9k events read)  14.0Hz  (avg.: 11.5Hz)       9.9k events processed  (9.9k events read)  6.0Hz  (avg.: 11.5Hz)       9.9k events processed  (9.9k events read)  14.0Hz  (avg.: 11.5Hz)       9.9k events processed  (10.0k events read)  14.0Hz  (avg.: 11.5Hz)       9.9k events processed  (10.0k events read)  10.0Hz  (avg.: 11.5Hz)       10.0k events processed  (10.0k events read)  14.0Hz  (avg.: 11.5Hz)       10.0k events processed  (10.0k events read)  10.0Hz  (avg.: 11.5Hz)       10.0k events processed  (10.0k events read)  12.0Hz  (avg.: 11.5Hz)       10.0k events processed  (10.0k events read)  14.0Hz  (avg.: 11.5Hz)       10.0k events processed  (10.0k events read)  10.0Hz  (avg.: 11.5Hz)       10.0k events processed  (10.0k events read)  10.0Hz  (avg.: 11.5Hz)       10.0k events processed  (10.0k events read)  16.0Hz  (avg.: 11.5Hz)       10.0k events processed  (10.0k events read)  12.0Hz  (avg.: 11.5Hz)     JANA >>
JANA >>No more event sources
JANA >>Thread 0x2b37cf3b8700 completed gracefully: Thu Jun 18 19:42:04 2020
JANA >>
JANA >>No more event sources
JANA >>Thread 0x2b37cfbbc700 completed gracefully: Thu Jun 18 19:42:04 2020
JANA >>
JANA >>No more event sources
JANA >>Thread 0x2b37cffbe700 completed gracefully: Thu Jun 18 19:42:04 2020
JANA >>
JANA >>No more event sources
JANA >>Thread 0x2b37cf9bb700 completed gracefully: Thu Jun 18 19:42:04 2020
  10.0k events processed  (10.0k events read)  2.0Hz  (avg.: 11.5Hz)     JANA >>Merging thread 0 (0x2b37cf3b8700) ...
JANA >>Merging thread 1 (0x2b37cfbbc700) ...
JANA >>Merging thread 2 (0x2b37cffbe700) ...
JANA >>Merging thread 3 (0x2b37cf9bb700) ...
JANA >>
JANA >>No more event sources
JANA >>Thread 0x2b37cfdbd700 completed gracefully: Thu Jun 18 19:42:04 2020
JANA >>
JANA >>No more event sources
JANA >>Thread 0x2b37cf5b9700 completed gracefully: Thu Jun 18 19:42:04 2020
JANA >>
JANA >>No more event sources
JANA >>Thread 0x2b37cf7ba700 completed gracefully: Thu Jun 18 19:42:05 2020
  10.0k events processed  (10.0k events read)  0.0Hz  (avg.: 11.5Hz)     JANA >>Merging thread 0 (0x2b37cfdbd700) ...
JANA >>Merging thread 1 (0x2b37cf5b9700) ...
JANA >>Merging thread 2 (0x2b37cf7ba700) ...
  10.0k events processed  (10.0k events read)  0.0Hz  (avg.: 11.5Hz)       10.0k events processed  (10.0k events read)  0.0Hz  (avg.: 11.5Hz)     JANA >>
JANA >>No more event sources
JANA >>Thread 0x2b37db471700 completed gracefully: Thu Jun 18 19:42:06 2020
JANA >>Merging thread 0 (0x2b37db471700) ...
Closed REST file dana_rest.hddm
JANA >>Merging event reader thread ...
JANA >> 10000 events processed  (10000 events read) Average rate: 11.5Hz

Closed ROOT file
JANA >>Closing shared object handle 0 ...
JANA >>Closing shared object handle 1 ...
JANA >>Closing shared object handle 2 ...
JANA >>Closing shared object handle 3 ...
Thu Jun 18 19:42:13 EDT 2020
Successfully completed
